YEAR,ORG_NAME,SOURCE,ENERGY_TYPE,SUB_SECTOR,GROUP_KEY,ISSUE_TYPE
2016,Abbotsford,BC Hydro,ELEC,MIXED,Abbotsford|BC Hydro|ELEC|MIXED,MISSING_YEAR
2017,Abbotsford,BC Hydro,ELEC,MIXED,Abbotsford|BC Hydro|ELEC|MIXED,MISSING_YEAR
2018,Abbotsford,BC Hydro,ELEC,MIXED,Abbotsford|BC Hydro|ELEC|MIXED,MISSING_YEAR
2019,Abbotsford,BC Hydro,ELEC,MIXED,Abbotsford|BC Hydro|ELEC|MIXED,MISSING_YEAR
2020,Abbotsford,BC Hydro,ELEC,MIXED,Abbotsford|BC Hydro|ELEC|MIXED,MISSING_YEAR
2007,Abbotsford,BC Hydro,ELEC,MIXED,Abbotsford|BC Hydro|ELEC|MIXED,MISSING_YEAR
2010,Abbotsford,BC Hydro,ELEC,MIXED,Abbotsford|BC Hydro|ELEC|MIXED,MISSING_YEAR
2012,Abbotsford,BC Hydro,ELEC,MIXED,Abbotsford|BC Hydro|ELEC|MIXED,MISSING_YEAR
2013,Abbotsford,BC Hydro,ELEC,MIXED,Abbotsford|BC Hydro|ELEC|MIXED,MISSING_YEAR
2014,Abbotsford,BC Hydro,ELEC,MIXED,Abbotsford|BC Hydro|ELEC|MIXED,MISSING_YEAR
2015,Abbotsford,BC Hydro,ELEC,MIXED,Abbotsford|BC Hydro|ELEC|MIXED,MISSING_YEAR
2016,Alert Bay,BC Hydro,ELEC,MIXED,Alert Bay|BC Hydro|ELEC|MIXED,MISSING_YEAR
2017,Alert Bay,BC Hydro,ELEC,MIXED,Alert Bay|BC Hydro|ELEC|MIXED,MISSING_YEAR
2018,Alert Bay,BC Hydro,ELEC,MIXED,Alert Bay|BC Hydro|ELEC|MIXED,MISSING_YEAR
2019,Alert Bay,BC Hydro,ELEC,MIXED,Alert Bay|BC Hydro|ELEC|MIXED,MISSING_YEAR
2020,Alert Bay,BC Hydro,ELEC,MIXED,Alert Bay|BC Hydro|ELEC|MIXED,MISSING_YEAR
2007,Alert Bay,BC Hydro,ELEC,MIXED,Alert Bay|BC Hydro|ELEC|MIXED,MISSING_YEAR
2010,Alert Bay,BC Hydro,ELEC,MIXED,Alert Bay|BC Hydro|ELEC|MIXED,MISSING_YEAR
2012,Alert Bay,BC Hydro,ELEC,MIXED,Alert Bay|BC Hydro|ELEC|MIXED,MISSING_YEAR
2013,Alert Bay,BC Hydro,ELEC,MIXED,Alert Bay|BC Hydro|ELEC|MIXED,MISSING_YEAR
2014,Alert Bay,BC Hydro,ELEC,MIXED,Alert Bay|BC Hydro|ELEC|MIXED,MISSING_YEAR
2015,Alert Bay,BC Hydro,ELEC,MIXED,Alert Bay|BC Hydro|ELEC|MIXED,MISSING_YEAR
2016,Anmore,BC Hydro,ELEC,MIXED,Anmore|BC Hydro|ELEC|MIXED,MISSING_YEAR
2017,Anmore,BC Hydro,ELEC,MIXED,Anmore|BC Hydro|ELEC|MIXED,MISSING_YEAR
2018,Anmore,BC Hydro,ELEC,MIXED,Anmore|BC Hydro|ELEC|MIXED,MISSING_YEAR
2019,Anmore,BC Hydro,ELEC,MIXED,Anmore|BC Hydro|ELEC|MIXED,MISSING_YEAR
2020,Anmore,BC Hydro,ELEC,MIXED,Anmore|BC Hydro|ELEC|MIXED,MISSING_YEAR
2007,Anmore,BC Hydro,ELEC,MIXED,Anmore|BC Hydro|ELEC|MIXED,MISSING_YEAR
2010,Anmore,BC Hydro,ELEC,MIXED,Anmore|BC Hydro|ELEC|MIXED,MISSING_YEAR
2012,Anmore,BC Hydro,ELEC,MIXED,Anmore|BC Hydro|ELEC|MIXED,MISSING_YEAR
2013,Anmore,BC Hydro,ELEC,MIXED,Anmore|BC Hydro|ELEC|MIXED,MISSING_YEAR
2014,Anmore,BC Hydro,ELEC,MIXED,Anmore|BC Hydro|ELEC|MIXED,MISSING_YEAR
2015,Anmore,BC Hydro,ELEC,MIXED,Anmore|BC Hydro|ELEC|MIXED,MISSING_YEAR
2016,Armstrong,BC Hydro,ELEC,MIXED,Armstrong|BC Hydro|ELEC|MIXED,MISSING_YEAR
2017,Armstrong,BC Hydro,ELEC,MIXED,Armstrong|BC Hydro|ELEC|MIXED,MISSING_YEAR
2018,Armstrong,BC Hydro,ELEC,MIXED,Armstrong|BC Hydro|ELEC|MIXED,MISSING_YEAR
2019,Armstrong,BC Hydro,ELEC,MIXED,Armstrong|BC Hydro|ELEC|MIXED,MISSING_YEAR
2020,Armstrong,BC Hydro,ELEC,MIXED,Armstrong|BC Hydro|ELEC|MIXED,MISSING_YEAR
2007,Armstrong,BC Hydro,ELEC,MIXED,Armstrong|BC Hydro|ELEC|MIXED,MISSING_YEAR
2010,Armstrong,BC Hydro,ELEC,MIXED,Armstrong|BC Hydro|ELEC|MIXED,MISSING_YEAR
2012,Armstrong,BC Hydro,ELEC,MIXED,Armstrong|BC Hydro|ELEC|MIXED,MISSING_YEAR
2013,Armstrong,BC Hydro,ELEC,MIXED,Armstrong|BC Hydro|ELEC|MIXED,MISSING_YEAR
2014,Armstrong,BC Hydro,ELEC,MIXED,Armstrong|BC Hydro|ELEC|MIXED,MISSING_YEAR
2015,Armstrong,BC Hydro,ELEC,MIXED,Armstrong|BC Hydro|ELEC|MIXED,MISSING_YEAR
2016,Ashcroft,BC Hydro,ELEC,MIXED,Ashcroft|BC Hydro|ELEC|MIXED,MISSING_YEAR
2017,Ashcroft,BC Hydro,ELEC,MIXED,Ashcroft|BC Hydro|ELEC|MIXED,MISSING_YEAR
2018,Ashcroft,BC Hydro,ELEC,MIXED,Ashcroft|BC Hydro|ELEC|MIXED,MISSING_YEAR
2019,Ashcroft,BC Hydro,ELEC,MIXED,Ashcroft|BC Hydro|ELEC|MIXED,MISSING_YEAR
2020,Ashcroft,BC Hydro,ELEC,MIXED,Ashcroft|BC Hydro|ELEC|MIXED,MISSING_YEAR
2007,Ashcroft,BC Hydro,ELEC,MIXED,Ashcroft|BC Hydro|ELEC|MIXED,MISSING_YEAR
2010,Ashcroft,BC Hydro,ELEC,MIXED,Ashcroft|BC Hydro|ELEC|MIXED,MISSING_YEAR
2012,Ashcroft,BC Hydro,ELEC,MIXED,Ashcroft|BC Hydro|ELEC|MIXED,MISSING_YEAR
2013,Ashcroft,BC Hydro,ELEC,MIXED,Ashcroft|BC Hydro|ELEC|MIXED,MISSING_YEAR
2014,Ashcroft,BC Hydro,ELEC,MIXED,Ashcroft|BC Hydro|ELEC|MIXED,MISSING_YEAR
2015,Ashcroft,BC Hydro,ELEC,MIXED,Ashcroft|BC Hydro|ELEC|MIXED,MISSING_YEAR
2016,Belcarra,BC Hydro,ELEC,MIXED,Belcarra|BC Hydro|ELEC|MIXED,MISSING_YEAR
2017,Belcarra,BC Hydro,ELEC,MIXED,Belcarra|BC Hydro|ELEC|MIXED,MISSING_YEAR
2018,Belcarra,BC Hydro,ELEC,MIXED,Belcarra|BC Hydro|ELEC|MIXED,MISSING_YEAR
2019,Belcarra,BC Hydro,ELEC,MIXED,Belcarra|BC Hydro|ELEC|MIXED,MISSING_YEAR
2020,Belcarra,BC Hydro,ELEC,MIXED,Belcarra|BC Hydro|ELEC|MIXED,MISSING_YEAR
2007,Belcarra,BC Hydro,ELEC,MIXED,Belcarra|BC Hydro|ELEC|MIXED,MISSING_YEAR
2010,Belcarra,BC Hydro,ELEC,MIXED,Belcarra|BC Hydro|ELEC|MIXED,MISSING_YEAR
2012,Belcarra,BC Hydro,ELEC,MIXED,Belcarra|BC Hydro|ELEC|MIXED,MISSING_YEAR
2013,Belcarra,BC Hydro,ELEC,MIXED,Belcarra|BC Hydro|ELEC|MIXED,MISSING_YEAR
2014,Belcarra,BC Hydro,ELEC,MIXED,Belcarra|BC Hydro|ELEC|MIXED,MISSING_YEAR
2015,Belcarra,BC Hydro,ELEC,MIXED,Belcarra|BC Hydro|ELEC|MIXED,MISSING_YEAR
2016,Bowen Island,BC Hydro,ELEC,MIXED,Bowen Island|BC Hydro|ELEC|MIXED,MISSING_YEAR
2017,Bowen Island,BC Hydro,ELEC,MIXED,Bowen Island|BC Hydro|ELEC|MIXED,MISSING_YEAR
2018,Bowen Island,BC Hydro,ELEC,MIXED,Bowen Island|BC Hydro|ELEC|MIXED,MISSING_YEAR
2019,Bowen Island,BC Hydro,ELEC,MIXED,Bowen Island|BC Hydro|ELEC|MIXED,MISSING_YEAR
2020,Bowen Island,BC Hydro,ELEC,MIXED,Bowen Island|BC Hydro|ELEC|MIXED,MISSING_YEAR
2007,Bowen Island,BC Hydro,ELEC,MIXED,Bowen Island|BC Hydro|ELEC|MIXED,MISSING_YEAR
2010,Bowen Island,BC Hydro,ELEC,MIXED,Bowen Island|BC Hydro|ELEC|MIXED,MISSING_YEAR
2012,Bowen Island,BC Hydro,ELEC,MIXED,Bowen Island|BC Hydro|ELEC|MIXED,MISSING_YEAR
2013,Bowen Island,BC Hydro,ELEC,MIXED,Bowen Island|BC Hydro|ELEC|MIXED,MISSING_YEAR
2014,Bowen Island,BC Hydro,ELEC,MIXED,Bowen Island|BC Hydro|ELEC|MIXED,MISSING_YEAR
2015,Bowen Island,BC Hydro,ELEC,MIXED,Bowen Island|BC Hydro|ELEC|MIXED,MISSING_YEAR
2016,Burnaby,BC Hydro,ELEC,MIXED,Burnaby|BC Hydro|ELEC|MIXED,MISSING_YEAR
2017,Burnaby,BC Hydro,ELEC,MIXED,Burnaby|BC Hydro|ELEC|MIXED,MISSING_YEAR
2018,Burnaby,BC Hydro,ELEC,MIXED,Burnaby|BC Hydro|ELEC|MIXED,MISSING_YEAR
2019,Burnaby,BC Hydro,ELEC,MIXED,Burnaby|BC Hydro|ELEC|MIXED,MISSING_YEAR
2020,Burnaby,BC Hydro,ELEC,MIXED,Burnaby|BC Hydro|ELEC|MIXED,MISSING_YEAR
2007,Burnaby,BC Hydro,ELEC,MIXED,Burnaby|BC Hydro|ELEC|MIXED,MISSING_YEAR
2010,Burnaby,BC Hydro,ELEC,MIXED,Burnaby|BC Hydro|ELEC|MIXED,MISSING_YEAR
2012,Burnaby,BC Hydro,ELEC,MIXED,Burnaby|BC Hydro|ELEC|MIXED,MISSING_YEAR
2013,Burnaby,BC Hydro,ELEC,MIXED,Burnaby|BC Hydro|ELEC|MIXED,MISSING_YEAR
2014,Burnaby,BC Hydro,ELEC,MIXED,Burnaby|BC Hydro|ELEC|MIXED,MISSING_YEAR
2015,Burnaby,BC Hydro,ELEC,MIXED,Burnaby|BC Hydro|ELEC|MIXED,MISSING_YEAR
2016,Burns Lake,BC Hydro,ELEC,MIXED,Burns Lake|BC Hydro|ELEC|MIXED,MISSING_YEAR
2017,Burns Lake,BC Hydro,ELEC,MIXED,Burns Lake|BC Hydro|ELEC|MIXED,MISSING_YEAR
2018,Burns Lake,BC Hydro,ELEC,MIXED,Burns Lake|BC Hydro|ELEC|MIXED,MISSING_YEAR
2019,Burns Lake,BC Hydro,ELEC,MIXED,Burns Lake|BC Hydro|ELEC|MIXED,MISSING_YEAR
2020,Burns Lake,BC Hydro,ELEC,MIXED,Burns Lake|BC Hydro|ELEC|MIXED,MISSING_YEAR
2007,Burns Lake,BC Hydro,ELEC,MIXED,Burns Lake|BC Hydro|ELEC|MIXED,MISSING_YEAR
2010,Burns Lake,BC Hydro,ELEC,MIXED,Burns Lake|BC Hydro|ELEC|MIXED,MISSING_YEAR
2012,Burns Lake,BC Hydro,ELEC,MIXED,Burns Lake|BC Hydro|ELEC|MIXED,MISSING_YEAR
2013,Burns Lake,BC Hydro,ELEC,MIXED,Burns Lake|BC Hydro|ELEC|MIXED,MISSING_YEAR
2014,Burns Lake,BC Hydro,ELEC,MIXED,Burns Lake|BC Hydro|ELEC|MIXED,MISSING_YEAR
2015,Burns Lake,BC Hydro,ELEC,MIXED,Burns Lake|BC Hydro|ELEC|MIXED,MISSING_YEAR
2016,Cache Creek,BC Hydro,ELEC,MIXED,Cache Creek|BC Hydro|ELEC|MIXED,MISSING_YEAR
2017,Cache Creek,BC Hydro,ELEC,MIXED,Cache Creek|BC Hydro|ELEC|MIXED,MISSING_YEAR
2018,Cache Creek,BC Hydro,ELEC,MIXED,Cache Creek|BC Hydro|ELEC|MIXED,MISSING_YEAR
2019,Cache Creek,BC Hydro,ELEC,MIXED,Cache Creek|BC Hydro|ELEC|MIXED,MISSING_YEAR
2020,Cache Creek,BC Hydro,ELEC,MIXED,Cache Creek|BC Hydro|ELEC|MIXED,MISSING_YEAR
2007,Cache Creek,BC Hydro,ELEC,MIXED,Cache Creek|BC Hydro|ELEC|MIXED,MISSING_YEAR
2010,Cache Creek,BC Hydro,ELEC,MIXED,Cache Creek|BC Hydro|ELEC|MIXED,MISSING_YEAR
2012,Cache Creek,BC Hydro,ELEC,MIXED,Cache Creek|BC Hydro|ELEC|MIXED,MISSING_YEAR
2013,Cache Creek,BC Hydro,ELEC,MIXED,Cache Creek|BC Hydro|ELEC|MIXED,MISSING_YEAR
2014,Cache Creek,BC Hydro,ELEC,MIXED,Cache Creek|BC Hydro|ELEC|MIXED,MISSING_YEAR
2015,Cache Creek,BC Hydro,ELEC,MIXED,Cache Creek|BC Hydro|ELEC|MIXED,MISSING_YEAR
2016,Campbell River,BC Hydro,ELEC,MIXED,Campbell River|BC Hydro|ELEC|MIXED,MISSING_YEAR
2017,Campbell River,BC Hydro,ELEC,MIXED,Campbell River|BC Hydro|ELEC|MIXED,MISSING_YEAR
2018,Campbell River,BC Hydro,ELEC,MIXED,Campbell River|BC Hydro|ELEC|MIXED,MISSING_YEAR
2019,Campbell River,BC Hydro,ELEC,MIXED,Campbell River|BC Hydro|ELEC|MIXED,MISSING_YEAR
2020,Campbell River,BC Hydro,ELEC,MIXED,Campbell River|BC Hydro|ELEC|MIXED,MISSING_YEAR
2007,Campbell River,BC Hydro,ELEC,MIXED,Campbell River|BC Hydro|ELEC|MIXED,MISSING_YEAR
2010,Campbell River,BC Hydro,ELEC,MIXED,Campbell River|BC Hydro|ELEC|MIXED,MISSING_YEAR
2012,Campbell River,BC Hydro,ELEC,MIXED,Campbell River|BC Hydro|ELEC|MIXED,MISSING_YEAR
2013,Campbell River,BC Hydro,ELEC,MIXED,Campbell River|BC Hydro|ELEC|MIXED,MISSING_YEAR
2014,Campbell River,BC Hydro,ELEC,MIXED,Campbell River|BC Hydro|ELEC|MIXED,MISSING_YEAR
2015,Campbell River,BC Hydro,ELEC,MIXED,Campbell River|BC Hydro|ELEC|MIXED,MISSING_YEAR
2016,Canal Flats,BC Hydro,ELEC,MIXED,Canal Flats|BC Hydro|ELEC|MIXED,MISSING_YEAR
2017,Canal Flats,BC Hydro,ELEC,MIXED,Canal Flats|BC Hydro|ELEC|MIXED,MISSING_YEAR
2018,Canal Flats,BC Hydro,ELEC,MIXED,Canal Flats|BC Hydro|ELEC|MIXED,MISSING_YEAR
2019,Canal Flats,BC Hydro,ELEC,MIXED,Canal Flats|BC Hydro|ELEC|MIXED,MISSING_YEAR
2020,Canal Flats,BC Hydro,ELEC,MIXED,Canal Flats|BC Hydro|ELEC|MIXED,MISSING_YEAR
2007,Canal Flats,BC Hydro,ELEC,MIXED,Canal Flats|BC Hydro|ELEC|MIXED,MISSING_YEAR
2010,Canal Flats,BC Hydro,ELEC,MIXED,Canal Flats|BC Hydro|ELEC|MIXED,MISSING_YEAR
2012,Canal Flats,BC Hydro,ELEC,MIXED,Canal Flats|BC Hydro|ELEC|MIXED,MISSING_YEAR
2013,Canal Flats,BC Hydro,ELEC,MIXED,Canal Flats|BC Hydro|ELEC|MIXED,MISSING_YEAR
2014,Canal Flats,BC Hydro,ELEC,MIXED,Canal Flats|BC Hydro|ELEC|MIXED,MISSING_YEAR
2015,Canal Flats,BC Hydro,ELEC,MIXED,Canal Flats|BC Hydro|ELEC|MIXED,MISSING_YEAR
2016,Central Saanich,BC Hydro,ELEC,MIXED,Central Saanich|BC Hydro|ELEC|MIXED,MISSING_YEAR
2017,Central Saanich,BC Hydro,ELEC,MIXED,Central Saanich|BC Hydro|ELEC|MIXED,MISSING_YEAR
2018,Central Saanich,BC Hydro,ELEC,MIXED,Central Saanich|BC Hydro|ELEC|MIXED,MISSING_YEAR
2019,Central Saanich,BC Hydro,ELEC,MIXED,Central Saanich|BC Hydro|ELEC|MIXED,MISSING_YEAR
2020,Central Saanich,BC Hydro,ELEC,MIXED,Central Saanich|BC Hydro|ELEC|MIXED,MISSING_YEAR
2007,Central Saanich,BC Hydro,ELEC,MIXED,Central Saanich|BC Hydro|ELEC|MIXED,MISSING_YEAR
2010,Central Saanich,BC Hydro,ELEC,MIXED,Central Saanich|BC Hydro|ELEC|MIXED,MISSING_YEAR
2012,Central Saanich,BC Hydro,ELEC,MIXED,Central Saanich|BC Hydro|ELEC|MIXED,MISSING_YEAR
2013,Central Saanich,BC Hydro,ELEC,MIXED,Central Saanich|BC Hydro|ELEC|MIXED,MISSING_YEAR
2014,Central Saanich,BC Hydro,ELEC,MIXED,Central Saanich|BC Hydro|ELEC|MIXED,MISSING_YEAR
2015,Central Saanich,BC Hydro,ELEC,MIXED,Central Saanich|BC Hydro|ELEC|MIXED,MISSING_YEAR
2016,Chase,BC Hydro,ELEC,MIXED,Chase|BC Hydro|ELEC|MIXED,MISSING_YEAR
2017,Chase,BC Hydro,ELEC,MIXED,Chase|BC Hydro|ELEC|MIXED,MISSING_YEAR
2018,Chase,BC Hydro,ELEC,MIXED,Chase|BC Hydro|ELEC|MIXED,MISSING_YEAR
2019,Chase,BC Hydro,ELEC,MIXED,Chase|BC Hydro|ELEC|MIXED,MISSING_YEAR
2020,Chase,BC Hydro,ELEC,MIXED,Chase|BC Hydro|ELEC|MIXED,MISSING_YEAR
2007,Chase,BC Hydro,ELEC,MIXED,Chase|BC Hydro|ELEC|MIXED,MISSING_YEAR
2010,Chase,BC Hydro,ELEC,MIXED,Chase|BC Hydro|ELEC|MIXED,MISSING_YEAR
2012,Chase,BC Hydro,ELEC,MIXED,Chase|BC Hydro|ELEC|MIXED,MISSING_YEAR
2013,Chase,BC Hydro,ELEC,MIXED,Chase|BC Hydro|ELEC|MIXED,MISSING_YEAR
2014,Chase,BC Hydro,ELEC,MIXED,Chase|BC Hydro|ELEC|MIXED,MISSING_YEAR
2015,Chase,BC Hydro,ELEC,MIXED,Chase|BC Hydro|ELEC|MIXED,MISSING_YEAR
2016,Chetwynd,BC Hydro,ELEC,MIXED,Chetwynd|BC Hydro|ELEC|MIXED,MISSING_YEAR
2017,Chetwynd,BC Hydro,ELEC,MIXED,Chetwynd|BC Hydro|ELEC|MIXED,MISSING_YEAR
2018,Chetwynd,BC Hydro,ELEC,MIXED,Chetwynd|BC Hydro|ELEC|MIXED,MISSING_YEAR
2019,Chetwynd,BC Hydro,ELEC,MIXED,Chetwynd|BC Hydro|ELEC|MIXED,MISSING_YEAR
2020,Chetwynd,BC Hydro,ELEC,MIXED,Chetwynd|BC Hydro|ELEC|MIXED,MISSING_YEAR
2007,Chetwynd,BC Hydro,ELEC,MIXED,Chetwynd|BC Hydro|ELEC|MIXED,MISSING_YEAR
2010,Chetwynd,BC Hydro,ELEC,MIXED,Chetwynd|BC Hydro|ELEC|MIXED,MISSING_YEAR
2012,Chetwynd,BC Hydro,ELEC,MIXED,Chetwynd|BC Hydro|ELEC|MIXED,MISSING_YEAR
2013,Chetwynd,BC Hydro,ELEC,MIXED,Chetwynd|BC Hydro|ELEC|MIXED,MISSING_YEAR
2014,Chetwynd,BC Hydro,ELEC,MIXED,Chetwynd|BC Hydro|ELEC|MIXED,MISSING_YEAR
2015,Chetwynd,BC Hydro,ELEC,MIXED,Chetwynd|BC Hydro|ELEC|MIXED,MISSING_YEAR
2016,Chilliwack,BC Hydro,ELEC,MIXED,Chilliwack|BC Hydro|ELEC|MIXED,MISSING_YEAR
2017,Chilliwack,BC Hydro,ELEC,MIXED,Chilliwack|BC Hydro|ELEC|MIXED,MISSING_YEAR
2018,Chilliwack,BC Hydro,ELEC,MIXED,Chilliwack|BC Hydro|ELEC|MIXED,MISSING_YEAR
2019,Chilliwack,BC Hydro,ELEC,MIXED,Chilliwack|BC Hydro|ELEC|MIXED,MISSING_YEAR
2020,Chilliwack,BC Hydro,ELEC,MIXED,Chilliwack|BC Hydro|ELEC|MIXED,MISSING_YEAR
2007,Chilliwack,BC Hydro,ELEC,MIXED,Chilliwack|BC Hydro|ELEC|MIXED,MISSING_YEAR
2010,Chilliwack,BC Hydro,ELEC,MIXED,Chilliwack|BC Hydro|ELEC|MIXED,MISSING_YEAR
2012,Chilliwack,BC Hydro,ELEC,MIXED,Chilliwack|BC Hydro|ELEC|MIXED,MISSING_YEAR
2013,Chilliwack,BC Hydro,ELEC,MIXED,Chilliwack|BC Hydro|ELEC|MIXED,MISSING_YEAR
2014,Chilliwack,BC Hydro,ELEC,MIXED,Chilliwack|BC Hydro|ELEC|MIXED,MISSING_YEAR
2015,Chilliwack,BC Hydro,ELEC,MIXED,Chilliwack|BC Hydro|ELEC|MIXED,MISSING_YEAR
2016,Clinton,BC Hydro,ELEC,MIXED,Clinton|BC Hydro|ELEC|MIXED,MISSING_YEAR
2017,Clinton,BC Hydro,ELEC,MIXED,Clinton|BC Hydro|ELEC|MIXED,MISSING_YEAR
2018,Clinton,BC Hydro,ELEC,MIXED,Clinton|BC Hydro|ELEC|MIXED,MISSING_YEAR
2019,Clinton,BC Hydro,ELEC,MIXED,Clinton|BC Hydro|ELEC|MIXED,MISSING_YEAR
2020,Clinton,BC Hydro,ELEC,MIXED,Clinton|BC Hydro|ELEC|MIXED,MISSING_YEAR
2007,Clinton,BC Hydro,ELEC,MIXED,Clinton|BC Hydro|ELEC|MIXED,MISSING_YEAR
2010,Clinton,BC Hydro,ELEC,MIXED,Clinton|BC Hydro|ELEC|MIXED,MISSING_YEAR
2012,Clinton,BC Hydro,ELEC,MIXED,Clinton|BC Hydro|ELEC|MIXED,MISSING_YEAR
2013,Clinton,BC Hydro,ELEC,MIXED,Clinton|BC Hydro|ELEC|MIXED,MISSING_YEAR
2014,Clinton,BC Hydro,ELEC,MIXED,Clinton|BC Hydro|ELEC|MIXED,MISSING_YEAR
2015,Clinton,BC Hydro,ELEC,MIXED,Clinton|BC Hydro|ELEC|MIXED,MISSING_YEAR
2016,Coldstream,BC Hydro,ELEC,MIXED,Coldstream|BC Hydro|ELEC|MIXED,MISSING_YEAR
2017,Coldstream,BC Hydro,ELEC,MIXED,Coldstream|BC Hydro|ELEC|MIXED,MISSING_YEAR
2018,Coldstream,BC Hydro,ELEC,MIXED,Coldstream|BC Hydro|ELEC|MIXED,MISSING_YEAR
2019,Coldstream,BC Hydro,ELEC,MIXED,Coldstream|BC Hydro|ELEC|MIXED,MISSING_YEAR
2020,Coldstream,BC Hydro,ELEC,MIXED,Coldstream|BC Hydro|ELEC|MIXED,MISSING_YEAR
2007,Coldstream,BC Hydro,ELEC,MIXED,Coldstream|BC Hydro|ELEC|MIXED,MISSING_YEAR
2010,Coldstream,BC Hydro,ELEC,MIXED,Coldstream|BC Hydro|ELEC|MIXED,MISSING_YEAR
2012,Coldstream,BC Hydro,ELEC,MIXED,Coldstream|BC Hydro|ELEC|MIXED,MISSING_YEAR
2013,Coldstream,BC Hydro,ELEC,MIXED,Coldstream|BC Hydro|ELEC|MIXED,MISSING_YEAR
2014,Coldstream,BC Hydro,ELEC,MIXED,Coldstream|BC Hydro|ELEC|MIXED,MISSING_YEAR
2015,Coldstream,BC Hydro,ELEC,MIXED,Coldstream|BC Hydro|ELEC|MIXED,MISSING_YEAR
2016,Colwood,BC Hydro,ELEC,MIXED,Colwood|BC Hydro|ELEC|MIXED,MISSING_YEAR
2017,Colwood,BC Hydro,ELEC,MIXED,Colwood|BC Hydro|ELEC|MIXED,MISSING_YEAR
2018,Colwood,BC Hydro,ELEC,MIXED,Colwood|BC Hydro|ELEC|MIXED,MISSING_YEAR
2019,Colwood,BC Hydro,ELEC,MIXED,Colwood|BC Hydro|ELEC|MIXED,MISSING_YEAR
2020,Colwood,BC Hydro,ELEC,MIXED,Colwood|BC Hydro|ELEC|MIXED,MISSING_YEAR
2007,Colwood,BC Hydro,ELEC,MIXED,Colwood|BC Hydro|ELEC|MIXED,MISSING_YEAR
2010,Colwood,BC Hydro,ELEC,MIXED,Colwood|BC Hydro|ELEC|MIXED,MISSING_YEAR
2012,Colwood,BC Hydro,ELEC,MIXED,Colwood|BC Hydro|ELEC|MIXED,MISSING_YEAR
2013,Colwood,BC Hydro,ELEC,MIXED,Colwood|BC Hydro|ELEC|MIXED,MISSING_YEAR
2014,Colwood,BC Hydro,ELEC,MIXED,Colwood|BC Hydro|ELEC|MIXED,MISSING_YEAR
2015,Colwood,BC Hydro,ELEC,MIXED,Colwood|BC Hydro|ELEC|MIXED,MISSING_YEAR
2016,Comox,BC Hydro,ELEC,MIXED,Comox|BC Hydro|ELEC|MIXED,MISSING_YEAR
2017,Comox,BC Hydro,ELEC,MIXED,Comox|BC Hydro|ELEC|MIXED,MISSING_YEAR
2018,Comox,BC Hydro,ELEC,MIXED,Comox|BC Hydro|ELEC|MIXED,MISSING_YEAR
2019,Comox,BC Hydro,ELEC,MIXED,Comox|BC Hydro|ELEC|MIXED,MISSING_YEAR
2020,Comox,BC Hydro,ELEC,MIXED,Comox|BC Hydro|ELEC|MIXED,MISSING_YEAR
2007,Comox,BC Hydro,ELEC,MIXED,Comox|BC Hydro|ELEC|MIXED,MISSING_YEAR
2010,Comox,BC Hydro,ELEC,MIXED,Comox|BC Hydro|ELEC|MIXED,MISSING_YEAR
2012,Comox,BC Hydro,ELEC,MIXED,Comox|BC Hydro|ELEC|MIXED,MISSING_YEAR
2013,Comox,BC Hydro,ELEC,MIXED,Comox|BC Hydro|ELEC|MIXED,MISSING_YEAR
2014,Comox,BC Hydro,ELEC,MIXED,Comox|BC Hydro|ELEC|MIXED,MISSING_YEAR
2015,Comox,BC Hydro,ELEC,MIXED,Comox|BC Hydro|ELEC|MIXED,MISSING_YEAR
2016,Coquitlam,BC Hydro,ELEC,MIXED,Coquitlam|BC Hydro|ELEC|MIXED,MISSING_YEAR
2017,Coquitlam,BC Hydro,ELEC,MIXED,Coquitlam|BC Hydro|ELEC|MIXED,MISSING_YEAR
2018,Coquitlam,BC Hydro,ELEC,MIXED,Coquitlam|BC Hydro|ELEC|MIXED,MISSING_YEAR
2019,Coquitlam,BC Hydro,ELEC,MIXED,Coquitlam|BC Hydro|ELEC|MIXED,MISSING_YEAR
2020,Coquitlam,BC Hydro,ELEC,MIXED,Coquitlam|BC Hydro|ELEC|MIXED,MISSING_YEAR
2007,Coquitlam,BC Hydro,ELEC,MIXED,Coquitlam|BC Hydro|ELEC|MIXED,MISSING_YEAR
2010,Coquitlam,BC Hydro,ELEC,MIXED,Coquitlam|BC Hydro|ELEC|MIXED,MISSING_YEAR
2012,Coquitlam,BC Hydro,ELEC,MIXED,Coquitlam|BC Hydro|ELEC|MIXED,MISSING_YEAR
2013,Coquitlam,BC Hydro,ELEC,MIXED,Coquitlam|BC Hydro|ELEC|MIXED,MISSING_YEAR
2014,Coquitlam,BC Hydro,ELEC,MIXED,Coquitlam|BC Hydro|ELEC|MIXED,MISSING_YEAR
2015,Coquitlam,BC Hydro,ELEC,MIXED,Coquitlam|BC Hydro|ELEC|MIXED,MISSING_YEAR
2016,Courtenay,BC Hydro,ELEC,MIXED,Courtenay|BC Hydro|ELEC|MIXED,MISSING_YEAR
2017,Courtenay,BC Hydro,ELEC,MIXED,Courtenay|BC Hydro|ELEC|MIXED,MISSING_YEAR
2018,Courtenay,BC Hydro,ELEC,MIXED,Courtenay|BC Hydro|ELEC|MIXED,MISSING_YEAR
2019,Courtenay,BC Hydro,ELEC,MIXED,Courtenay|BC Hydro|ELEC|MIXED,MISSING_YEAR
2020,Courtenay,BC Hydro,ELEC,MIXED,Courtenay|BC Hydro|ELEC|MIXED,MISSING_YEAR
2007,Courtenay,BC Hydro,ELEC,MIXED,Courtenay|BC Hydro|ELEC|MIXED,MISSING_YEAR
2010,Courtenay,BC Hydro,ELEC,MIXED,Courtenay|BC Hydro|ELEC|MIXED,MISSING_YEAR
2012,Courtenay,BC Hydro,ELEC,MIXED,Courtenay|BC Hydro|ELEC|MIXED,MISSING_YEAR
2013,Courtenay,BC Hydro,ELEC,MIXED,Courtenay|BC Hydro|ELEC|MIXED,MISSING_YEAR
2014,Courtenay,BC Hydro,ELEC,MIXED,Courtenay|BC Hydro|ELEC|MIXED,MISSING_YEAR
2015,Courtenay,BC Hydro,ELEC,MIXED,Courtenay|BC Hydro|ELEC|MIXED,MISSING_YEAR
2016,Cranbrook,BC Hydro,ELEC,MIXED,Cranbrook|BC Hydro|ELEC|MIXED,MISSING_YEAR
2017,Cranbrook,BC Hydro,ELEC,MIXED,Cranbrook|BC Hydro|ELEC|MIXED,MISSING_YEAR
2018,Cranbrook,BC Hydro,ELEC,MIXED,Cranbrook|BC Hydro|ELEC|MIXED,MISSING_YEAR
2019,Cranbrook,BC Hydro,ELEC,MIXED,Cranbrook|BC Hydro|ELEC|MIXED,MISSING_YEAR
2020,Cranbrook,BC Hydro,ELEC,MIXED,Cranbrook|BC Hydro|ELEC|MIXED,MISSING_YEAR
2007,Cranbrook,BC Hydro,ELEC,MIXED,Cranbrook|BC Hydro|ELEC|MIXED,MISSING_YEAR
2010,Cranbrook,BC Hydro,ELEC,MIXED,Cranbrook|BC Hydro|ELEC|MIXED,MISSING_YEAR
2012,Cranbrook,BC Hydro,ELEC,MIXED,Cranbrook|BC Hydro|ELEC|MIXED,MISSING_YEAR
2013,Cranbrook,BC Hydro,ELEC,MIXED,Cranbrook|BC Hydro|ELEC|MIXED,MISSING_YEAR
2014,Cranbrook,BC Hydro,ELEC,MIXED,Cranbrook|BC Hydro|ELEC|MIXED,MISSING_YEAR
2015,Cranbrook,BC Hydro,ELEC,MIXED,Cranbrook|BC Hydro|ELEC|MIXED,MISSING_YEAR
2016,Cumberland,BC Hydro,ELEC,MIXED,Cumberland|BC Hydro|ELEC|MIXED,MISSING_YEAR
2017,Cumberland,BC Hydro,ELEC,MIXED,Cumberland|BC Hydro|ELEC|MIXED,MISSING_YEAR
2018,Cumberland,BC Hydro,ELEC,MIXED,Cumberland|BC Hydro|ELEC|MIXED,MISSING_YEAR
2019,Cumberland,BC Hydro,ELEC,MIXED,Cumberland|BC Hydro|ELEC|MIXED,MISSING_YEAR
2020,Cumberland,BC Hydro,ELEC,MIXED,Cumberland|BC Hydro|ELEC|MIXED,MISSING_YEAR
2007,Cumberland,BC Hydro,ELEC,MIXED,Cumberland|BC Hydro|ELEC|MIXED,MISSING_YEAR
2010,Cumberland,BC Hydro,ELEC,MIXED,Cumberland|BC Hydro|ELEC|MIXED,MISSING_YEAR
2012,Cumberland,BC Hydro,ELEC,MIXED,Cumberland|BC Hydro|ELEC|MIXED,MISSING_YEAR
2013,Cumberland,BC Hydro,ELEC,MIXED,Cumberland|BC Hydro|ELEC|MIXED,MISSING_YEAR
2014,Cumberland,BC Hydro,ELEC,MIXED,Cumberland|BC Hydro|ELEC|MIXED,MISSING_YEAR
2015,Cumberland,BC Hydro,ELEC,MIXED,Cumberland|BC Hydro|ELEC|MIXED,MISSING_YEAR
2016,Dawson Creek,BC Hydro,ELEC,MIXED,Dawson Creek|BC Hydro|ELEC|MIXED,MISSING_YEAR
2017,Dawson Creek,BC Hydro,ELEC,MIXED,Dawson Creek|BC Hydro|ELEC|MIXED,MISSING_YEAR
2018,Dawson Creek,BC Hydro,ELEC,MIXED,Dawson Creek|BC Hydro|ELEC|MIXED,MISSING_YEAR
2019,Dawson Creek,BC Hydro,ELEC,MIXED,Dawson Creek|BC Hydro|ELEC|MIXED,MISSING_YEAR
2020,Dawson Creek,BC Hydro,ELEC,MIXED,Dawson Creek|BC Hydro|ELEC|MIXED,MISSING_YEAR
2007,Dawson Creek,BC Hydro,ELEC,MIXED,Dawson Creek|BC Hydro|ELEC|MIXED,MISSING_YEAR
2010,Dawson Creek,BC Hydro,ELEC,MIXED,Dawson Creek|BC Hydro|ELEC|MIXED,MISSING_YEAR
2012,Dawson Creek,BC Hydro,ELEC,MIXED,Dawson Creek|BC Hydro|ELEC|MIXED,MISSING_YEAR
2013,Dawson Creek,BC Hydro,ELEC,MIXED,Dawson Creek|BC Hydro|ELEC|MIXED,MISSING_YEAR
2014,Dawson Creek,BC Hydro,ELEC,MIXED,Dawson Creek|BC Hydro|ELEC|MIXED,MISSING_YEAR
2015,Dawson Creek,BC Hydro,ELEC,MIXED,Dawson Creek|BC Hydro|ELEC|MIXED,MISSING_YEAR
2016,Delta,BC Hydro,ELEC,MIXED,Delta|BC Hydro|ELEC|MIXED,MISSING_YEAR
2017,Delta,BC Hydro,ELEC,MIXED,Delta|BC Hydro|ELEC|MIXED,MISSING_YEAR
2018,Delta,BC Hydro,ELEC,MIXED,Delta|BC Hydro|ELEC|MIXED,MISSING_YEAR
2019,Delta,BC Hydro,ELEC,MIXED,Delta|BC Hydro|ELEC|MIXED,MISSING_YEAR
2020,Delta,BC Hydro,ELEC,MIXED,Delta|BC Hydro|ELEC|MIXED,MISSING_YEAR
2007,Delta,BC Hydro,ELEC,MIXED,Delta|BC Hydro|ELEC|MIXED,MISSING_YEAR
2010,Delta,BC Hydro,ELEC,MIXED,Delta|BC Hydro|ELEC|MIXED,MISSING_YEAR
2012,Delta,BC Hydro,ELEC,MIXED,Delta|BC Hydro|ELEC|MIXED,MISSING_YEAR
2013,Delta,BC Hydro,ELEC,MIXED,Delta|BC Hydro|ELEC|MIXED,MISSING_YEAR
2014,Delta,BC Hydro,ELEC,MIXED,Delta|BC Hydro|ELEC|MIXED,MISSING_YEAR
2015,Delta,BC Hydro,ELEC,MIXED,Delta|BC Hydro|ELEC|MIXED,MISSING_YEAR
2016,Duncan,BC Hydro,ELEC,MIXED,Duncan|BC Hydro|ELEC|MIXED,MISSING_YEAR
2017,Duncan,BC Hydro,ELEC,MIXED,Duncan|BC Hydro|ELEC|MIXED,MISSING_YEAR
2018,Duncan,BC Hydro,ELEC,MIXED,Duncan|BC Hydro|ELEC|MIXED,MISSING_YEAR
2019,Duncan,BC Hydro,ELEC,MIXED,Duncan|BC Hydro|ELEC|MIXED,MISSING_YEAR
2020,Duncan,BC Hydro,ELEC,MIXED,Duncan|BC Hydro|ELEC|MIXED,MISSING_YEAR
2007,Duncan,BC Hydro,ELEC,MIXED,Duncan|BC Hydro|ELEC|MIXED,MISSING_YEAR
2010,Duncan,BC Hydro,ELEC,MIXED,Duncan|BC Hydro|ELEC|MIXED,MISSING_YEAR
2012,Duncan,BC Hydro,ELEC,MIXED,Duncan|BC Hydro|ELEC|MIXED,MISSING_YEAR
2013,Duncan,BC Hydro,ELEC,MIXED,Duncan|BC Hydro|ELEC|MIXED,MISSING_YEAR
2014,Duncan,BC Hydro,ELEC,MIXED,Duncan|BC Hydro|ELEC|MIXED,MISSING_YEAR
2015,Duncan,BC Hydro,ELEC,MIXED,Duncan|BC Hydro|ELEC|MIXED,MISSING_YEAR
2016,Elkford,BC Hydro,ELEC,MIXED,Elkford|BC Hydro|ELEC|MIXED,MISSING_YEAR
2017,Elkford,BC Hydro,ELEC,MIXED,Elkford|BC Hydro|ELEC|MIXED,MISSING_YEAR
2018,Elkford,BC Hydro,ELEC,MIXED,Elkford|BC Hydro|ELEC|MIXED,MISSING_YEAR
2019,Elkford,BC Hydro,ELEC,MIXED,Elkford|BC Hydro|ELEC|MIXED,MISSING_YEAR
2020,Elkford,BC Hydro,ELEC,MIXED,Elkford|BC Hydro|ELEC|MIXED,MISSING_YEAR
2007,Elkford,BC Hydro,ELEC,MIXED,Elkford|BC Hydro|ELEC|MIXED,MISSING_YEAR
2010,Elkford,BC Hydro,ELEC,MIXED,Elkford|BC Hydro|ELEC|MIXED,MISSING_YEAR
2012,Elkford,BC Hydro,ELEC,MIXED,Elkford|BC Hydro|ELEC|MIXED,MISSING_YEAR
2013,Elkford,BC Hydro,ELEC,MIXED,Elkford|BC Hydro|ELEC|MIXED,MISSING_YEAR
2014,Elkford,BC Hydro,ELEC,MIXED,Elkford|BC Hydro|ELEC|MIXED,MISSING_YEAR
2015,Elkford,BC Hydro,ELEC,MIXED,Elkford|BC Hydro|ELEC|MIXED,MISSING_YEAR
2016,Enderby,BC Hydro,ELEC,MIXED,Enderby|BC Hydro|ELEC|MIXED,MISSING_YEAR
2017,Enderby,BC Hydro,ELEC,MIXED,Enderby|BC Hydro|ELEC|MIXED,MISSING_YEAR
2018,Enderby,BC Hydro,ELEC,MIXED,Enderby|BC Hydro|ELEC|MIXED,MISSING_YEAR
2019,Enderby,BC Hydro,ELEC,MIXED,Enderby|BC Hydro|ELEC|MIXED,MISSING_YEAR
2020,Enderby,BC Hydro,ELEC,MIXED,Enderby|BC Hydro|ELEC|MIXED,MISSING_YEAR
2007,Enderby,BC Hydro,ELEC,MIXED,Enderby|BC Hydro|ELEC|MIXED,MISSING_YEAR
2010,Enderby,BC Hydro,ELEC,MIXED,Enderby|BC Hydro|ELEC|MIXED,MISSING_YEAR
2012,Enderby,BC Hydro,ELEC,MIXED,Enderby|BC Hydro|ELEC|MIXED,MISSING_YEAR
2013,Enderby,BC Hydro,ELEC,MIXED,Enderby|BC Hydro|ELEC|MIXED,MISSING_YEAR
2014,Enderby,BC Hydro,ELEC,MIXED,Enderby|BC Hydro|ELEC|MIXED,MISSING_YEAR
2015,Enderby,BC Hydro,ELEC,MIXED,Enderby|BC Hydro|ELEC|MIXED,MISSING_YEAR
2016,Esquimalt,BC Hydro,ELEC,MIXED,Esquimalt|BC Hydro|ELEC|MIXED,MISSING_YEAR
2017,Esquimalt,BC Hydro,ELEC,MIXED,Esquimalt|BC Hydro|ELEC|MIXED,MISSING_YEAR
2018,Esquimalt,BC Hydro,ELEC,MIXED,Esquimalt|BC Hydro|ELEC|MIXED,MISSING_YEAR
2019,Esquimalt,BC Hydro,ELEC,MIXED,Esquimalt|BC Hydro|ELEC|MIXED,MISSING_YEAR
2020,Esquimalt,BC Hydro,ELEC,MIXED,Esquimalt|BC Hydro|ELEC|MIXED,MISSING_YEAR
2007,Esquimalt,BC Hydro,ELEC,MIXED,Esquimalt|BC Hydro|ELEC|MIXED,MISSING_YEAR
2010,Esquimalt,BC Hydro,ELEC,MIXED,Esquimalt|BC Hydro|ELEC|MIXED,MISSING_YEAR
2012,Esquimalt,BC Hydro,ELEC,MIXED,Esquimalt|BC Hydro|ELEC|MIXED,MISSING_YEAR
2013,Esquimalt,BC Hydro,ELEC,MIXED,Esquimalt|BC Hydro|ELEC|MIXED,MISSING_YEAR
2014,Esquimalt,BC Hydro,ELEC,MIXED,Esquimalt|BC Hydro|ELEC|MIXED,MISSING_YEAR
2015,Esquimalt,BC Hydro,ELEC,MIXED,Esquimalt|BC Hydro|ELEC|MIXED,MISSING_YEAR
2016,Fernie,BC Hydro,ELEC,MIXED,Fernie|BC Hydro|ELEC|MIXED,MISSING_YEAR
2017,Fernie,BC Hydro,ELEC,MIXED,Fernie|BC Hydro|ELEC|MIXED,MISSING_YEAR
2018,Fernie,BC Hydro,ELEC,MIXED,Fernie|BC Hydro|ELEC|MIXED,MISSING_YEAR
2019,Fernie,BC Hydro,ELEC,MIXED,Fernie|BC Hydro|ELEC|MIXED,MISSING_YEAR
2020,Fernie,BC Hydro,ELEC,MIXED,Fernie|BC Hydro|ELEC|MIXED,MISSING_YEAR
2007,Fernie,BC Hydro,ELEC,MIXED,Fernie|BC Hydro|ELEC|MIXED,MISSING_YEAR
2010,Fernie,BC Hydro,ELEC,MIXED,Fernie|BC Hydro|ELEC|MIXED,MISSING_YEAR
2012,Fernie,BC Hydro,ELEC,MIXED,Fernie|BC Hydro|ELEC|MIXED,MISSING_YEAR
2013,Fernie,BC Hydro,ELEC,MIXED,Fernie|BC Hydro|ELEC|MIXED,MISSING_YEAR
2014,Fernie,BC Hydro,ELEC,MIXED,Fernie|BC Hydro|ELEC|MIXED,MISSING_YEAR
2015,Fernie,BC Hydro,ELEC,MIXED,Fernie|BC Hydro|ELEC|MIXED,MISSING_YEAR
2016,Fort St. James,BC Hydro,ELEC,MIXED,Fort St. James|BC Hydro|ELEC|MIXED,MISSING_YEAR
2017,Fort St. James,BC Hydro,ELEC,MIXED,Fort St. James|BC Hydro|ELEC|MIXED,MISSING_YEAR
2018,Fort St. James,BC Hydro,ELEC,MIXED,Fort St. James|BC Hydro|ELEC|MIXED,MISSING_YEAR
2019,Fort St. James,BC Hydro,ELEC,MIXED,Fort St. James|BC Hydro|ELEC|MIXED,MISSING_YEAR
2020,Fort St. James,BC Hydro,ELEC,MIXED,Fort St. James|BC Hydro|ELEC|MIXED,MISSING_YEAR
2007,Fort St. James,BC Hydro,ELEC,MIXED,Fort St. James|BC Hydro|ELEC|MIXED,MISSING_YEAR
2010,Fort St. James,BC Hydro,ELEC,MIXED,Fort St. James|BC Hydro|ELEC|MIXED,MISSING_YEAR
2012,Fort St. James,BC Hydro,ELEC,MIXED,Fort St. James|BC Hydro|ELEC|MIXED,MISSING_YEAR
2013,Fort St. James,BC Hydro,ELEC,MIXED,Fort St. James|BC Hydro|ELEC|MIXED,MISSING_YEAR
2014,Fort St. James,BC Hydro,ELEC,MIXED,Fort St. James|BC Hydro|ELEC|MIXED,MISSING_YEAR
2015,Fort St. James,BC Hydro,ELEC,MIXED,Fort St. James|BC Hydro|ELEC|MIXED,MISSING_YEAR
2016,Fort St. John,BC Hydro,ELEC,MIXED,Fort St. John|BC Hydro|ELEC|MIXED,MISSING_YEAR
2017,Fort St. John,BC Hydro,ELEC,MIXED,Fort St. John|BC Hydro|ELEC|MIXED,MISSING_YEAR
2018,Fort St. John,BC Hydro,ELEC,MIXED,Fort St. John|BC Hydro|ELEC|MIXED,MISSING_YEAR
2019,Fort St. John,BC Hydro,ELEC,MIXED,Fort St. John|BC Hydro|ELEC|MIXED,MISSING_YEAR
2020,Fort St. John,BC Hydro,ELEC,MIXED,Fort St. John|BC Hydro|ELEC|MIXED,MISSING_YEAR
2007,Fort St. John,BC Hydro,ELEC,MIXED,Fort St. John|BC Hydro|ELEC|MIXED,MISSING_YEAR
2010,Fort St. John,BC Hydro,ELEC,MIXED,Fort St. John|BC Hydro|ELEC|MIXED,MISSING_YEAR
2012,Fort St. John,BC Hydro,ELEC,MIXED,Fort St. John|BC Hydro|ELEC|MIXED,MISSING_YEAR
2013,Fort St. John,BC Hydro,ELEC,MIXED,Fort St. John|BC Hydro|ELEC|MIXED,MISSING_YEAR
2014,Fort St. John,BC Hydro,ELEC,MIXED,Fort St. John|BC Hydro|ELEC|MIXED,MISSING_YEAR
2015,Fort St. John,BC Hydro,ELEC,MIXED,Fort St. John|BC Hydro|ELEC|MIXED,MISSING_YEAR
2016,Fraser Lake,BC Hydro,ELEC,MIXED,Fraser Lake|BC Hydro|ELEC|MIXED,MISSING_YEAR
2017,Fraser Lake,BC Hydro,ELEC,MIXED,Fraser Lake|BC Hydro|ELEC|MIXED,MISSING_YEAR
2018,Fraser Lake,BC Hydro,ELEC,MIXED,Fraser Lake|BC Hydro|ELEC|MIXED,MISSING_YEAR
2019,Fraser Lake,BC Hydro,ELEC,MIXED,Fraser Lake|BC Hydro|ELEC|MIXED,MISSING_YEAR
2020,Fraser Lake,BC Hydro,ELEC,MIXED,Fraser Lake|BC Hydro|ELEC|MIXED,MISSING_YEAR
2007,Fraser Lake,BC Hydro,ELEC,MIXED,Fraser Lake|BC Hydro|ELEC|MIXED,MISSING_YEAR
2010,Fraser Lake,BC Hydro,ELEC,MIXED,Fraser Lake|BC Hydro|ELEC|MIXED,MISSING_YEAR
2012,Fraser Lake,BC Hydro,ELEC,MIXED,Fraser Lake|BC Hydro|ELEC|MIXED,MISSING_YEAR
2013,Fraser Lake,BC Hydro,ELEC,MIXED,Fraser Lake|BC Hydro|ELEC|MIXED,MISSING_YEAR
2014,Fraser Lake,BC Hydro,ELEC,MIXED,Fraser Lake|BC Hydro|ELEC|MIXED,MISSING_YEAR
2015,Fraser Lake,BC Hydro,ELEC,MIXED,Fraser Lake|BC Hydro|ELEC|MIXED,MISSING_YEAR
2016,Gibsons,BC Hydro,ELEC,MIXED,Gibsons|BC Hydro|ELEC|MIXED,MISSING_YEAR
2017,Gibsons,BC Hydro,ELEC,MIXED,Gibsons|BC Hydro|ELEC|MIXED,MISSING_YEAR
2018,Gibsons,BC Hydro,ELEC,MIXED,Gibsons|BC Hydro|ELEC|MIXED,MISSING_YEAR
2019,Gibsons,BC Hydro,ELEC,MIXED,Gibsons|BC Hydro|ELEC|MIXED,MISSING_YEAR
2020,Gibsons,BC Hydro,ELEC,MIXED,Gibsons|BC Hydro|ELEC|MIXED,MISSING_YEAR
2007,Gibsons,BC Hydro,ELEC,MIXED,Gibsons|BC Hydro|ELEC|MIXED,MISSING_YEAR
2010,Gibsons,BC Hydro,ELEC,MIXED,Gibsons|BC Hydro|ELEC|MIXED,MISSING_YEAR
2012,Gibsons,BC Hydro,ELEC,MIXED,Gibsons|BC Hydro|ELEC|MIXED,MISSING_YEAR
2013,Gibsons,BC Hydro,ELEC,MIXED,Gibsons|BC Hydro|ELEC|MIXED,MISSING_YEAR
2014,Gibsons,BC Hydro,ELEC,MIXED,Gibsons|BC Hydro|ELEC|MIXED,MISSING_YEAR
2015,Gibsons,BC Hydro,ELEC,MIXED,Gibsons|BC Hydro|ELEC|MIXED,MISSING_YEAR
2016,Gold River,BC Hydro,ELEC,MIXED,Gold River|BC Hydro|ELEC|MIXED,MISSING_YEAR
2017,Gold River,BC Hydro,ELEC,MIXED,Gold River|BC Hydro|ELEC|MIXED,MISSING_YEAR
2018,Gold River,BC Hydro,ELEC,MIXED,Gold River|BC Hydro|ELEC|MIXED,MISSING_YEAR
2019,Gold River,BC Hydro,ELEC,MIXED,Gold River|BC Hydro|ELEC|MIXED,MISSING_YEAR
2020,Gold River,BC Hydro,ELEC,MIXED,Gold River|BC Hydro|ELEC|MIXED,MISSING_YEAR
2007,Gold River,BC Hydro,ELEC,MIXED,Gold River|BC Hydro|ELEC|MIXED,MISSING_YEAR
2010,Gold River,BC Hydro,ELEC,MIXED,Gold River|BC Hydro|ELEC|MIXED,MISSING_YEAR
2012,Gold River,BC Hydro,ELEC,MIXED,Gold River|BC Hydro|ELEC|MIXED,MISSING_YEAR
2013,Gold River,BC Hydro,ELEC,MIXED,Gold River|BC Hydro|ELEC|MIXED,MISSING_YEAR
2014,Gold River,BC Hydro,ELEC,MIXED,Gold River|BC Hydro|ELEC|MIXED,MISSING_YEAR
2015,Gold River,BC Hydro,ELEC,MIXED,Gold River|BC Hydro|ELEC|MIXED,MISSING_YEAR
2016,Golden,BC Hydro,ELEC,MIXED,Golden|BC Hydro|ELEC|MIXED,MISSING_YEAR
2017,Golden,BC Hydro,ELEC,MIXED,Golden|BC Hydro|ELEC|MIXED,MISSING_YEAR
2018,Golden,BC Hydro,ELEC,MIXED,Golden|BC Hydro|ELEC|MIXED,MISSING_YEAR
2019,Golden,BC Hydro,ELEC,MIXED,Golden|BC Hydro|ELEC|MIXED,MISSING_YEAR
2020,Golden,BC Hydro,ELEC,MIXED,Golden|BC Hydro|ELEC|MIXED,MISSING_YEAR
2007,Golden,BC Hydro,ELEC,MIXED,Golden|BC Hydro|ELEC|MIXED,MISSING_YEAR
2010,Golden,BC Hydro,ELEC,MIXED,Golden|BC Hydro|ELEC|MIXED,MISSING_YEAR
2012,Golden,BC Hydro,ELEC,MIXED,Golden|BC Hydro|ELEC|MIXED,MISSING_YEAR
2013,Golden,BC Hydro,ELEC,MIXED,Golden|BC Hydro|ELEC|MIXED,MISSING_YEAR
2014,Golden,BC Hydro,ELEC,MIXED,Golden|BC Hydro|ELEC|MIXED,MISSING_YEAR
2015,Golden,BC Hydro,ELEC,MIXED,Golden|BC Hydro|ELEC|MIXED,MISSING_YEAR
2016,Granisle,BC Hydro,ELEC,MIXED,Granisle|BC Hydro|ELEC|MIXED,MISSING_YEAR
2017,Granisle,BC Hydro,ELEC,MIXED,Granisle|BC Hydro|ELEC|MIXED,MISSING_YEAR
2018,Granisle,BC Hydro,ELEC,MIXED,Granisle|BC Hydro|ELEC|MIXED,MISSING_YEAR
2019,Granisle,BC Hydro,ELEC,MIXED,Granisle|BC Hydro|ELEC|MIXED,MISSING_YEAR
2020,Granisle,BC Hydro,ELEC,MIXED,Granisle|BC Hydro|ELEC|MIXED,MISSING_YEAR
2007,Granisle,BC Hydro,ELEC,MIXED,Granisle|BC Hydro|ELEC|MIXED,MISSING_YEAR
2010,Granisle,BC Hydro,ELEC,MIXED,Granisle|BC Hydro|ELEC|MIXED,MISSING_YEAR
2012,Granisle,BC Hydro,ELEC,MIXED,Granisle|BC Hydro|ELEC|MIXED,MISSING_YEAR
2013,Granisle,BC Hydro,ELEC,MIXED,Granisle|BC Hydro|ELEC|MIXED,MISSING_YEAR
2014,Granisle,BC Hydro,ELEC,MIXED,Granisle|BC Hydro|ELEC|MIXED,MISSING_YEAR
2015,Granisle,BC Hydro,ELEC,MIXED,Granisle|BC Hydro|ELEC|MIXED,MISSING_YEAR
2016,Harrison Hot Springs,BC Hydro,ELEC,MIXED,Harrison Hot Springs|BC Hydro|ELEC|MIXED,MISSING_YEAR
2017,Harrison Hot Springs,BC Hydro,ELEC,MIXED,Harrison Hot Springs|BC Hydro|ELEC|MIXED,MISSING_YEAR
2018,Harrison Hot Springs,BC Hydro,ELEC,MIXED,Harrison Hot Springs|BC Hydro|ELEC|MIXED,MISSING_YEAR
2019,Harrison Hot Springs,BC Hydro,ELEC,MIXED,Harrison Hot Springs|BC Hydro|ELEC|MIXED,MISSING_YEAR
2020,Harrison Hot Springs,BC Hydro,ELEC,MIXED,Harrison Hot Springs|BC Hydro|ELEC|MIXED,MISSING_YEAR
2007,Harrison Hot Springs,BC Hydro,ELEC,MIXED,Harrison Hot Springs|BC Hydro|ELEC|MIXED,MISSING_YEAR
2010,Harrison Hot Springs,BC Hydro,ELEC,MIXED,Harrison Hot Springs|BC Hydro|ELEC|MIXED,MISSING_YEAR
2012,Harrison Hot Springs,BC Hydro,ELEC,MIXED,Harrison Hot Springs|BC Hydro|ELEC|MIXED,MISSING_YEAR
2013,Harrison Hot Springs,BC Hydro,ELEC,MIXED,Harrison Hot Springs|BC Hydro|ELEC|MIXED,MISSING_YEAR
2014,Harrison Hot Springs,BC Hydro,ELEC,MIXED,Harrison Hot Springs|BC Hydro|ELEC|MIXED,MISSING_YEAR
2015,Harrison Hot Springs,BC Hydro,ELEC,MIXED,Harrison Hot Springs|BC Hydro|ELEC|MIXED,MISSING_YEAR
2016,Hazelton,BC Hydro,ELEC,MIXED,Hazelton|BC Hydro|ELEC|MIXED,MISSING_YEAR
2017,Hazelton,BC Hydro,ELEC,MIXED,Hazelton|BC Hydro|ELEC|MIXED,MISSING_YEAR
2018,Hazelton,BC Hydro,ELEC,MIXED,Hazelton|BC Hydro|ELEC|MIXED,MISSING_YEAR
2019,Hazelton,BC Hydro,ELEC,MIXED,Hazelton|BC Hydro|ELEC|MIXED,MISSING_YEAR
2020,Hazelton,BC Hydro,ELEC,MIXED,Hazelton|BC Hydro|ELEC|MIXED,MISSING_YEAR
2007,Hazelton,BC Hydro,ELEC,MIXED,Hazelton|BC Hydro|ELEC|MIXED,MISSING_YEAR
2010,Hazelton,BC Hydro,ELEC,MIXED,Hazelton|BC Hydro|ELEC|MIXED,MISSING_YEAR
2012,Hazelton,BC Hydro,ELEC,MIXED,Hazelton|BC Hydro|ELEC|MIXED,MISSING_YEAR
2013,Hazelton,BC Hydro,ELEC,MIXED,Hazelton|BC Hydro|ELEC|MIXED,MISSING_YEAR
2014,Hazelton,BC Hydro,ELEC,MIXED,Hazelton|BC Hydro|ELEC|MIXED,MISSING_YEAR
2015,Hazelton,BC Hydro,ELEC,MIXED,Hazelton|BC Hydro|ELEC|MIXED,MISSING_YEAR
2016,Highlands,BC Hydro,ELEC,MIXED,Highlands|BC Hydro|ELEC|MIXED,MISSING_YEAR
2017,Highlands,BC Hydro,ELEC,MIXED,Highlands|BC Hydro|ELEC|MIXED,MISSING_YEAR
2018,Highlands,BC Hydro,ELEC,MIXED,Highlands|BC Hydro|ELEC|MIXED,MISSING_YEAR
2019,Highlands,BC Hydro,ELEC,MIXED,Highlands|BC Hydro|ELEC|MIXED,MISSING_YEAR
2020,Highlands,BC Hydro,ELEC,MIXED,Highlands|BC Hydro|ELEC|MIXED,MISSING_YEAR
2007,Highlands,BC Hydro,ELEC,MIXED,Highlands|BC Hydro|ELEC|MIXED,MISSING_YEAR
2010,Highlands,BC Hydro,ELEC,MIXED,Highlands|BC Hydro|ELEC|MIXED,MISSING_YEAR
2012,Highlands,BC Hydro,ELEC,MIXED,Highlands|BC Hydro|ELEC|MIXED,MISSING_YEAR
2013,Highlands,BC Hydro,ELEC,MIXED,Highlands|BC Hydro|ELEC|MIXED,MISSING_YEAR
2014,Highlands,BC Hydro,ELEC,MIXED,Highlands|BC Hydro|ELEC|MIXED,MISSING_YEAR
2015,Highlands,BC Hydro,ELEC,MIXED,Highlands|BC Hydro|ELEC|MIXED,MISSING_YEAR
2016,Hope,BC Hydro,ELEC,MIXED,Hope|BC Hydro|ELEC|MIXED,MISSING_YEAR
2017,Hope,BC Hydro,ELEC,MIXED,Hope|BC Hydro|ELEC|MIXED,MISSING_YEAR
2018,Hope,BC Hydro,ELEC,MIXED,Hope|BC Hydro|ELEC|MIXED,MISSING_YEAR
2019,Hope,BC Hydro,ELEC,MIXED,Hope|BC Hydro|ELEC|MIXED,MISSING_YEAR
2020,Hope,BC Hydro,ELEC,MIXED,Hope|BC Hydro|ELEC|MIXED,MISSING_YEAR
2007,Hope,BC Hydro,ELEC,MIXED,Hope|BC Hydro|ELEC|MIXED,MISSING_YEAR
2010,Hope,BC Hydro,ELEC,MIXED,Hope|BC Hydro|ELEC|MIXED,MISSING_YEAR
2012,Hope,BC Hydro,ELEC,MIXED,Hope|BC Hydro|ELEC|MIXED,MISSING_YEAR
2013,Hope,BC Hydro,ELEC,MIXED,Hope|BC Hydro|ELEC|MIXED,MISSING_YEAR
2014,Hope,BC Hydro,ELEC,MIXED,Hope|BC Hydro|ELEC|MIXED,MISSING_YEAR
2015,Hope,BC Hydro,ELEC,MIXED,Hope|BC Hydro|ELEC|MIXED,MISSING_YEAR
2016,Houston,BC Hydro,ELEC,MIXED,Houston|BC Hydro|ELEC|MIXED,MISSING_YEAR
2017,Houston,BC Hydro,ELEC,MIXED,Houston|BC Hydro|ELEC|MIXED,MISSING_YEAR
2018,Houston,BC Hydro,ELEC,MIXED,Houston|BC Hydro|ELEC|MIXED,MISSING_YEAR
2019,Houston,BC Hydro,ELEC,MIXED,Houston|BC Hydro|ELEC|MIXED,MISSING_YEAR
2020,Houston,BC Hydro,ELEC,MIXED,Houston|BC Hydro|ELEC|MIXED,MISSING_YEAR
2007,Houston,BC Hydro,ELEC,MIXED,Houston|BC Hydro|ELEC|MIXED,MISSING_YEAR
2010,Houston,BC Hydro,ELEC,MIXED,Houston|BC Hydro|ELEC|MIXED,MISSING_YEAR
2012,Houston,BC Hydro,ELEC,MIXED,Houston|BC Hydro|ELEC|MIXED,MISSING_YEAR
2013,Houston,BC Hydro,ELEC,MIXED,Houston|BC Hydro|ELEC|MIXED,MISSING_YEAR
2014,Houston,BC Hydro,ELEC,MIXED,Houston|BC Hydro|ELEC|MIXED,MISSING_YEAR
2015,Houston,BC Hydro,ELEC,MIXED,Houston|BC Hydro|ELEC|MIXED,MISSING_YEAR
2016,Hudson's Hope,BC Hydro,ELEC,MIXED,Hudson's Hope|BC Hydro|ELEC|MIXED,MISSING_YEAR
2017,Hudson's Hope,BC Hydro,ELEC,MIXED,Hudson's Hope|BC Hydro|ELEC|MIXED,MISSING_YEAR
2018,Hudson's Hope,BC Hydro,ELEC,MIXED,Hudson's Hope|BC Hydro|ELEC|MIXED,MISSING_YEAR
2019,Hudson's Hope,BC Hydro,ELEC,MIXED,Hudson's Hope|BC Hydro|ELEC|MIXED,MISSING_YEAR
2020,Hudson's Hope,BC Hydro,ELEC,MIXED,Hudson's Hope|BC Hydro|ELEC|MIXED,MISSING_YEAR
2007,Hudson's Hope,BC Hydro,ELEC,MIXED,Hudson's Hope|BC Hydro|ELEC|MIXED,MISSING_YEAR
2010,Hudson's Hope,BC Hydro,ELEC,MIXED,Hudson's Hope|BC Hydro|ELEC|MIXED,MISSING_YEAR
2012,Hudson's Hope,BC Hydro,ELEC,MIXED,Hudson's Hope|BC Hydro|ELEC|MIXED,MISSING_YEAR
2013,Hudson's Hope,BC Hydro,ELEC,MIXED,Hudson's Hope|BC Hydro|ELEC|MIXED,MISSING_YEAR
2014,Hudson's Hope,BC Hydro,ELEC,MIXED,Hudson's Hope|BC Hydro|ELEC|MIXED,MISSING_YEAR
2015,Hudson's Hope,BC Hydro,ELEC,MIXED,Hudson's Hope|BC Hydro|ELEC|MIXED,MISSING_YEAR
2016,Invermere,BC Hydro,ELEC,MIXED,Invermere|BC Hydro|ELEC|MIXED,MISSING_YEAR
2017,Invermere,BC Hydro,ELEC,MIXED,Invermere|BC Hydro|ELEC|MIXED,MISSING_YEAR
2018,Invermere,BC Hydro,ELEC,MIXED,Invermere|BC Hydro|ELEC|MIXED,MISSING_YEAR
2019,Invermere,BC Hydro,ELEC,MIXED,Invermere|BC Hydro|ELEC|MIXED,MISSING_YEAR
2020,Invermere,BC Hydro,ELEC,MIXED,Invermere|BC Hydro|ELEC|MIXED,MISSING_YEAR
2007,Invermere,BC Hydro,ELEC,MIXED,Invermere|BC Hydro|ELEC|MIXED,MISSING_YEAR
2010,Invermere,BC Hydro,ELEC,MIXED,Invermere|BC Hydro|ELEC|MIXED,MISSING_YEAR
2012,Invermere,BC Hydro,ELEC,MIXED,Invermere|BC Hydro|ELEC|MIXED,MISSING_YEAR
2013,Invermere,BC Hydro,ELEC,MIXED,Invermere|BC Hydro|ELEC|MIXED,MISSING_YEAR
2014,Invermere,BC Hydro,ELEC,MIXED,Invermere|BC Hydro|ELEC|MIXED,MISSING_YEAR
2015,Invermere,BC Hydro,ELEC,MIXED,Invermere|BC Hydro|ELEC|MIXED,MISSING_YEAR
2016,Kamloops,BC Hydro,ELEC,MIXED,Kamloops|BC Hydro|ELEC|MIXED,MISSING_YEAR
2017,Kamloops,BC Hydro,ELEC,MIXED,Kamloops|BC Hydro|ELEC|MIXED,MISSING_YEAR
2018,Kamloops,BC Hydro,ELEC,MIXED,Kamloops|BC Hydro|ELEC|MIXED,MISSING_YEAR
2019,Kamloops,BC Hydro,ELEC,MIXED,Kamloops|BC Hydro|ELEC|MIXED,MISSING_YEAR
2020,Kamloops,BC Hydro,ELEC,MIXED,Kamloops|BC Hydro|ELEC|MIXED,MISSING_YEAR
2007,Kamloops,BC Hydro,ELEC,MIXED,Kamloops|BC Hydro|ELEC|MIXED,MISSING_YEAR
2010,Kamloops,BC Hydro,ELEC,MIXED,Kamloops|BC Hydro|ELEC|MIXED,MISSING_YEAR
2012,Kamloops,BC Hydro,ELEC,MIXED,Kamloops|BC Hydro|ELEC|MIXED,MISSING_YEAR
2013,Kamloops,BC Hydro,ELEC,MIXED,Kamloops|BC Hydro|ELEC|MIXED,MISSING_YEAR
2014,Kamloops,BC Hydro,ELEC,MIXED,Kamloops|BC Hydro|ELEC|MIXED,MISSING_YEAR
2015,Kamloops,BC Hydro,ELEC,MIXED,Kamloops|BC Hydro|ELEC|MIXED,MISSING_YEAR
2016,Kelowna,BC Hydro,ELEC,MIXED,Kelowna|BC Hydro|ELEC|MIXED,MISSING_YEAR
2017,Kelowna,BC Hydro,ELEC,MIXED,Kelowna|BC Hydro|ELEC|MIXED,MISSING_YEAR
2018,Kelowna,BC Hydro,ELEC,MIXED,Kelowna|BC Hydro|ELEC|MIXED,MISSING_YEAR
2019,Kelowna,BC Hydro,ELEC,MIXED,Kelowna|BC Hydro|ELEC|MIXED,MISSING_YEAR
2020,Kelowna,BC Hydro,ELEC,MIXED,Kelowna|BC Hydro|ELEC|MIXED,MISSING_YEAR
2007,Kelowna,BC Hydro,ELEC,MIXED,Kelowna|BC Hydro|ELEC|MIXED,MISSING_YEAR
2010,Kelowna,BC Hydro,ELEC,MIXED,Kelowna|BC Hydro|ELEC|MIXED,MISSING_YEAR
2012,Kelowna,BC Hydro,ELEC,MIXED,Kelowna|BC Hydro|ELEC|MIXED,MISSING_YEAR
2013,Kelowna,BC Hydro,ELEC,MIXED,Kelowna|BC Hydro|ELEC|MIXED,MISSING_YEAR
2014,Kelowna,BC Hydro,ELEC,MIXED,Kelowna|BC Hydro|ELEC|MIXED,MISSING_YEAR
2015,Kelowna,BC Hydro,ELEC,MIXED,Kelowna|BC Hydro|ELEC|MIXED,MISSING_YEAR
2016,Kent,BC Hydro,ELEC,MIXED,Kent|BC Hydro|ELEC|MIXED,MISSING_YEAR
2017,Kent,BC Hydro,ELEC,MIXED,Kent|BC Hydro|ELEC|MIXED,MISSING_YEAR
2018,Kent,BC Hydro,ELEC,MIXED,Kent|BC Hydro|ELEC|MIXED,MISSING_YEAR
2019,Kent,BC Hydro,ELEC,MIXED,Kent|BC Hydro|ELEC|MIXED,MISSING_YEAR
2020,Kent,BC Hydro,ELEC,MIXED,Kent|BC Hydro|ELEC|MIXED,MISSING_YEAR
2007,Kent,BC Hydro,ELEC,MIXED,Kent|BC Hydro|ELEC|MIXED,MISSING_YEAR
2010,Kent,BC Hydro,ELEC,MIXED,Kent|BC Hydro|ELEC|MIXED,MISSING_YEAR
2012,Kent,BC Hydro,ELEC,MIXED,Kent|BC Hydro|ELEC|MIXED,MISSING_YEAR
2013,Kent,BC Hydro,ELEC,MIXED,Kent|BC Hydro|ELEC|MIXED,MISSING_YEAR
2014,Kent,BC Hydro,ELEC,MIXED,Kent|BC Hydro|ELEC|MIXED,MISSING_YEAR
2015,Kent,BC Hydro,ELEC,MIXED,Kent|BC Hydro|ELEC|MIXED,MISSING_YEAR
2016,Kimberley,BC Hydro,ELEC,MIXED,Kimberley|BC Hydro|ELEC|MIXED,MISSING_YEAR
2017,Kimberley,BC Hydro,ELEC,MIXED,Kimberley|BC Hydro|ELEC|MIXED,MISSING_YEAR
2018,Kimberley,BC Hydro,ELEC,MIXED,Kimberley|BC Hydro|ELEC|MIXED,MISSING_YEAR
2019,Kimberley,BC Hydro,ELEC,MIXED,Kimberley|BC Hydro|ELEC|MIXED,MISSING_YEAR
2020,Kimberley,BC Hydro,ELEC,MIXED,Kimberley|BC Hydro|ELEC|MIXED,MISSING_YEAR
2007,Kimberley,BC Hydro,ELEC,MIXED,Kimberley|BC Hydro|ELEC|MIXED,MISSING_YEAR
2010,Kimberley,BC Hydro,ELEC,MIXED,Kimberley|BC Hydro|ELEC|MIXED,MISSING_YEAR
2012,Kimberley,BC Hydro,ELEC,MIXED,Kimberley|BC Hydro|ELEC|MIXED,MISSING_YEAR
2013,Kimberley,BC Hydro,ELEC,MIXED,Kimberley|BC Hydro|ELEC|MIXED,MISSING_YEAR
2014,Kimberley,BC Hydro,ELEC,MIXED,Kimberley|BC Hydro|ELEC|MIXED,MISSING_YEAR
2015,Kimberley,BC Hydro,ELEC,MIXED,Kimberley|BC Hydro|ELEC|MIXED,MISSING_YEAR
2016,Kitimat,BC Hydro,ELEC,MIXED,Kitimat|BC Hydro|ELEC|MIXED,MISSING_YEAR
2017,Kitimat,BC Hydro,ELEC,MIXED,Kitimat|BC Hydro|ELEC|MIXED,MISSING_YEAR
2018,Kitimat,BC Hydro,ELEC,MIXED,Kitimat|BC Hydro|ELEC|MIXED,MISSING_YEAR
2019,Kitimat,BC Hydro,ELEC,MIXED,Kitimat|BC Hydro|ELEC|MIXED,MISSING_YEAR
2020,Kitimat,BC Hydro,ELEC,MIXED,Kitimat|BC Hydro|ELEC|MIXED,MISSING_YEAR
2007,Kitimat,BC Hydro,ELEC,MIXED,Kitimat|BC Hydro|ELEC|MIXED,MISSING_YEAR
2010,Kitimat,BC Hydro,ELEC,MIXED,Kitimat|BC Hydro|ELEC|MIXED,MISSING_YEAR
2012,Kitimat,BC Hydro,ELEC,MIXED,Kitimat|BC Hydro|ELEC|MIXED,MISSING_YEAR
2013,Kitimat,BC Hydro,ELEC,MIXED,Kitimat|BC Hydro|ELEC|MIXED,MISSING_YEAR
2014,Kitimat,BC Hydro,ELEC,MIXED,Kitimat|BC Hydro|ELEC|MIXED,MISSING_YEAR
2015,Kitimat,BC Hydro,ELEC,MIXED,Kitimat|BC Hydro|ELEC|MIXED,MISSING_YEAR
2016,Ladysmith,BC Hydro,ELEC,MIXED,Ladysmith|BC Hydro|ELEC|MIXED,MISSING_YEAR
2017,Ladysmith,BC Hydro,ELEC,MIXED,Ladysmith|BC Hydro|ELEC|MIXED,MISSING_YEAR
2018,Ladysmith,BC Hydro,ELEC,MIXED,Ladysmith|BC Hydro|ELEC|MIXED,MISSING_YEAR
2019,Ladysmith,BC Hydro,ELEC,MIXED,Ladysmith|BC Hydro|ELEC|MIXED,MISSING_YEAR
2020,Ladysmith,BC Hydro,ELEC,MIXED,Ladysmith|BC Hydro|ELEC|MIXED,MISSING_YEAR
2007,Ladysmith,BC Hydro,ELEC,MIXED,Ladysmith|BC Hydro|ELEC|MIXED,MISSING_YEAR
2010,Ladysmith,BC Hydro,ELEC,MIXED,Ladysmith|BC Hydro|ELEC|MIXED,MISSING_YEAR
2012,Ladysmith,BC Hydro,ELEC,MIXED,Ladysmith|BC Hydro|ELEC|MIXED,MISSING_YEAR
2013,Ladysmith,BC Hydro,ELEC,MIXED,Ladysmith|BC Hydro|ELEC|MIXED,MISSING_YEAR
2014,Ladysmith,BC Hydro,ELEC,MIXED,Ladysmith|BC Hydro|ELEC|MIXED,MISSING_YEAR
2015,Ladysmith,BC Hydro,ELEC,MIXED,Ladysmith|BC Hydro|ELEC|MIXED,MISSING_YEAR
2016,Lake Country,BC Hydro,ELEC,MIXED,Lake Country|BC Hydro|ELEC|MIXED,MISSING_YEAR
2017,Lake Country,BC Hydro,ELEC,MIXED,Lake Country|BC Hydro|ELEC|MIXED,MISSING_YEAR
2018,Lake Country,BC Hydro,ELEC,MIXED,Lake Country|BC Hydro|ELEC|MIXED,MISSING_YEAR
2019,Lake Country,BC Hydro,ELEC,MIXED,Lake Country|BC Hydro|ELEC|MIXED,MISSING_YEAR
2020,Lake Country,BC Hydro,ELEC,MIXED,Lake Country|BC Hydro|ELEC|MIXED,MISSING_YEAR
2007,Lake Country,BC Hydro,ELEC,MIXED,Lake Country|BC Hydro|ELEC|MIXED,MISSING_YEAR
2010,Lake Country,BC Hydro,ELEC,MIXED,Lake Country|BC Hydro|ELEC|MIXED,MISSING_YEAR
2012,Lake Country,BC Hydro,ELEC,MIXED,Lake Country|BC Hydro|ELEC|MIXED,MISSING_YEAR
2013,Lake Country,BC Hydro,ELEC,MIXED,Lake Country|BC Hydro|ELEC|MIXED,MISSING_YEAR
2014,Lake Country,BC Hydro,ELEC,MIXED,Lake Country|BC Hydro|ELEC|MIXED,MISSING_YEAR
2015,Lake Country,BC Hydro,ELEC,MIXED,Lake Country|BC Hydro|ELEC|MIXED,MISSING_YEAR
2016,Lake Cowichan,BC Hydro,ELEC,MIXED,Lake Cowichan|BC Hydro|ELEC|MIXED,MISSING_YEAR
2017,Lake Cowichan,BC Hydro,ELEC,MIXED,Lake Cowichan|BC Hydro|ELEC|MIXED,MISSING_YEAR
2018,Lake Cowichan,BC Hydro,ELEC,MIXED,Lake Cowichan|BC Hydro|ELEC|MIXED,MISSING_YEAR
2019,Lake Cowichan,BC Hydro,ELEC,MIXED,Lake Cowichan|BC Hydro|ELEC|MIXED,MISSING_YEAR
2020,Lake Cowichan,BC Hydro,ELEC,MIXED,Lake Cowichan|BC Hydro|ELEC|MIXED,MISSING_YEAR
2007,Lake Cowichan,BC Hydro,ELEC,MIXED,Lake Cowichan|BC Hydro|ELEC|MIXED,MISSING_YEAR
2010,Lake Cowichan,BC Hydro,ELEC,MIXED,Lake Cowichan|BC Hydro|ELEC|MIXED,MISSING_YEAR
2012,Lake Cowichan,BC Hydro,ELEC,MIXED,Lake Cowichan|BC Hydro|ELEC|MIXED,MISSING_YEAR
2013,Lake Cowichan,BC Hydro,ELEC,MIXED,Lake Cowichan|BC Hydro|ELEC|MIXED,MISSING_YEAR
2014,Lake Cowichan,BC Hydro,ELEC,MIXED,Lake Cowichan|BC Hydro|ELEC|MIXED,MISSING_YEAR
2015,Lake Cowichan,BC Hydro,ELEC,MIXED,Lake Cowichan|BC Hydro|ELEC|MIXED,MISSING_YEAR
2016,Langford,BC Hydro,ELEC,MIXED,Langford|BC Hydro|ELEC|MIXED,MISSING_YEAR
2017,Langford,BC Hydro,ELEC,MIXED,Langford|BC Hydro|ELEC|MIXED,MISSING_YEAR
2018,Langford,BC Hydro,ELEC,MIXED,Langford|BC Hydro|ELEC|MIXED,MISSING_YEAR
2019,Langford,BC Hydro,ELEC,MIXED,Langford|BC Hydro|ELEC|MIXED,MISSING_YEAR
2020,Langford,BC Hydro,ELEC,MIXED,Langford|BC Hydro|ELEC|MIXED,MISSING_YEAR
2007,Langford,BC Hydro,ELEC,MIXED,Langford|BC Hydro|ELEC|MIXED,MISSING_YEAR
2010,Langford,BC Hydro,ELEC,MIXED,Langford|BC Hydro|ELEC|MIXED,MISSING_YEAR
2012,Langford,BC Hydro,ELEC,MIXED,Langford|BC Hydro|ELEC|MIXED,MISSING_YEAR
2013,Langford,BC Hydro,ELEC,MIXED,Langford|BC Hydro|ELEC|MIXED,MISSING_YEAR
2014,Langford,BC Hydro,ELEC,MIXED,Langford|BC Hydro|ELEC|MIXED,MISSING_YEAR
2015,Langford,BC Hydro,ELEC,MIXED,Langford|BC Hydro|ELEC|MIXED,MISSING_YEAR
2016,Langley City,BC Hydro,ELEC,MIXED,Langley City|BC Hydro|ELEC|MIXED,MISSING_YEAR
2017,Langley City,BC Hydro,ELEC,MIXED,Langley City|BC Hydro|ELEC|MIXED,MISSING_YEAR
2018,Langley City,BC Hydro,ELEC,MIXED,Langley City|BC Hydro|ELEC|MIXED,MISSING_YEAR
2019,Langley City,BC Hydro,ELEC,MIXED,Langley City|BC Hydro|ELEC|MIXED,MISSING_YEAR
2020,Langley City,BC Hydro,ELEC,MIXED,Langley City|BC Hydro|ELEC|MIXED,MISSING_YEAR
2007,Langley City,BC Hydro,ELEC,MIXED,Langley City|BC Hydro|ELEC|MIXED,MISSING_YEAR
2010,Langley City,BC Hydro,ELEC,MIXED,Langley City|BC Hydro|ELEC|MIXED,MISSING_YEAR
2012,Langley City,BC Hydro,ELEC,MIXED,Langley City|BC Hydro|ELEC|MIXED,MISSING_YEAR
2013,Langley City,BC Hydro,ELEC,MIXED,Langley City|BC Hydro|ELEC|MIXED,MISSING_YEAR
2014,Langley City,BC Hydro,ELEC,MIXED,Langley City|BC Hydro|ELEC|MIXED,MISSING_YEAR
2015,Langley City,BC Hydro,ELEC,MIXED,Langley City|BC Hydro|ELEC|MIXED,MISSING_YEAR
2016,Langley Township,BC Hydro,ELEC,MIXED,Langley Township|BC Hydro|ELEC|MIXED,MISSING_YEAR
2017,Langley Township,BC Hydro,ELEC,MIXED,Langley Township|BC Hydro|ELEC|MIXED,MISSING_YEAR
2018,Langley Township,BC Hydro,ELEC,MIXED,Langley Township|BC Hydro|ELEC|MIXED,MISSING_YEAR
2019,Langley Township,BC Hydro,ELEC,MIXED,Langley Township|BC Hydro|ELEC|MIXED,MISSING_YEAR
2020,Langley Township,BC Hydro,ELEC,MIXED,Langley Township|BC Hydro|ELEC|MIXED,MISSING_YEAR
2007,Langley Township,BC Hydro,ELEC,MIXED,Langley Township|BC Hydro|ELEC|MIXED,MISSING_YEAR
2010,Langley Township,BC Hydro,ELEC,MIXED,Langley Township|BC Hydro|ELEC|MIXED,MISSING_YEAR
2012,Langley Township,BC Hydro,ELEC,MIXED,Langley Township|BC Hydro|ELEC|MIXED,MISSING_YEAR
2013,Langley Township,BC Hydro,ELEC,MIXED,Langley Township|BC Hydro|ELEC|MIXED,MISSING_YEAR
2014,Langley Township,BC Hydro,ELEC,MIXED,Langley Township|BC Hydro|ELEC|MIXED,MISSING_YEAR
2015,Langley Township,BC Hydro,ELEC,MIXED,Langley Township|BC Hydro|ELEC|MIXED,MISSING_YEAR
2016,Lantzville,BC Hydro,ELEC,MIXED,Lantzville|BC Hydro|ELEC|MIXED,MISSING_YEAR
2017,Lantzville,BC Hydro,ELEC,MIXED,Lantzville|BC Hydro|ELEC|MIXED,MISSING_YEAR
2018,Lantzville,BC Hydro,ELEC,MIXED,Lantzville|BC Hydro|ELEC|MIXED,MISSING_YEAR
2019,Lantzville,BC Hydro,ELEC,MIXED,Lantzville|BC Hydro|ELEC|MIXED,MISSING_YEAR
2020,Lantzville,BC Hydro,ELEC,MIXED,Lantzville|BC Hydro|ELEC|MIXED,MISSING_YEAR
2007,Lantzville,BC Hydro,ELEC,MIXED,Lantzville|BC Hydro|ELEC|MIXED,MISSING_YEAR
2010,Lantzville,BC Hydro,ELEC,MIXED,Lantzville|BC Hydro|ELEC|MIXED,MISSING_YEAR
2012,Lantzville,BC Hydro,ELEC,MIXED,Lantzville|BC Hydro|ELEC|MIXED,MISSING_YEAR
2013,Lantzville,BC Hydro,ELEC,MIXED,Lantzville|BC Hydro|ELEC|MIXED,MISSING_YEAR
2014,Lantzville,BC Hydro,ELEC,MIXED,Lantzville|BC Hydro|ELEC|MIXED,MISSING_YEAR
2015,Lantzville,BC Hydro,ELEC,MIXED,Lantzville|BC Hydro|ELEC|MIXED,MISSING_YEAR
2016,Lillooet,BC Hydro,ELEC,MIXED,Lillooet|BC Hydro|ELEC|MIXED,MISSING_YEAR
2017,Lillooet,BC Hydro,ELEC,MIXED,Lillooet|BC Hydro|ELEC|MIXED,MISSING_YEAR
2018,Lillooet,BC Hydro,ELEC,MIXED,Lillooet|BC Hydro|ELEC|MIXED,MISSING_YEAR
2019,Lillooet,BC Hydro,ELEC,MIXED,Lillooet|BC Hydro|ELEC|MIXED,MISSING_YEAR
2020,Lillooet,BC Hydro,ELEC,MIXED,Lillooet|BC Hydro|ELEC|MIXED,MISSING_YEAR
2007,Lillooet,BC Hydro,ELEC,MIXED,Lillooet|BC Hydro|ELEC|MIXED,MISSING_YEAR
2010,Lillooet,BC Hydro,ELEC,MIXED,Lillooet|BC Hydro|ELEC|MIXED,MISSING_YEAR
2012,Lillooet,BC Hydro,ELEC,MIXED,Lillooet|BC Hydro|ELEC|MIXED,MISSING_YEAR
2013,Lillooet,BC Hydro,ELEC,MIXED,Lillooet|BC Hydro|ELEC|MIXED,MISSING_YEAR
2014,Lillooet,BC Hydro,ELEC,MIXED,Lillooet|BC Hydro|ELEC|MIXED,MISSING_YEAR
2015,Lillooet,BC Hydro,ELEC,MIXED,Lillooet|BC Hydro|ELEC|MIXED,MISSING_YEAR
2016,Lions Bay,BC Hydro,ELEC,MIXED,Lions Bay|BC Hydro|ELEC|MIXED,MISSING_YEAR
2017,Lions Bay,BC Hydro,ELEC,MIXED,Lions Bay|BC Hydro|ELEC|MIXED,MISSING_YEAR
2018,Lions Bay,BC Hydro,ELEC,MIXED,Lions Bay|BC Hydro|ELEC|MIXED,MISSING_YEAR
2019,Lions Bay,BC Hydro,ELEC,MIXED,Lions Bay|BC Hydro|ELEC|MIXED,MISSING_YEAR
2020,Lions Bay,BC Hydro,ELEC,MIXED,Lions Bay|BC Hydro|ELEC|MIXED,MISSING_YEAR
2007,Lions Bay,BC Hydro,ELEC,MIXED,Lions Bay|BC Hydro|ELEC|MIXED,MISSING_YEAR
2010,Lions Bay,BC Hydro,ELEC,MIXED,Lions Bay|BC Hydro|ELEC|MIXED,MISSING_YEAR
2012,Lions Bay,BC Hydro,ELEC,MIXED,Lions Bay|BC Hydro|ELEC|MIXED,MISSING_YEAR
2013,Lions Bay,BC Hydro,ELEC,MIXED,Lions Bay|BC Hydro|ELEC|MIXED,MISSING_YEAR
2014,Lions Bay,BC Hydro,ELEC,MIXED,Lions Bay|BC Hydro|ELEC|MIXED,MISSING_YEAR
2015,Lions Bay,BC Hydro,ELEC,MIXED,Lions Bay|BC Hydro|ELEC|MIXED,MISSING_YEAR
2016,Logan Lake,BC Hydro,ELEC,MIXED,Logan Lake|BC Hydro|ELEC|MIXED,MISSING_YEAR
2017,Logan Lake,BC Hydro,ELEC,MIXED,Logan Lake|BC Hydro|ELEC|MIXED,MISSING_YEAR
2018,Logan Lake,BC Hydro,ELEC,MIXED,Logan Lake|BC Hydro|ELEC|MIXED,MISSING_YEAR
2019,Logan Lake,BC Hydro,ELEC,MIXED,Logan Lake|BC Hydro|ELEC|MIXED,MISSING_YEAR
2020,Logan Lake,BC Hydro,ELEC,MIXED,Logan Lake|BC Hydro|ELEC|MIXED,MISSING_YEAR
2007,Logan Lake,BC Hydro,ELEC,MIXED,Logan Lake|BC Hydro|ELEC|MIXED,MISSING_YEAR
2010,Logan Lake,BC Hydro,ELEC,MIXED,Logan Lake|BC Hydro|ELEC|MIXED,MISSING_YEAR
2012,Logan Lake,BC Hydro,ELEC,MIXED,Logan Lake|BC Hydro|ELEC|MIXED,MISSING_YEAR
2013,Logan Lake,BC Hydro,ELEC,MIXED,Logan Lake|BC Hydro|ELEC|MIXED,MISSING_YEAR
2014,Logan Lake,BC Hydro,ELEC,MIXED,Logan Lake|BC Hydro|ELEC|MIXED,MISSING_YEAR
2015,Logan Lake,BC Hydro,ELEC,MIXED,Logan Lake|BC Hydro|ELEC|MIXED,MISSING_YEAR
2016,Lumby,BC Hydro,ELEC,MIXED,Lumby|BC Hydro|ELEC|MIXED,MISSING_YEAR
2017,Lumby,BC Hydro,ELEC,MIXED,Lumby|BC Hydro|ELEC|MIXED,MISSING_YEAR
2018,Lumby,BC Hydro,ELEC,MIXED,Lumby|BC Hydro|ELEC|MIXED,MISSING_YEAR
2019,Lumby,BC Hydro,ELEC,MIXED,Lumby|BC Hydro|ELEC|MIXED,MISSING_YEAR
2020,Lumby,BC Hydro,ELEC,MIXED,Lumby|BC Hydro|ELEC|MIXED,MISSING_YEAR
2007,Lumby,BC Hydro,ELEC,MIXED,Lumby|BC Hydro|ELEC|MIXED,MISSING_YEAR
2010,Lumby,BC Hydro,ELEC,MIXED,Lumby|BC Hydro|ELEC|MIXED,MISSING_YEAR
2012,Lumby,BC Hydro,ELEC,MIXED,Lumby|BC Hydro|ELEC|MIXED,MISSING_YEAR
2013,Lumby,BC Hydro,ELEC,MIXED,Lumby|BC Hydro|ELEC|MIXED,MISSING_YEAR
2014,Lumby,BC Hydro,ELEC,MIXED,Lumby|BC Hydro|ELEC|MIXED,MISSING_YEAR
2015,Lumby,BC Hydro,ELEC,MIXED,Lumby|BC Hydro|ELEC|MIXED,MISSING_YEAR
2016,Lytton,BC Hydro,ELEC,MIXED,Lytton|BC Hydro|ELEC|MIXED,MISSING_YEAR
2017,Lytton,BC Hydro,ELEC,MIXED,Lytton|BC Hydro|ELEC|MIXED,MISSING_YEAR
2018,Lytton,BC Hydro,ELEC,MIXED,Lytton|BC Hydro|ELEC|MIXED,MISSING_YEAR
2019,Lytton,BC Hydro,ELEC,MIXED,Lytton|BC Hydro|ELEC|MIXED,MISSING_YEAR
2020,Lytton,BC Hydro,ELEC,MIXED,Lytton|BC Hydro|ELEC|MIXED,MISSING_YEAR
2007,Lytton,BC Hydro,ELEC,MIXED,Lytton|BC Hydro|ELEC|MIXED,MISSING_YEAR
2010,Lytton,BC Hydro,ELEC,MIXED,Lytton|BC Hydro|ELEC|MIXED,MISSING_YEAR
2012,Lytton,BC Hydro,ELEC,MIXED,Lytton|BC Hydro|ELEC|MIXED,MISSING_YEAR
2013,Lytton,BC Hydro,ELEC,MIXED,Lytton|BC Hydro|ELEC|MIXED,MISSING_YEAR
2014,Lytton,BC Hydro,ELEC,MIXED,Lytton|BC Hydro|ELEC|MIXED,MISSING_YEAR
2015,Lytton,BC Hydro,ELEC,MIXED,Lytton|BC Hydro|ELEC|MIXED,MISSING_YEAR
2016,Mackenzie,BC Hydro,ELEC,MIXED,Mackenzie|BC Hydro|ELEC|MIXED,MISSING_YEAR
2017,Mackenzie,BC Hydro,ELEC,MIXED,Mackenzie|BC Hydro|ELEC|MIXED,MISSING_YEAR
2018,Mackenzie,BC Hydro,ELEC,MIXED,Mackenzie|BC Hydro|ELEC|MIXED,MISSING_YEAR
2019,Mackenzie,BC Hydro,ELEC,MIXED,Mackenzie|BC Hydro|ELEC|MIXED,MISSING_YEAR
2020,Mackenzie,BC Hydro,ELEC,MIXED,Mackenzie|BC Hydro|ELEC|MIXED,MISSING_YEAR
2007,Mackenzie,BC Hydro,ELEC,MIXED,Mackenzie|BC Hydro|ELEC|MIXED,MISSING_YEAR
2010,Mackenzie,BC Hydro,ELEC,MIXED,Mackenzie|BC Hydro|ELEC|MIXED,MISSING_YEAR
2012,Mackenzie,BC Hydro,ELEC,MIXED,Mackenzie|BC Hydro|ELEC|MIXED,MISSING_YEAR
2013,Mackenzie,BC Hydro,ELEC,MIXED,Mackenzie|BC Hydro|ELEC|MIXED,MISSING_YEAR
2014,Mackenzie,BC Hydro,ELEC,MIXED,Mackenzie|BC Hydro|ELEC|MIXED,MISSING_YEAR
2015,Mackenzie,BC Hydro,ELEC,MIXED,Mackenzie|BC Hydro|ELEC|MIXED,MISSING_YEAR
2016,Maple Ridge,BC Hydro,ELEC,MIXED,Maple Ridge|BC Hydro|ELEC|MIXED,MISSING_YEAR
2017,Maple Ridge,BC Hydro,ELEC,MIXED,Maple Ridge|BC Hydro|ELEC|MIXED,MISSING_YEAR
2018,Maple Ridge,BC Hydro,ELEC,MIXED,Maple Ridge|BC Hydro|ELEC|MIXED,MISSING_YEAR
2019,Maple Ridge,BC Hydro,ELEC,MIXED,Maple Ridge|BC Hydro|ELEC|MIXED,MISSING_YEAR
2020,Maple Ridge,BC Hydro,ELEC,MIXED,Maple Ridge|BC Hydro|ELEC|MIXED,MISSING_YEAR
2007,Maple Ridge,BC Hydro,ELEC,MIXED,Maple Ridge|BC Hydro|ELEC|MIXED,MISSING_YEAR
2010,Maple Ridge,BC Hydro,ELEC,MIXED,Maple Ridge|BC Hydro|ELEC|MIXED,MISSING_YEAR
2012,Maple Ridge,BC Hydro,ELEC,MIXED,Maple Ridge|BC Hydro|ELEC|MIXED,MISSING_YEAR
2013,Maple Ridge,BC Hydro,ELEC,MIXED,Maple Ridge|BC Hydro|ELEC|MIXED,MISSING_YEAR
2014,Maple Ridge,BC Hydro,ELEC,MIXED,Maple Ridge|BC Hydro|ELEC|MIXED,MISSING_YEAR
2015,Maple Ridge,BC Hydro,ELEC,MIXED,Maple Ridge|BC Hydro|ELEC|MIXED,MISSING_YEAR
2016,Masset,BC Hydro,ELEC,MIXED,Masset|BC Hydro|ELEC|MIXED,MISSING_YEAR
2017,Masset,BC Hydro,ELEC,MIXED,Masset|BC Hydro|ELEC|MIXED,MISSING_YEAR
2018,Masset,BC Hydro,ELEC,MIXED,Masset|BC Hydro|ELEC|MIXED,MISSING_YEAR
2019,Masset,BC Hydro,ELEC,MIXED,Masset|BC Hydro|ELEC|MIXED,MISSING_YEAR
2020,Masset,BC Hydro,ELEC,MIXED,Masset|BC Hydro|ELEC|MIXED,MISSING_YEAR
2007,Masset,BC Hydro,ELEC,MIXED,Masset|BC Hydro|ELEC|MIXED,MISSING_YEAR
2010,Masset,BC Hydro,ELEC,MIXED,Masset|BC Hydro|ELEC|MIXED,MISSING_YEAR
2012,Masset,BC Hydro,ELEC,MIXED,Masset|BC Hydro|ELEC|MIXED,MISSING_YEAR
2013,Masset,BC Hydro,ELEC,MIXED,Masset|BC Hydro|ELEC|MIXED,MISSING_YEAR
2014,Masset,BC Hydro,ELEC,MIXED,Masset|BC Hydro|ELEC|MIXED,MISSING_YEAR
2015,Masset,BC Hydro,ELEC,MIXED,Masset|BC Hydro|ELEC|MIXED,MISSING_YEAR
2016,McBride,BC Hydro,ELEC,MIXED,McBride|BC Hydro|ELEC|MIXED,MISSING_YEAR
2017,McBride,BC Hydro,ELEC,MIXED,McBride|BC Hydro|ELEC|MIXED,MISSING_YEAR
2018,McBride,BC Hydro,ELEC,MIXED,McBride|BC Hydro|ELEC|MIXED,MISSING_YEAR
2019,McBride,BC Hydro,ELEC,MIXED,McBride|BC Hydro|ELEC|MIXED,MISSING_YEAR
2020,McBride,BC Hydro,ELEC,MIXED,McBride|BC Hydro|ELEC|MIXED,MISSING_YEAR
2007,McBride,BC Hydro,ELEC,MIXED,McBride|BC Hydro|ELEC|MIXED,MISSING_YEAR
2010,McBride,BC Hydro,ELEC,MIXED,McBride|BC Hydro|ELEC|MIXED,MISSING_YEAR
2012,McBride,BC Hydro,ELEC,MIXED,McBride|BC Hydro|ELEC|MIXED,MISSING_YEAR
2013,McBride,BC Hydro,ELEC,MIXED,McBride|BC Hydro|ELEC|MIXED,MISSING_YEAR
2014,McBride,BC Hydro,ELEC,MIXED,McBride|BC Hydro|ELEC|MIXED,MISSING_YEAR
2015,McBride,BC Hydro,ELEC,MIXED,McBride|BC Hydro|ELEC|MIXED,MISSING_YEAR
2016,Merritt,BC Hydro,ELEC,MIXED,Merritt|BC Hydro|ELEC|MIXED,MISSING_YEAR
2017,Merritt,BC Hydro,ELEC,MIXED,Merritt|BC Hydro|ELEC|MIXED,MISSING_YEAR
2018,Merritt,BC Hydro,ELEC,MIXED,Merritt|BC Hydro|ELEC|MIXED,MISSING_YEAR
2019,Merritt,BC Hydro,ELEC,MIXED,Merritt|BC Hydro|ELEC|MIXED,MISSING_YEAR
2020,Merritt,BC Hydro,ELEC,MIXED,Merritt|BC Hydro|ELEC|MIXED,MISSING_YEAR
2007,Merritt,BC Hydro,ELEC,MIXED,Merritt|BC Hydro|ELEC|MIXED,MISSING_YEAR
2010,Merritt,BC Hydro,ELEC,MIXED,Merritt|BC Hydro|ELEC|MIXED,MISSING_YEAR
2012,Merritt,BC Hydro,ELEC,MIXED,Merritt|BC Hydro|ELEC|MIXED,MISSING_YEAR
2013,Merritt,BC Hydro,ELEC,MIXED,Merritt|BC Hydro|ELEC|MIXED,MISSING_YEAR
2014,Merritt,BC Hydro,ELEC,MIXED,Merritt|BC Hydro|ELEC|MIXED,MISSING_YEAR
2015,Merritt,BC Hydro,ELEC,MIXED,Merritt|BC Hydro|ELEC|MIXED,MISSING_YEAR
2016,Metchosin,BC Hydro,ELEC,MIXED,Metchosin|BC Hydro|ELEC|MIXED,MISSING_YEAR
2017,Metchosin,BC Hydro,ELEC,MIXED,Metchosin|BC Hydro|ELEC|MIXED,MISSING_YEAR
2018,Metchosin,BC Hydro,ELEC,MIXED,Metchosin|BC Hydro|ELEC|MIXED,MISSING_YEAR
2019,Metchosin,BC Hydro,ELEC,MIXED,Metchosin|BC Hydro|ELEC|MIXED,MISSING_YEAR
2020,Metchosin,BC Hydro,ELEC,MIXED,Metchosin|BC Hydro|ELEC|MIXED,MISSING_YEAR
2007,Metchosin,BC Hydro,ELEC,MIXED,Metchosin|BC Hydro|ELEC|MIXED,MISSING_YEAR
2010,Metchosin,BC Hydro,ELEC,MIXED,Metchosin|BC Hydro|ELEC|MIXED,MISSING_YEAR
2012,Metchosin,BC Hydro,ELEC,MIXED,Metchosin|BC Hydro|ELEC|MIXED,MISSING_YEAR
2013,Metchosin,BC Hydro,ELEC,MIXED,Metchosin|BC Hydro|ELEC|MIXED,MISSING_YEAR
2014,Metchosin,BC Hydro,ELEC,MIXED,Metchosin|BC Hydro|ELEC|MIXED,MISSING_YEAR
2015,Metchosin,BC Hydro,ELEC,MIXED,Metchosin|BC Hydro|ELEC|MIXED,MISSING_YEAR
2016,Mission,BC Hydro,ELEC,MIXED,Mission|BC Hydro|ELEC|MIXED,MISSING_YEAR
2017,Mission,BC Hydro,ELEC,MIXED,Mission|BC Hydro|ELEC|MIXED,MISSING_YEAR
2018,Mission,BC Hydro,ELEC,MIXED,Mission|BC Hydro|ELEC|MIXED,MISSING_YEAR
2019,Mission,BC Hydro,ELEC,MIXED,Mission|BC Hydro|ELEC|MIXED,MISSING_YEAR
2020,Mission,BC Hydro,ELEC,MIXED,Mission|BC Hydro|ELEC|MIXED,MISSING_YEAR
2007,Mission,BC Hydro,ELEC,MIXED,Mission|BC Hydro|ELEC|MIXED,MISSING_YEAR
2010,Mission,BC Hydro,ELEC,MIXED,Mission|BC Hydro|ELEC|MIXED,MISSING_YEAR
2012,Mission,BC Hydro,ELEC,MIXED,Mission|BC Hydro|ELEC|MIXED,MISSING_YEAR
2013,Mission,BC Hydro,ELEC,MIXED,Mission|BC Hydro|ELEC|MIXED,MISSING_YEAR
2014,Mission,BC Hydro,ELEC,MIXED,Mission|BC Hydro|ELEC|MIXED,MISSING_YEAR
2015,Mission,BC Hydro,ELEC,MIXED,Mission|BC Hydro|ELEC|MIXED,MISSING_YEAR
2016,Nakusp,BC Hydro,ELEC,MIXED,Nakusp|BC Hydro|ELEC|MIXED,MISSING_YEAR
2017,Nakusp,BC Hydro,ELEC,MIXED,Nakusp|BC Hydro|ELEC|MIXED,MISSING_YEAR
2018,Nakusp,BC Hydro,ELEC,MIXED,Nakusp|BC Hydro|ELEC|MIXED,MISSING_YEAR
2019,Nakusp,BC Hydro,ELEC,MIXED,Nakusp|BC Hydro|ELEC|MIXED,MISSING_YEAR
2020,Nakusp,BC Hydro,ELEC,MIXED,Nakusp|BC Hydro|ELEC|MIXED,MISSING_YEAR
2007,Nakusp,BC Hydro,ELEC,MIXED,Nakusp|BC Hydro|ELEC|MIXED,MISSING_YEAR
2010,Nakusp,BC Hydro,ELEC,MIXED,Nakusp|BC Hydro|ELEC|MIXED,MISSING_YEAR
2012,Nakusp,BC Hydro,ELEC,MIXED,Nakusp|BC Hydro|ELEC|MIXED,MISSING_YEAR
2013,Nakusp,BC Hydro,ELEC,MIXED,Nakusp|BC Hydro|ELEC|MIXED,MISSING_YEAR
2014,Nakusp,BC Hydro,ELEC,MIXED,Nakusp|BC Hydro|ELEC|MIXED,MISSING_YEAR
2015,Nakusp,BC Hydro,ELEC,MIXED,Nakusp|BC Hydro|ELEC|MIXED,MISSING_YEAR
2016,Nanaimo,BC Hydro,ELEC,MIXED,Nanaimo|BC Hydro|ELEC|MIXED,MISSING_YEAR
2017,Nanaimo,BC Hydro,ELEC,MIXED,Nanaimo|BC Hydro|ELEC|MIXED,MISSING_YEAR
2018,Nanaimo,BC Hydro,ELEC,MIXED,Nanaimo|BC Hydro|ELEC|MIXED,MISSING_YEAR
2019,Nanaimo,BC Hydro,ELEC,MIXED,Nanaimo|BC Hydro|ELEC|MIXED,MISSING_YEAR
2020,Nanaimo,BC Hydro,ELEC,MIXED,Nanaimo|BC Hydro|ELEC|MIXED,MISSING_YEAR
2007,Nanaimo,BC Hydro,ELEC,MIXED,Nanaimo|BC Hydro|ELEC|MIXED,MISSING_YEAR
2010,Nanaimo,BC Hydro,ELEC,MIXED,Nanaimo|BC Hydro|ELEC|MIXED,MISSING_YEAR
2012,Nanaimo,BC Hydro,ELEC,MIXED,Nanaimo|BC Hydro|ELEC|MIXED,MISSING_YEAR
2013,Nanaimo,BC Hydro,ELEC,MIXED,Nanaimo|BC Hydro|ELEC|MIXED,MISSING_YEAR
2014,Nanaimo,BC Hydro,ELEC,MIXED,Nanaimo|BC Hydro|ELEC|MIXED,MISSING_YEAR
2015,Nanaimo,BC Hydro,ELEC,MIXED,Nanaimo|BC Hydro|ELEC|MIXED,MISSING_YEAR
2016,New Denver,BC Hydro,ELEC,MIXED,New Denver|BC Hydro|ELEC|MIXED,MISSING_YEAR
2017,New Denver,BC Hydro,ELEC,MIXED,New Denver|BC Hydro|ELEC|MIXED,MISSING_YEAR
2018,New Denver,BC Hydro,ELEC,MIXED,New Denver|BC Hydro|ELEC|MIXED,MISSING_YEAR
2019,New Denver,BC Hydro,ELEC,MIXED,New Denver|BC Hydro|ELEC|MIXED,MISSING_YEAR
2020,New Denver,BC Hydro,ELEC,MIXED,New Denver|BC Hydro|ELEC|MIXED,MISSING_YEAR
2007,New Denver,BC Hydro,ELEC,MIXED,New Denver|BC Hydro|ELEC|MIXED,MISSING_YEAR
2010,New Denver,BC Hydro,ELEC,MIXED,New Denver|BC Hydro|ELEC|MIXED,MISSING_YEAR
2012,New Denver,BC Hydro,ELEC,MIXED,New Denver|BC Hydro|ELEC|MIXED,MISSING_YEAR
2013,New Denver,BC Hydro,ELEC,MIXED,New Denver|BC Hydro|ELEC|MIXED,MISSING_YEAR
2014,New Denver,BC Hydro,ELEC,MIXED,New Denver|BC Hydro|ELEC|MIXED,MISSING_YEAR
2015,New Denver,BC Hydro,ELEC,MIXED,New Denver|BC Hydro|ELEC|MIXED,MISSING_YEAR
2016,New Hazelton,BC Hydro,ELEC,MIXED,New Hazelton|BC Hydro|ELEC|MIXED,MISSING_YEAR
2017,New Hazelton,BC Hydro,ELEC,MIXED,New Hazelton|BC Hydro|ELEC|MIXED,MISSING_YEAR
2018,New Hazelton,BC Hydro,ELEC,MIXED,New Hazelton|BC Hydro|ELEC|MIXED,MISSING_YEAR
2019,New Hazelton,BC Hydro,ELEC,MIXED,New Hazelton|BC Hydro|ELEC|MIXED,MISSING_YEAR
2020,New Hazelton,BC Hydro,ELEC,MIXED,New Hazelton|BC Hydro|ELEC|MIXED,MISSING_YEAR
2007,New Hazelton,BC Hydro,ELEC,MIXED,New Hazelton|BC Hydro|ELEC|MIXED,MISSING_YEAR
2010,New Hazelton,BC Hydro,ELEC,MIXED,New Hazelton|BC Hydro|ELEC|MIXED,MISSING_YEAR
2012,New Hazelton,BC Hydro,ELEC,MIXED,New Hazelton|BC Hydro|ELEC|MIXED,MISSING_YEAR
2013,New Hazelton,BC Hydro,ELEC,MIXED,New Hazelton|BC Hydro|ELEC|MIXED,MISSING_YEAR
2014,New Hazelton,BC Hydro,ELEC,MIXED,New Hazelton|BC Hydro|ELEC|MIXED,MISSING_YEAR
2015,New Hazelton,BC Hydro,ELEC,MIXED,New Hazelton|BC Hydro|ELEC|MIXED,MISSING_YEAR
2016,New Westminster,BC Hydro,ELEC,MIXED,New Westminster|BC Hydro|ELEC|MIXED,MISSING_YEAR
2017,New Westminster,BC Hydro,ELEC,MIXED,New Westminster|BC Hydro|ELEC|MIXED,MISSING_YEAR
2018,New Westminster,BC Hydro,ELEC,MIXED,New Westminster|BC Hydro|ELEC|MIXED,MISSING_YEAR
2019,New Westminster,BC Hydro,ELEC,MIXED,New Westminster|BC Hydro|ELEC|MIXED,MISSING_YEAR
2020,New Westminster,BC Hydro,ELEC,MIXED,New Westminster|BC Hydro|ELEC|MIXED,MISSING_YEAR
2007,New Westminster,BC Hydro,ELEC,MIXED,New Westminster|BC Hydro|ELEC|MIXED,MISSING_YEAR
2010,New Westminster,BC Hydro,ELEC,MIXED,New Westminster|BC Hydro|ELEC|MIXED,MISSING_YEAR
2012,New Westminster,BC Hydro,ELEC,MIXED,New Westminster|BC Hydro|ELEC|MIXED,MISSING_YEAR
2013,New Westminster,BC Hydro,ELEC,MIXED,New Westminster|BC Hydro|ELEC|MIXED,MISSING_YEAR
2014,New Westminster,BC Hydro,ELEC,MIXED,New Westminster|BC Hydro|ELEC|MIXED,MISSING_YEAR
2015,New Westminster,BC Hydro,ELEC,MIXED,New Westminster|BC Hydro|ELEC|MIXED,MISSING_YEAR
2016,North Cowichan,BC Hydro,ELEC,MIXED,North Cowichan|BC Hydro|ELEC|MIXED,MISSING_YEAR
2017,North Cowichan,BC Hydro,ELEC,MIXED,North Cowichan|BC Hydro|ELEC|MIXED,MISSING_YEAR
2018,North Cowichan,BC Hydro,ELEC,MIXED,North Cowichan|BC Hydro|ELEC|MIXED,MISSING_YEAR
2019,North Cowichan,BC Hydro,ELEC,MIXED,North Cowichan|BC Hydro|ELEC|MIXED,MISSING_YEAR
2020,North Cowichan,BC Hydro,ELEC,MIXED,North Cowichan|BC Hydro|ELEC|MIXED,MISSING_YEAR
2007,North Cowichan,BC Hydro,ELEC,MIXED,North Cowichan|BC Hydro|ELEC|MIXED,MISSING_YEAR
2010,North Cowichan,BC Hydro,ELEC,MIXED,North Cowichan|BC Hydro|ELEC|MIXED,MISSING_YEAR
2012,North Cowichan,BC Hydro,ELEC,MIXED,North Cowichan|BC Hydro|ELEC|MIXED,MISSING_YEAR
2013,North Cowichan,BC Hydro,ELEC,MIXED,North Cowichan|BC Hydro|ELEC|MIXED,MISSING_YEAR
2014,North Cowichan,BC Hydro,ELEC,MIXED,North Cowichan|BC Hydro|ELEC|MIXED,MISSING_YEAR
2015,North Cowichan,BC Hydro,ELEC,MIXED,North Cowichan|BC Hydro|ELEC|MIXED,MISSING_YEAR
2016,North Saanich,BC Hydro,ELEC,MIXED,North Saanich|BC Hydro|ELEC|MIXED,MISSING_YEAR
2017,North Saanich,BC Hydro,ELEC,MIXED,North Saanich|BC Hydro|ELEC|MIXED,MISSING_YEAR
2018,North Saanich,BC Hydro,ELEC,MIXED,North Saanich|BC Hydro|ELEC|MIXED,MISSING_YEAR
2019,North Saanich,BC Hydro,ELEC,MIXED,North Saanich|BC Hydro|ELEC|MIXED,MISSING_YEAR
2020,North Saanich,BC Hydro,ELEC,MIXED,North Saanich|BC Hydro|ELEC|MIXED,MISSING_YEAR
2007,North Saanich,BC Hydro,ELEC,MIXED,North Saanich|BC Hydro|ELEC|MIXED,MISSING_YEAR
2010,North Saanich,BC Hydro,ELEC,MIXED,North Saanich|BC Hydro|ELEC|MIXED,MISSING_YEAR
2012,North Saanich,BC Hydro,ELEC,MIXED,North Saanich|BC Hydro|ELEC|MIXED,MISSING_YEAR
2013,North Saanich,BC Hydro,ELEC,MIXED,North Saanich|BC Hydro|ELEC|MIXED,MISSING_YEAR
2014,North Saanich,BC Hydro,ELEC,MIXED,North Saanich|BC Hydro|ELEC|MIXED,MISSING_YEAR
2015,North Saanich,BC Hydro,ELEC,MIXED,North Saanich|BC Hydro|ELEC|MIXED,MISSING_YEAR
2016,North Vancouver City,BC Hydro,ELEC,MIXED,North Vancouver City|BC Hydro|ELEC|MIXED,MISSING_YEAR
2017,North Vancouver City,BC Hydro,ELEC,MIXED,North Vancouver City|BC Hydro|ELEC|MIXED,MISSING_YEAR
2018,North Vancouver City,BC Hydro,ELEC,MIXED,North Vancouver City|BC Hydro|ELEC|MIXED,MISSING_YEAR
2019,North Vancouver City,BC Hydro,ELEC,MIXED,North Vancouver City|BC Hydro|ELEC|MIXED,MISSING_YEAR
2020,North Vancouver City,BC Hydro,ELEC,MIXED,North Vancouver City|BC Hydro|ELEC|MIXED,MISSING_YEAR
2007,North Vancouver City,BC Hydro,ELEC,MIXED,North Vancouver City|BC Hydro|ELEC|MIXED,MISSING_YEAR
2010,North Vancouver City,BC Hydro,ELEC,MIXED,North Vancouver City|BC Hydro|ELEC|MIXED,MISSING_YEAR
2012,North Vancouver City,BC Hydro,ELEC,MIXED,North Vancouver City|BC Hydro|ELEC|MIXED,MISSING_YEAR
2013,North Vancouver City,BC Hydro,ELEC,MIXED,North Vancouver City|BC Hydro|ELEC|MIXED,MISSING_YEAR
2014,North Vancouver City,BC Hydro,ELEC,MIXED,North Vancouver City|BC Hydro|ELEC|MIXED,MISSING_YEAR
2015,North Vancouver City,BC Hydro,ELEC,MIXED,North Vancouver City|BC Hydro|ELEC|MIXED,MISSING_YEAR
2016,North Vancouver District,BC Hydro,ELEC,MIXED,North Vancouver District|BC Hydro|ELEC|MIXED,MISSING_YEAR
2017,North Vancouver District,BC Hydro,ELEC,MIXED,North Vancouver District|BC Hydro|ELEC|MIXED,MISSING_YEAR
2018,North Vancouver District,BC Hydro,ELEC,MIXED,North Vancouver District|BC Hydro|ELEC|MIXED,MISSING_YEAR
2019,North Vancouver District,BC Hydro,ELEC,MIXED,North Vancouver District|BC Hydro|ELEC|MIXED,MISSING_YEAR
2020,North Vancouver District,BC Hydro,ELEC,MIXED,North Vancouver District|BC Hydro|ELEC|MIXED,MISSING_YEAR
2007,North Vancouver District,BC Hydro,ELEC,MIXED,North Vancouver District|BC Hydro|ELEC|MIXED,MISSING_YEAR
2010,North Vancouver District,BC Hydro,ELEC,MIXED,North Vancouver District|BC Hydro|ELEC|MIXED,MISSING_YEAR
2012,North Vancouver District,BC Hydro,ELEC,MIXED,North Vancouver District|BC Hydro|ELEC|MIXED,MISSING_YEAR
2013,North Vancouver District,BC Hydro,ELEC,MIXED,North Vancouver District|BC Hydro|ELEC|MIXED,MISSING_YEAR
2014,North Vancouver District,BC Hydro,ELEC,MIXED,North Vancouver District|BC Hydro|ELEC|MIXED,MISSING_YEAR
2015,North Vancouver District,BC Hydro,ELEC,MIXED,North Vancouver District|BC Hydro|ELEC|MIXED,MISSING_YEAR
2016,Oak Bay,BC Hydro,ELEC,MIXED,Oak Bay|BC Hydro|ELEC|MIXED,MISSING_YEAR
2017,Oak Bay,BC Hydro,ELEC,MIXED,Oak Bay|BC Hydro|ELEC|MIXED,MISSING_YEAR
2018,Oak Bay,BC Hydro,ELEC,MIXED,Oak Bay|BC Hydro|ELEC|MIXED,MISSING_YEAR
2019,Oak Bay,BC Hydro,ELEC,MIXED,Oak Bay|BC Hydro|ELEC|MIXED,MISSING_YEAR
2020,Oak Bay,BC Hydro,ELEC,MIXED,Oak Bay|BC Hydro|ELEC|MIXED,MISSING_YEAR
2007,Oak Bay,BC Hydro,ELEC,MIXED,Oak Bay|BC Hydro|ELEC|MIXED,MISSING_YEAR
2010,Oak Bay,BC Hydro,ELEC,MIXED,Oak Bay|BC Hydro|ELEC|MIXED,MISSING_YEAR
2012,Oak Bay,BC Hydro,ELEC,MIXED,Oak Bay|BC Hydro|ELEC|MIXED,MISSING_YEAR
2013,Oak Bay,BC Hydro,ELEC,MIXED,Oak Bay|BC Hydro|ELEC|MIXED,MISSING_YEAR
2014,Oak Bay,BC Hydro,ELEC,MIXED,Oak Bay|BC Hydro|ELEC|MIXED,MISSING_YEAR
2015,Oak Bay,BC Hydro,ELEC,MIXED,Oak Bay|BC Hydro|ELEC|MIXED,MISSING_YEAR
2016,One Hundred Mile House,BC Hydro,ELEC,MIXED,One Hundred Mile House|BC Hydro|ELEC|MIXED,MISSING_YEAR
2017,One Hundred Mile House,BC Hydro,ELEC,MIXED,One Hundred Mile House|BC Hydro|ELEC|MIXED,MISSING_YEAR
2018,One Hundred Mile House,BC Hydro,ELEC,MIXED,One Hundred Mile House|BC Hydro|ELEC|MIXED,MISSING_YEAR
2019,One Hundred Mile House,BC Hydro,ELEC,MIXED,One Hundred Mile House|BC Hydro|ELEC|MIXED,MISSING_YEAR
2020,One Hundred Mile House,BC Hydro,ELEC,MIXED,One Hundred Mile House|BC Hydro|ELEC|MIXED,MISSING_YEAR
2007,One Hundred Mile House,BC Hydro,ELEC,MIXED,One Hundred Mile House|BC Hydro|ELEC|MIXED,MISSING_YEAR
2010,One Hundred Mile House,BC Hydro,ELEC,MIXED,One Hundred Mile House|BC Hydro|ELEC|MIXED,MISSING_YEAR
2012,One Hundred Mile House,BC Hydro,ELEC,MIXED,One Hundred Mile House|BC Hydro|ELEC|MIXED,MISSING_YEAR
2013,One Hundred Mile House,BC Hydro,ELEC,MIXED,One Hundred Mile House|BC Hydro|ELEC|MIXED,MISSING_YEAR
2014,One Hundred Mile House,BC Hydro,ELEC,MIXED,One Hundred Mile House|BC Hydro|ELEC|MIXED,MISSING_YEAR
2015,One Hundred Mile House,BC Hydro,ELEC,MIXED,One Hundred Mile House|BC Hydro|ELEC|MIXED,MISSING_YEAR
2016,Parksville,BC Hydro,ELEC,MIXED,Parksville|BC Hydro|ELEC|MIXED,MISSING_YEAR
2017,Parksville,BC Hydro,ELEC,MIXED,Parksville|BC Hydro|ELEC|MIXED,MISSING_YEAR
2018,Parksville,BC Hydro,ELEC,MIXED,Parksville|BC Hydro|ELEC|MIXED,MISSING_YEAR
2019,Parksville,BC Hydro,ELEC,MIXED,Parksville|BC Hydro|ELEC|MIXED,MISSING_YEAR
2020,Parksville,BC Hydro,ELEC,MIXED,Parksville|BC Hydro|ELEC|MIXED,MISSING_YEAR
2007,Parksville,BC Hydro,ELEC,MIXED,Parksville|BC Hydro|ELEC|MIXED,MISSING_YEAR
2010,Parksville,BC Hydro,ELEC,MIXED,Parksville|BC Hydro|ELEC|MIXED,MISSING_YEAR
2012,Parksville,BC Hydro,ELEC,MIXED,Parksville|BC Hydro|ELEC|MIXED,MISSING_YEAR
2013,Parksville,BC Hydro,ELEC,MIXED,Parksville|BC Hydro|ELEC|MIXED,MISSING_YEAR
2014,Parksville,BC Hydro,ELEC,MIXED,Parksville|BC Hydro|ELEC|MIXED,MISSING_YEAR
2015,Parksville,BC Hydro,ELEC,MIXED,Parksville|BC Hydro|ELEC|MIXED,MISSING_YEAR
2016,Peachland,BC Hydro,ELEC,MIXED,Peachland|BC Hydro|ELEC|MIXED,MISSING_YEAR
2017,Peachland,BC Hydro,ELEC,MIXED,Peachland|BC Hydro|ELEC|MIXED,MISSING_YEAR
2018,Peachland,BC Hydro,ELEC,MIXED,Peachland|BC Hydro|ELEC|MIXED,MISSING_YEAR
2019,Peachland,BC Hydro,ELEC,MIXED,Peachland|BC Hydro|ELEC|MIXED,MISSING_YEAR
2020,Peachland,BC Hydro,ELEC,MIXED,Peachland|BC Hydro|ELEC|MIXED,MISSING_YEAR
2007,Peachland,BC Hydro,ELEC,MIXED,Peachland|BC Hydro|ELEC|MIXED,MISSING_YEAR
2010,Peachland,BC Hydro,ELEC,MIXED,Peachland|BC Hydro|ELEC|MIXED,MISSING_YEAR
2012,Peachland,BC Hydro,ELEC,MIXED,Peachland|BC Hydro|ELEC|MIXED,MISSING_YEAR
2013,Peachland,BC Hydro,ELEC,MIXED,Peachland|BC Hydro|ELEC|MIXED,MISSING_YEAR
2014,Peachland,BC Hydro,ELEC,MIXED,Peachland|BC Hydro|ELEC|MIXED,MISSING_YEAR
2015,Peachland,BC Hydro,ELEC,MIXED,Peachland|BC Hydro|ELEC|MIXED,MISSING_YEAR
2016,Pemberton,BC Hydro,ELEC,MIXED,Pemberton|BC Hydro|ELEC|MIXED,MISSING_YEAR
2017,Pemberton,BC Hydro,ELEC,MIXED,Pemberton|BC Hydro|ELEC|MIXED,MISSING_YEAR
2018,Pemberton,BC Hydro,ELEC,MIXED,Pemberton|BC Hydro|ELEC|MIXED,MISSING_YEAR
2019,Pemberton,BC Hydro,ELEC,MIXED,Pemberton|BC Hydro|ELEC|MIXED,MISSING_YEAR
2020,Pemberton,BC Hydro,ELEC,MIXED,Pemberton|BC Hydro|ELEC|MIXED,MISSING_YEAR
2007,Pemberton,BC Hydro,ELEC,MIXED,Pemberton|BC Hydro|ELEC|MIXED,MISSING_YEAR
2010,Pemberton,BC Hydro,ELEC,MIXED,Pemberton|BC Hydro|ELEC|MIXED,MISSING_YEAR
2012,Pemberton,BC Hydro,ELEC,MIXED,Pemberton|BC Hydro|ELEC|MIXED,MISSING_YEAR
2013,Pemberton,BC Hydro,ELEC,MIXED,Pemberton|BC Hydro|ELEC|MIXED,MISSING_YEAR
2014,Pemberton,BC Hydro,ELEC,MIXED,Pemberton|BC Hydro|ELEC|MIXED,MISSING_YEAR
2015,Pemberton,BC Hydro,ELEC,MIXED,Pemberton|BC Hydro|ELEC|MIXED,MISSING_YEAR
2016,Pitt Meadows,BC Hydro,ELEC,MIXED,Pitt Meadows|BC Hydro|ELEC|MIXED,MISSING_YEAR
2017,Pitt Meadows,BC Hydro,ELEC,MIXED,Pitt Meadows|BC Hydro|ELEC|MIXED,MISSING_YEAR
2018,Pitt Meadows,BC Hydro,ELEC,MIXED,Pitt Meadows|BC Hydro|ELEC|MIXED,MISSING_YEAR
2019,Pitt Meadows,BC Hydro,ELEC,MIXED,Pitt Meadows|BC Hydro|ELEC|MIXED,MISSING_YEAR
2020,Pitt Meadows,BC Hydro,ELEC,MIXED,Pitt Meadows|BC Hydro|ELEC|MIXED,MISSING_YEAR
2007,Pitt Meadows,BC Hydro,ELEC,MIXED,Pitt Meadows|BC Hydro|ELEC|MIXED,MISSING_YEAR
2010,Pitt Meadows,BC Hydro,ELEC,MIXED,Pitt Meadows|BC Hydro|ELEC|MIXED,MISSING_YEAR
2012,Pitt Meadows,BC Hydro,ELEC,MIXED,Pitt Meadows|BC Hydro|ELEC|MIXED,MISSING_YEAR
2013,Pitt Meadows,BC Hydro,ELEC,MIXED,Pitt Meadows|BC Hydro|ELEC|MIXED,MISSING_YEAR
2014,Pitt Meadows,BC Hydro,ELEC,MIXED,Pitt Meadows|BC Hydro|ELEC|MIXED,MISSING_YEAR
2015,Pitt Meadows,BC Hydro,ELEC,MIXED,Pitt Meadows|BC Hydro|ELEC|MIXED,MISSING_YEAR
2016,Port Alberni,BC Hydro,ELEC,MIXED,Port Alberni|BC Hydro|ELEC|MIXED,MISSING_YEAR
2017,Port Alberni,BC Hydro,ELEC,MIXED,Port Alberni|BC Hydro|ELEC|MIXED,MISSING_YEAR
2018,Port Alberni,BC Hydro,ELEC,MIXED,Port Alberni|BC Hydro|ELEC|MIXED,MISSING_YEAR
2019,Port Alberni,BC Hydro,ELEC,MIXED,Port Alberni|BC Hydro|ELEC|MIXED,MISSING_YEAR
2020,Port Alberni,BC Hydro,ELEC,MIXED,Port Alberni|BC Hydro|ELEC|MIXED,MISSING_YEAR
2007,Port Alberni,BC Hydro,ELEC,MIXED,Port Alberni|BC Hydro|ELEC|MIXED,MISSING_YEAR
2010,Port Alberni,BC Hydro,ELEC,MIXED,Port Alberni|BC Hydro|ELEC|MIXED,MISSING_YEAR
2012,Port Alberni,BC Hydro,ELEC,MIXED,Port Alberni|BC Hydro|ELEC|MIXED,MISSING_YEAR
2013,Port Alberni,BC Hydro,ELEC,MIXED,Port Alberni|BC Hydro|ELEC|MIXED,MISSING_YEAR
2014,Port Alberni,BC Hydro,ELEC,MIXED,Port Alberni|BC Hydro|ELEC|MIXED,MISSING_YEAR
2015,Port Alberni,BC Hydro,ELEC,MIXED,Port Alberni|BC Hydro|ELEC|MIXED,MISSING_YEAR
2016,Port Alice,BC Hydro,ELEC,MIXED,Port Alice|BC Hydro|ELEC|MIXED,MISSING_YEAR
2017,Port Alice,BC Hydro,ELEC,MIXED,Port Alice|BC Hydro|ELEC|MIXED,MISSING_YEAR
2018,Port Alice,BC Hydro,ELEC,MIXED,Port Alice|BC Hydro|ELEC|MIXED,MISSING_YEAR
2019,Port Alice,BC Hydro,ELEC,MIXED,Port Alice|BC Hydro|ELEC|MIXED,MISSING_YEAR
2020,Port Alice,BC Hydro,ELEC,MIXED,Port Alice|BC Hydro|ELEC|MIXED,MISSING_YEAR
2007,Port Alice,BC Hydro,ELEC,MIXED,Port Alice|BC Hydro|ELEC|MIXED,MISSING_YEAR
2010,Port Alice,BC Hydro,ELEC,MIXED,Port Alice|BC Hydro|ELEC|MIXED,MISSING_YEAR
2012,Port Alice,BC Hydro,ELEC,MIXED,Port Alice|BC Hydro|ELEC|MIXED,MISSING_YEAR
2013,Port Alice,BC Hydro,ELEC,MIXED,Port Alice|BC Hydro|ELEC|MIXED,MISSING_YEAR
2014,Port Alice,BC Hydro,ELEC,MIXED,Port Alice|BC Hydro|ELEC|MIXED,MISSING_YEAR
2015,Port Alice,BC Hydro,ELEC,MIXED,Port Alice|BC Hydro|ELEC|MIXED,MISSING_YEAR
2016,Port Clements,BC Hydro,ELEC,MIXED,Port Clements|BC Hydro|ELEC|MIXED,MISSING_YEAR
2017,Port Clements,BC Hydro,ELEC,MIXED,Port Clements|BC Hydro|ELEC|MIXED,MISSING_YEAR
2018,Port Clements,BC Hydro,ELEC,MIXED,Port Clements|BC Hydro|ELEC|MIXED,MISSING_YEAR
2019,Port Clements,BC Hydro,ELEC,MIXED,Port Clements|BC Hydro|ELEC|MIXED,MISSING_YEAR
2020,Port Clements,BC Hydro,ELEC,MIXED,Port Clements|BC Hydro|ELEC|MIXED,MISSING_YEAR
2007,Port Clements,BC Hydro,ELEC,MIXED,Port Clements|BC Hydro|ELEC|MIXED,MISSING_YEAR
2010,Port Clements,BC Hydro,ELEC,MIXED,Port Clements|BC Hydro|ELEC|MIXED,MISSING_YEAR
2012,Port Clements,BC Hydro,ELEC,MIXED,Port Clements|BC Hydro|ELEC|MIXED,MISSING_YEAR
2013,Port Clements,BC Hydro,ELEC,MIXED,Port Clements|BC Hydro|ELEC|MIXED,MISSING_YEAR
2014,Port Clements,BC Hydro,ELEC,MIXED,Port Clements|BC Hydro|ELEC|MIXED,MISSING_YEAR
2015,Port Clements,BC Hydro,ELEC,MIXED,Port Clements|BC Hydro|ELEC|MIXED,MISSING_YEAR
2016,Port Coquitlam,BC Hydro,ELEC,MIXED,Port Coquitlam|BC Hydro|ELEC|MIXED,MISSING_YEAR
2017,Port Coquitlam,BC Hydro,ELEC,MIXED,Port Coquitlam|BC Hydro|ELEC|MIXED,MISSING_YEAR
2018,Port Coquitlam,BC Hydro,ELEC,MIXED,Port Coquitlam|BC Hydro|ELEC|MIXED,MISSING_YEAR
2019,Port Coquitlam,BC Hydro,ELEC,MIXED,Port Coquitlam|BC Hydro|ELEC|MIXED,MISSING_YEAR
2020,Port Coquitlam,BC Hydro,ELEC,MIXED,Port Coquitlam|BC Hydro|ELEC|MIXED,MISSING_YEAR
2007,Port Coquitlam,BC Hydro,ELEC,MIXED,Port Coquitlam|BC Hydro|ELEC|MIXED,MISSING_YEAR
2010,Port Coquitlam,BC Hydro,ELEC,MIXED,Port Coquitlam|BC Hydro|ELEC|MIXED,MISSING_YEAR
2012,Port Coquitlam,BC Hydro,ELEC,MIXED,Port Coquitlam|BC Hydro|ELEC|MIXED,MISSING_YEAR
2013,Port Coquitlam,BC Hydro,ELEC,MIXED,Port Coquitlam|BC Hydro|ELEC|MIXED,MISSING_YEAR
2014,Port Coquitlam,BC Hydro,ELEC,MIXED,Port Coquitlam|BC Hydro|ELEC|MIXED,MISSING_YEAR
2015,Port Coquitlam,BC Hydro,ELEC,MIXED,Port Coquitlam|BC Hydro|ELEC|MIXED,MISSING_YEAR
2016,Port Edward,BC Hydro,ELEC,MIXED,Port Edward|BC Hydro|ELEC|MIXED,MISSING_YEAR
2017,Port Edward,BC Hydro,ELEC,MIXED,Port Edward|BC Hydro|ELEC|MIXED,MISSING_YEAR
2018,Port Edward,BC Hydro,ELEC,MIXED,Port Edward|BC Hydro|ELEC|MIXED,MISSING_YEAR
2019,Port Edward,BC Hydro,ELEC,MIXED,Port Edward|BC Hydro|ELEC|MIXED,MISSING_YEAR
2020,Port Edward,BC Hydro,ELEC,MIXED,Port Edward|BC Hydro|ELEC|MIXED,MISSING_YEAR
2007,Port Edward,BC Hydro,ELEC,MIXED,Port Edward|BC Hydro|ELEC|MIXED,MISSING_YEAR
2010,Port Edward,BC Hydro,ELEC,MIXED,Port Edward|BC Hydro|ELEC|MIXED,MISSING_YEAR
2012,Port Edward,BC Hydro,ELEC,MIXED,Port Edward|BC Hydro|ELEC|MIXED,MISSING_YEAR
2013,Port Edward,BC Hydro,ELEC,MIXED,Port Edward|BC Hydro|ELEC|MIXED,MISSING_YEAR
2014,Port Edward,BC Hydro,ELEC,MIXED,Port Edward|BC Hydro|ELEC|MIXED,MISSING_YEAR
2015,Port Edward,BC Hydro,ELEC,MIXED,Port Edward|BC Hydro|ELEC|MIXED,MISSING_YEAR
2016,Port Hardy,BC Hydro,ELEC,MIXED,Port Hardy|BC Hydro|ELEC|MIXED,MISSING_YEAR
2017,Port Hardy,BC Hydro,ELEC,MIXED,Port Hardy|BC Hydro|ELEC|MIXED,MISSING_YEAR
2018,Port Hardy,BC Hydro,ELEC,MIXED,Port Hardy|BC Hydro|ELEC|MIXED,MISSING_YEAR
2019,Port Hardy,BC Hydro,ELEC,MIXED,Port Hardy|BC Hydro|ELEC|MIXED,MISSING_YEAR
2020,Port Hardy,BC Hydro,ELEC,MIXED,Port Hardy|BC Hydro|ELEC|MIXED,MISSING_YEAR
2007,Port Hardy,BC Hydro,ELEC,MIXED,Port Hardy|BC Hydro|ELEC|MIXED,MISSING_YEAR
2010,Port Hardy,BC Hydro,ELEC,MIXED,Port Hardy|BC Hydro|ELEC|MIXED,MISSING_YEAR
2012,Port Hardy,BC Hydro,ELEC,MIXED,Port Hardy|BC Hydro|ELEC|MIXED,MISSING_YEAR
2013,Port Hardy,BC Hydro,ELEC,MIXED,Port Hardy|BC Hydro|ELEC|MIXED,MISSING_YEAR
2014,Port Hardy,BC Hydro,ELEC,MIXED,Port Hardy|BC Hydro|ELEC|MIXED,MISSING_YEAR
2015,Port Hardy,BC Hydro,ELEC,MIXED,Port Hardy|BC Hydro|ELEC|MIXED,MISSING_YEAR
2016,Port McNeill,BC Hydro,ELEC,MIXED,Port McNeill|BC Hydro|ELEC|MIXED,MISSING_YEAR
2017,Port McNeill,BC Hydro,ELEC,MIXED,Port McNeill|BC Hydro|ELEC|MIXED,MISSING_YEAR
2018,Port McNeill,BC Hydro,ELEC,MIXED,Port McNeill|BC Hydro|ELEC|MIXED,MISSING_YEAR
2019,Port McNeill,BC Hydro,ELEC,MIXED,Port McNeill|BC Hydro|ELEC|MIXED,MISSING_YEAR
2020,Port McNeill,BC Hydro,ELEC,MIXED,Port McNeill|BC Hydro|ELEC|MIXED,MISSING_YEAR
2007,Port McNeill,BC Hydro,ELEC,MIXED,Port McNeill|BC Hydro|ELEC|MIXED,MISSING_YEAR
2010,Port McNeill,BC Hydro,ELEC,MIXED,Port McNeill|BC Hydro|ELEC|MIXED,MISSING_YEAR
2012,Port McNeill,BC Hydro,ELEC,MIXED,Port McNeill|BC Hydro|ELEC|MIXED,MISSING_YEAR
2013,Port McNeill,BC Hydro,ELEC,MIXED,Port McNeill|BC Hydro|ELEC|MIXED,MISSING_YEAR
2014,Port McNeill,BC Hydro,ELEC,MIXED,Port McNeill|BC Hydro|ELEC|MIXED,MISSING_YEAR
2015,Port McNeill,BC Hydro,ELEC,MIXED,Port McNeill|BC Hydro|ELEC|MIXED,MISSING_YEAR
2016,Port Moody,BC Hydro,ELEC,MIXED,Port Moody|BC Hydro|ELEC|MIXED,MISSING_YEAR
2017,Port Moody,BC Hydro,ELEC,MIXED,Port Moody|BC Hydro|ELEC|MIXED,MISSING_YEAR
2018,Port Moody,BC Hydro,ELEC,MIXED,Port Moody|BC Hydro|ELEC|MIXED,MISSING_YEAR
2019,Port Moody,BC Hydro,ELEC,MIXED,Port Moody|BC Hydro|ELEC|MIXED,MISSING_YEAR
2020,Port Moody,BC Hydro,ELEC,MIXED,Port Moody|BC Hydro|ELEC|MIXED,MISSING_YEAR
2007,Port Moody,BC Hydro,ELEC,MIXED,Port Moody|BC Hydro|ELEC|MIXED,MISSING_YEAR
2010,Port Moody,BC Hydro,ELEC,MIXED,Port Moody|BC Hydro|ELEC|MIXED,MISSING_YEAR
2012,Port Moody,BC Hydro,ELEC,MIXED,Port Moody|BC Hydro|ELEC|MIXED,MISSING_YEAR
2013,Port Moody,BC Hydro,ELEC,MIXED,Port Moody|BC Hydro|ELEC|MIXED,MISSING_YEAR
2014,Port Moody,BC Hydro,ELEC,MIXED,Port Moody|BC Hydro|ELEC|MIXED,MISSING_YEAR
2015,Port Moody,BC Hydro,ELEC,MIXED,Port Moody|BC Hydro|ELEC|MIXED,MISSING_YEAR
2016,Pouce Coupe,BC Hydro,ELEC,MIXED,Pouce Coupe|BC Hydro|ELEC|MIXED,MISSING_YEAR
2017,Pouce Coupe,BC Hydro,ELEC,MIXED,Pouce Coupe|BC Hydro|ELEC|MIXED,MISSING_YEAR
2018,Pouce Coupe,BC Hydro,ELEC,MIXED,Pouce Coupe|BC Hydro|ELEC|MIXED,MISSING_YEAR
2019,Pouce Coupe,BC Hydro,ELEC,MIXED,Pouce Coupe|BC Hydro|ELEC|MIXED,MISSING_YEAR
2020,Pouce Coupe,BC Hydro,ELEC,MIXED,Pouce Coupe|BC Hydro|ELEC|MIXED,MISSING_YEAR
2007,Pouce Coupe,BC Hydro,ELEC,MIXED,Pouce Coupe|BC Hydro|ELEC|MIXED,MISSING_YEAR
2010,Pouce Coupe,BC Hydro,ELEC,MIXED,Pouce Coupe|BC Hydro|ELEC|MIXED,MISSING_YEAR
2012,Pouce Coupe,BC Hydro,ELEC,MIXED,Pouce Coupe|BC Hydro|ELEC|MIXED,MISSING_YEAR
2013,Pouce Coupe,BC Hydro,ELEC,MIXED,Pouce Coupe|BC Hydro|ELEC|MIXED,MISSING_YEAR
2014,Pouce Coupe,BC Hydro,ELEC,MIXED,Pouce Coupe|BC Hydro|ELEC|MIXED,MISSING_YEAR
2015,Pouce Coupe,BC Hydro,ELEC,MIXED,Pouce Coupe|BC Hydro|ELEC|MIXED,MISSING_YEAR
2016,Powell River,BC Hydro,ELEC,MIXED,Powell River|BC Hydro|ELEC|MIXED,MISSING_YEAR
2017,Powell River,BC Hydro,ELEC,MIXED,Powell River|BC Hydro|ELEC|MIXED,MISSING_YEAR
2018,Powell River,BC Hydro,ELEC,MIXED,Powell River|BC Hydro|ELEC|MIXED,MISSING_YEAR
2019,Powell River,BC Hydro,ELEC,MIXED,Powell River|BC Hydro|ELEC|MIXED,MISSING_YEAR
2020,Powell River,BC Hydro,ELEC,MIXED,Powell River|BC Hydro|ELEC|MIXED,MISSING_YEAR
2007,Powell River,BC Hydro,ELEC,MIXED,Powell River|BC Hydro|ELEC|MIXED,MISSING_YEAR
2010,Powell River,BC Hydro,ELEC,MIXED,Powell River|BC Hydro|ELEC|MIXED,MISSING_YEAR
2012,Powell River,BC Hydro,ELEC,MIXED,Powell River|BC Hydro|ELEC|MIXED,MISSING_YEAR
2013,Powell River,BC Hydro,ELEC,MIXED,Powell River|BC Hydro|ELEC|MIXED,MISSING_YEAR
2014,Powell River,BC Hydro,ELEC,MIXED,Powell River|BC Hydro|ELEC|MIXED,MISSING_YEAR
2015,Powell River,BC Hydro,ELEC,MIXED,Powell River|BC Hydro|ELEC|MIXED,MISSING_YEAR
2016,Prince George,BC Hydro,ELEC,MIXED,Prince George|BC Hydro|ELEC|MIXED,MISSING_YEAR
2017,Prince George,BC Hydro,ELEC,MIXED,Prince George|BC Hydro|ELEC|MIXED,MISSING_YEAR
2018,Prince George,BC Hydro,ELEC,MIXED,Prince George|BC Hydro|ELEC|MIXED,MISSING_YEAR
2019,Prince George,BC Hydro,ELEC,MIXED,Prince George|BC Hydro|ELEC|MIXED,MISSING_YEAR
2020,Prince George,BC Hydro,ELEC,MIXED,Prince George|BC Hydro|ELEC|MIXED,MISSING_YEAR
2007,Prince George,BC Hydro,ELEC,MIXED,Prince George|BC Hydro|ELEC|MIXED,MISSING_YEAR
2010,Prince George,BC Hydro,ELEC,MIXED,Prince George|BC Hydro|ELEC|MIXED,MISSING_YEAR
2012,Prince George,BC Hydro,ELEC,MIXED,Prince George|BC Hydro|ELEC|MIXED,MISSING_YEAR
2013,Prince George,BC Hydro,ELEC,MIXED,Prince George|BC Hydro|ELEC|MIXED,MISSING_YEAR
2014,Prince George,BC Hydro,ELEC,MIXED,Prince George|BC Hydro|ELEC|MIXED,MISSING_YEAR
2015,Prince George,BC Hydro,ELEC,MIXED,Prince George|BC Hydro|ELEC|MIXED,MISSING_YEAR
2016,Prince Rupert,BC Hydro,ELEC,MIXED,Prince Rupert|BC Hydro|ELEC|MIXED,MISSING_YEAR
2017,Prince Rupert,BC Hydro,ELEC,MIXED,Prince Rupert|BC Hydro|ELEC|MIXED,MISSING_YEAR
2018,Prince Rupert,BC Hydro,ELEC,MIXED,Prince Rupert|BC Hydro|ELEC|MIXED,MISSING_YEAR
2019,Prince Rupert,BC Hydro,ELEC,MIXED,Prince Rupert|BC Hydro|ELEC|MIXED,MISSING_YEAR
2020,Prince Rupert,BC Hydro,ELEC,MIXED,Prince Rupert|BC Hydro|ELEC|MIXED,MISSING_YEAR
2007,Prince Rupert,BC Hydro,ELEC,MIXED,Prince Rupert|BC Hydro|ELEC|MIXED,MISSING_YEAR
2010,Prince Rupert,BC Hydro,ELEC,MIXED,Prince Rupert|BC Hydro|ELEC|MIXED,MISSING_YEAR
2012,Prince Rupert,BC Hydro,ELEC,MIXED,Prince Rupert|BC Hydro|ELEC|MIXED,MISSING_YEAR
2013,Prince Rupert,BC Hydro,ELEC,MIXED,Prince Rupert|BC Hydro|ELEC|MIXED,MISSING_YEAR
2014,Prince Rupert,BC Hydro,ELEC,MIXED,Prince Rupert|BC Hydro|ELEC|MIXED,MISSING_YEAR
2015,Prince Rupert,BC Hydro,ELEC,MIXED,Prince Rupert|BC Hydro|ELEC|MIXED,MISSING_YEAR
2016,Qualicum Beach,BC Hydro,ELEC,MIXED,Qualicum Beach|BC Hydro|ELEC|MIXED,MISSING_YEAR
2017,Qualicum Beach,BC Hydro,ELEC,MIXED,Qualicum Beach|BC Hydro|ELEC|MIXED,MISSING_YEAR
2018,Qualicum Beach,BC Hydro,ELEC,MIXED,Qualicum Beach|BC Hydro|ELEC|MIXED,MISSING_YEAR
2019,Qualicum Beach,BC Hydro,ELEC,MIXED,Qualicum Beach|BC Hydro|ELEC|MIXED,MISSING_YEAR
2020,Qualicum Beach,BC Hydro,ELEC,MIXED,Qualicum Beach|BC Hydro|ELEC|MIXED,MISSING_YEAR
2007,Qualicum Beach,BC Hydro,ELEC,MIXED,Qualicum Beach|BC Hydro|ELEC|MIXED,MISSING_YEAR
2010,Qualicum Beach,BC Hydro,ELEC,MIXED,Qualicum Beach|BC Hydro|ELEC|MIXED,MISSING_YEAR
2012,Qualicum Beach,BC Hydro,ELEC,MIXED,Qualicum Beach|BC Hydro|ELEC|MIXED,MISSING_YEAR
2013,Qualicum Beach,BC Hydro,ELEC,MIXED,Qualicum Beach|BC Hydro|ELEC|MIXED,MISSING_YEAR
2014,Qualicum Beach,BC Hydro,ELEC,MIXED,Qualicum Beach|BC Hydro|ELEC|MIXED,MISSING_YEAR
2015,Qualicum Beach,BC Hydro,ELEC,MIXED,Qualicum Beach|BC Hydro|ELEC|MIXED,MISSING_YEAR
2016,Queen Charlotte,BC Hydro,ELEC,MIXED,Queen Charlotte|BC Hydro|ELEC|MIXED,MISSING_YEAR
2017,Queen Charlotte,BC Hydro,ELEC,MIXED,Queen Charlotte|BC Hydro|ELEC|MIXED,MISSING_YEAR
2018,Queen Charlotte,BC Hydro,ELEC,MIXED,Queen Charlotte|BC Hydro|ELEC|MIXED,MISSING_YEAR
2019,Queen Charlotte,BC Hydro,ELEC,MIXED,Queen Charlotte|BC Hydro|ELEC|MIXED,MISSING_YEAR
2020,Queen Charlotte,BC Hydro,ELEC,MIXED,Queen Charlotte|BC Hydro|ELEC|MIXED,MISSING_YEAR
2007,Queen Charlotte,BC Hydro,ELEC,MIXED,Queen Charlotte|BC Hydro|ELEC|MIXED,MISSING_YEAR
2010,Queen Charlotte,BC Hydro,ELEC,MIXED,Queen Charlotte|BC Hydro|ELEC|MIXED,MISSING_YEAR
2012,Queen Charlotte,BC Hydro,ELEC,MIXED,Queen Charlotte|BC Hydro|ELEC|MIXED,MISSING_YEAR
2013,Queen Charlotte,BC Hydro,ELEC,MIXED,Queen Charlotte|BC Hydro|ELEC|MIXED,MISSING_YEAR
2014,Queen Charlotte,BC Hydro,ELEC,MIXED,Queen Charlotte|BC Hydro|ELEC|MIXED,MISSING_YEAR
2015,Queen Charlotte,BC Hydro,ELEC,MIXED,Queen Charlotte|BC Hydro|ELEC|MIXED,MISSING_YEAR
2016,Quesnel,BC Hydro,ELEC,MIXED,Quesnel|BC Hydro|ELEC|MIXED,MISSING_YEAR
2017,Quesnel,BC Hydro,ELEC,MIXED,Quesnel|BC Hydro|ELEC|MIXED,MISSING_YEAR
2018,Quesnel,BC Hydro,ELEC,MIXED,Quesnel|BC Hydro|ELEC|MIXED,MISSING_YEAR
2019,Quesnel,BC Hydro,ELEC,MIXED,Quesnel|BC Hydro|ELEC|MIXED,MISSING_YEAR
2020,Quesnel,BC Hydro,ELEC,MIXED,Quesnel|BC Hydro|ELEC|MIXED,MISSING_YEAR
2007,Quesnel,BC Hydro,ELEC,MIXED,Quesnel|BC Hydro|ELEC|MIXED,MISSING_YEAR
2010,Quesnel,BC Hydro,ELEC,MIXED,Quesnel|BC Hydro|ELEC|MIXED,MISSING_YEAR
2012,Quesnel,BC Hydro,ELEC,MIXED,Quesnel|BC Hydro|ELEC|MIXED,MISSING_YEAR
2013,Quesnel,BC Hydro,ELEC,MIXED,Quesnel|BC Hydro|ELEC|MIXED,MISSING_YEAR
2014,Quesnel,BC Hydro,ELEC,MIXED,Quesnel|BC Hydro|ELEC|MIXED,MISSING_YEAR
2015,Quesnel,BC Hydro,ELEC,MIXED,Quesnel|BC Hydro|ELEC|MIXED,MISSING_YEAR
2016,Radium Hot Springs,BC Hydro,ELEC,MIXED,Radium Hot Springs|BC Hydro|ELEC|MIXED,MISSING_YEAR
2017,Radium Hot Springs,BC Hydro,ELEC,MIXED,Radium Hot Springs|BC Hydro|ELEC|MIXED,MISSING_YEAR
2018,Radium Hot Springs,BC Hydro,ELEC,MIXED,Radium Hot Springs|BC Hydro|ELEC|MIXED,MISSING_YEAR
2019,Radium Hot Springs,BC Hydro,ELEC,MIXED,Radium Hot Springs|BC Hydro|ELEC|MIXED,MISSING_YEAR
2020,Radium Hot Springs,BC Hydro,ELEC,MIXED,Radium Hot Springs|BC Hydro|ELEC|MIXED,MISSING_YEAR
2007,Radium Hot Springs,BC Hydro,ELEC,MIXED,Radium Hot Springs|BC Hydro|ELEC|MIXED,MISSING_YEAR
2010,Radium Hot Springs,BC Hydro,ELEC,MIXED,Radium Hot Springs|BC Hydro|ELEC|MIXED,MISSING_YEAR
2012,Radium Hot Springs,BC Hydro,ELEC,MIXED,Radium Hot Springs|BC Hydro|ELEC|MIXED,MISSING_YEAR
2013,Radium Hot Springs,BC Hydro,ELEC,MIXED,Radium Hot Springs|BC Hydro|ELEC|MIXED,MISSING_YEAR
2014,Radium Hot Springs,BC Hydro,ELEC,MIXED,Radium Hot Springs|BC Hydro|ELEC|MIXED,MISSING_YEAR
2015,Radium Hot Springs,BC Hydro,ELEC,MIXED,Radium Hot Springs|BC Hydro|ELEC|MIXED,MISSING_YEAR
2016,Revelstoke,BC Hydro,ELEC,MIXED,Revelstoke|BC Hydro|ELEC|MIXED,MISSING_YEAR
2017,Revelstoke,BC Hydro,ELEC,MIXED,Revelstoke|BC Hydro|ELEC|MIXED,MISSING_YEAR
2018,Revelstoke,BC Hydro,ELEC,MIXED,Revelstoke|BC Hydro|ELEC|MIXED,MISSING_YEAR
2019,Revelstoke,BC Hydro,ELEC,MIXED,Revelstoke|BC Hydro|ELEC|MIXED,MISSING_YEAR
2020,Revelstoke,BC Hydro,ELEC,MIXED,Revelstoke|BC Hydro|ELEC|MIXED,MISSING_YEAR
2007,Revelstoke,BC Hydro,ELEC,MIXED,Revelstoke|BC Hydro|ELEC|MIXED,MISSING_YEAR
2010,Revelstoke,BC Hydro,ELEC,MIXED,Revelstoke|BC Hydro|ELEC|MIXED,MISSING_YEAR
2012,Revelstoke,BC Hydro,ELEC,MIXED,Revelstoke|BC Hydro|ELEC|MIXED,MISSING_YEAR
2013,Revelstoke,BC Hydro,ELEC,MIXED,Revelstoke|BC Hydro|ELEC|MIXED,MISSING_YEAR
2014,Revelstoke,BC Hydro,ELEC,MIXED,Revelstoke|BC Hydro|ELEC|MIXED,MISSING_YEAR
2015,Revelstoke,BC Hydro,ELEC,MIXED,Revelstoke|BC Hydro|ELEC|MIXED,MISSING_YEAR
2016,Richmond,BC Hydro,ELEC,MIXED,Richmond|BC Hydro|ELEC|MIXED,MISSING_YEAR
2017,Richmond,BC Hydro,ELEC,MIXED,Richmond|BC Hydro|ELEC|MIXED,MISSING_YEAR
2018,Richmond,BC Hydro,ELEC,MIXED,Richmond|BC Hydro|ELEC|MIXED,MISSING_YEAR
2019,Richmond,BC Hydro,ELEC,MIXED,Richmond|BC Hydro|ELEC|MIXED,MISSING_YEAR
2020,Richmond,BC Hydro,ELEC,MIXED,Richmond|BC Hydro|ELEC|MIXED,MISSING_YEAR
2007,Richmond,BC Hydro,ELEC,MIXED,Richmond|BC Hydro|ELEC|MIXED,MISSING_YEAR
2010,Richmond,BC Hydro,ELEC,MIXED,Richmond|BC Hydro|ELEC|MIXED,MISSING_YEAR
2012,Richmond,BC Hydro,ELEC,MIXED,Richmond|BC Hydro|ELEC|MIXED,MISSING_YEAR
2013,Richmond,BC Hydro,ELEC,MIXED,Richmond|BC Hydro|ELEC|MIXED,MISSING_YEAR
2014,Richmond,BC Hydro,ELEC,MIXED,Richmond|BC Hydro|ELEC|MIXED,MISSING_YEAR
2015,Richmond,BC Hydro,ELEC,MIXED,Richmond|BC Hydro|ELEC|MIXED,MISSING_YEAR
2016,Saanich,BC Hydro,ELEC,MIXED,Saanich|BC Hydro|ELEC|MIXED,MISSING_YEAR
2017,Saanich,BC Hydro,ELEC,MIXED,Saanich|BC Hydro|ELEC|MIXED,MISSING_YEAR
2018,Saanich,BC Hydro,ELEC,MIXED,Saanich|BC Hydro|ELEC|MIXED,MISSING_YEAR
2019,Saanich,BC Hydro,ELEC,MIXED,Saanich|BC Hydro|ELEC|MIXED,MISSING_YEAR
2020,Saanich,BC Hydro,ELEC,MIXED,Saanich|BC Hydro|ELEC|MIXED,MISSING_YEAR
2007,Saanich,BC Hydro,ELEC,MIXED,Saanich|BC Hydro|ELEC|MIXED,MISSING_YEAR
2010,Saanich,BC Hydro,ELEC,MIXED,Saanich|BC Hydro|ELEC|MIXED,MISSING_YEAR
2012,Saanich,BC Hydro,ELEC,MIXED,Saanich|BC Hydro|ELEC|MIXED,MISSING_YEAR
2013,Saanich,BC Hydro,ELEC,MIXED,Saanich|BC Hydro|ELEC|MIXED,MISSING_YEAR
2014,Saanich,BC Hydro,ELEC,MIXED,Saanich|BC Hydro|ELEC|MIXED,MISSING_YEAR
2015,Saanich,BC Hydro,ELEC,MIXED,Saanich|BC Hydro|ELEC|MIXED,MISSING_YEAR
2016,Salmon Arm,BC Hydro,ELEC,MIXED,Salmon Arm|BC Hydro|ELEC|MIXED,MISSING_YEAR
2017,Salmon Arm,BC Hydro,ELEC,MIXED,Salmon Arm|BC Hydro|ELEC|MIXED,MISSING_YEAR
2018,Salmon Arm,BC Hydro,ELEC,MIXED,Salmon Arm|BC Hydro|ELEC|MIXED,MISSING_YEAR
2019,Salmon Arm,BC Hydro,ELEC,MIXED,Salmon Arm|BC Hydro|ELEC|MIXED,MISSING_YEAR
2020,Salmon Arm,BC Hydro,ELEC,MIXED,Salmon Arm|BC Hydro|ELEC|MIXED,MISSING_YEAR
2007,Salmon Arm,BC Hydro,ELEC,MIXED,Salmon Arm|BC Hydro|ELEC|MIXED,MISSING_YEAR
2010,Salmon Arm,BC Hydro,ELEC,MIXED,Salmon Arm|BC Hydro|ELEC|MIXED,MISSING_YEAR
2012,Salmon Arm,BC Hydro,ELEC,MIXED,Salmon Arm|BC Hydro|ELEC|MIXED,MISSING_YEAR
2013,Salmon Arm,BC Hydro,ELEC,MIXED,Salmon Arm|BC Hydro|ELEC|MIXED,MISSING_YEAR
2014,Salmon Arm,BC Hydro,ELEC,MIXED,Salmon Arm|BC Hydro|ELEC|MIXED,MISSING_YEAR
2015,Salmon Arm,BC Hydro,ELEC,MIXED,Salmon Arm|BC Hydro|ELEC|MIXED,MISSING_YEAR
2016,Sayward,BC Hydro,ELEC,MIXED,Sayward|BC Hydro|ELEC|MIXED,MISSING_YEAR
2017,Sayward,BC Hydro,ELEC,MIXED,Sayward|BC Hydro|ELEC|MIXED,MISSING_YEAR
2018,Sayward,BC Hydro,ELEC,MIXED,Sayward|BC Hydro|ELEC|MIXED,MISSING_YEAR
2019,Sayward,BC Hydro,ELEC,MIXED,Sayward|BC Hydro|ELEC|MIXED,MISSING_YEAR
2020,Sayward,BC Hydro,ELEC,MIXED,Sayward|BC Hydro|ELEC|MIXED,MISSING_YEAR
2007,Sayward,BC Hydro,ELEC,MIXED,Sayward|BC Hydro|ELEC|MIXED,MISSING_YEAR
2010,Sayward,BC Hydro,ELEC,MIXED,Sayward|BC Hydro|ELEC|MIXED,MISSING_YEAR
2012,Sayward,BC Hydro,ELEC,MIXED,Sayward|BC Hydro|ELEC|MIXED,MISSING_YEAR
2013,Sayward,BC Hydro,ELEC,MIXED,Sayward|BC Hydro|ELEC|MIXED,MISSING_YEAR
2014,Sayward,BC Hydro,ELEC,MIXED,Sayward|BC Hydro|ELEC|MIXED,MISSING_YEAR
2015,Sayward,BC Hydro,ELEC,MIXED,Sayward|BC Hydro|ELEC|MIXED,MISSING_YEAR
2016,Sechelt,BC Hydro,ELEC,MIXED,Sechelt|BC Hydro|ELEC|MIXED,MISSING_YEAR
2017,Sechelt,BC Hydro,ELEC,MIXED,Sechelt|BC Hydro|ELEC|MIXED,MISSING_YEAR
2018,Sechelt,BC Hydro,ELEC,MIXED,Sechelt|BC Hydro|ELEC|MIXED,MISSING_YEAR
2019,Sechelt,BC Hydro,ELEC,MIXED,Sechelt|BC Hydro|ELEC|MIXED,MISSING_YEAR
2020,Sechelt,BC Hydro,ELEC,MIXED,Sechelt|BC Hydro|ELEC|MIXED,MISSING_YEAR
2007,Sechelt,BC Hydro,ELEC,MIXED,Sechelt|BC Hydro|ELEC|MIXED,MISSING_YEAR
2010,Sechelt,BC Hydro,ELEC,MIXED,Sechelt|BC Hydro|ELEC|MIXED,MISSING_YEAR
2012,Sechelt,BC Hydro,ELEC,MIXED,Sechelt|BC Hydro|ELEC|MIXED,MISSING_YEAR
2013,Sechelt,BC Hydro,ELEC,MIXED,Sechelt|BC Hydro|ELEC|MIXED,MISSING_YEAR
2014,Sechelt,BC Hydro,ELEC,MIXED,Sechelt|BC Hydro|ELEC|MIXED,MISSING_YEAR
2015,Sechelt,BC Hydro,ELEC,MIXED,Sechelt|BC Hydro|ELEC|MIXED,MISSING_YEAR
2016,Sechelt IGD,BC Hydro,ELEC,MIXED,Sechelt IGD|BC Hydro|ELEC|MIXED,MISSING_YEAR
2017,Sechelt IGD,BC Hydro,ELEC,MIXED,Sechelt IGD|BC Hydro|ELEC|MIXED,MISSING_YEAR
2018,Sechelt IGD,BC Hydro,ELEC,MIXED,Sechelt IGD|BC Hydro|ELEC|MIXED,MISSING_YEAR
2019,Sechelt IGD,BC Hydro,ELEC,MIXED,Sechelt IGD|BC Hydro|ELEC|MIXED,MISSING_YEAR
2020,Sechelt IGD,BC Hydro,ELEC,MIXED,Sechelt IGD|BC Hydro|ELEC|MIXED,MISSING_YEAR
2007,Sechelt IGD,BC Hydro,ELEC,MIXED,Sechelt IGD|BC Hydro|ELEC|MIXED,MISSING_YEAR
2010,Sechelt IGD,BC Hydro,ELEC,MIXED,Sechelt IGD|BC Hydro|ELEC|MIXED,MISSING_YEAR
2012,Sechelt IGD,BC Hydro,ELEC,MIXED,Sechelt IGD|BC Hydro|ELEC|MIXED,MISSING_YEAR
2013,Sechelt IGD,BC Hydro,ELEC,MIXED,Sechelt IGD|BC Hydro|ELEC|MIXED,MISSING_YEAR
2014,Sechelt IGD,BC Hydro,ELEC,MIXED,Sechelt IGD|BC Hydro|ELEC|MIXED,MISSING_YEAR
2015,Sechelt IGD,BC Hydro,ELEC,MIXED,Sechelt IGD|BC Hydro|ELEC|MIXED,MISSING_YEAR
2016,Sicamous,BC Hydro,ELEC,MIXED,Sicamous|BC Hydro|ELEC|MIXED,MISSING_YEAR
2017,Sicamous,BC Hydro,ELEC,MIXED,Sicamous|BC Hydro|ELEC|MIXED,MISSING_YEAR
2018,Sicamous,BC Hydro,ELEC,MIXED,Sicamous|BC Hydro|ELEC|MIXED,MISSING_YEAR
2019,Sicamous,BC Hydro,ELEC,MIXED,Sicamous|BC Hydro|ELEC|MIXED,MISSING_YEAR
2020,Sicamous,BC Hydro,ELEC,MIXED,Sicamous|BC Hydro|ELEC|MIXED,MISSING_YEAR
2007,Sicamous,BC Hydro,ELEC,MIXED,Sicamous|BC Hydro|ELEC|MIXED,MISSING_YEAR
2010,Sicamous,BC Hydro,ELEC,MIXED,Sicamous|BC Hydro|ELEC|MIXED,MISSING_YEAR
2012,Sicamous,BC Hydro,ELEC,MIXED,Sicamous|BC Hydro|ELEC|MIXED,MISSING_YEAR
2013,Sicamous,BC Hydro,ELEC,MIXED,Sicamous|BC Hydro|ELEC|MIXED,MISSING_YEAR
2014,Sicamous,BC Hydro,ELEC,MIXED,Sicamous|BC Hydro|ELEC|MIXED,MISSING_YEAR
2015,Sicamous,BC Hydro,ELEC,MIXED,Sicamous|BC Hydro|ELEC|MIXED,MISSING_YEAR
2016,Sidney,BC Hydro,ELEC,MIXED,Sidney|BC Hydro|ELEC|MIXED,MISSING_YEAR
2017,Sidney,BC Hydro,ELEC,MIXED,Sidney|BC Hydro|ELEC|MIXED,MISSING_YEAR
2018,Sidney,BC Hydro,ELEC,MIXED,Sidney|BC Hydro|ELEC|MIXED,MISSING_YEAR
2019,Sidney,BC Hydro,ELEC,MIXED,Sidney|BC Hydro|ELEC|MIXED,MISSING_YEAR
2020,Sidney,BC Hydro,ELEC,MIXED,Sidney|BC Hydro|ELEC|MIXED,MISSING_YEAR
2007,Sidney,BC Hydro,ELEC,MIXED,Sidney|BC Hydro|ELEC|MIXED,MISSING_YEAR
2010,Sidney,BC Hydro,ELEC,MIXED,Sidney|BC Hydro|ELEC|MIXED,MISSING_YEAR
2012,Sidney,BC Hydro,ELEC,MIXED,Sidney|BC Hydro|ELEC|MIXED,MISSING_YEAR
2013,Sidney,BC Hydro,ELEC,MIXED,Sidney|BC Hydro|ELEC|MIXED,MISSING_YEAR
2014,Sidney,BC Hydro,ELEC,MIXED,Sidney|BC Hydro|ELEC|MIXED,MISSING_YEAR
2015,Sidney,BC Hydro,ELEC,MIXED,Sidney|BC Hydro|ELEC|MIXED,MISSING_YEAR
2016,Silverton,BC Hydro,ELEC,MIXED,Silverton|BC Hydro|ELEC|MIXED,MISSING_YEAR
2017,Silverton,BC Hydro,ELEC,MIXED,Silverton|BC Hydro|ELEC|MIXED,MISSING_YEAR
2018,Silverton,BC Hydro,ELEC,MIXED,Silverton|BC Hydro|ELEC|MIXED,MISSING_YEAR
2019,Silverton,BC Hydro,ELEC,MIXED,Silverton|BC Hydro|ELEC|MIXED,MISSING_YEAR
2020,Silverton,BC Hydro,ELEC,MIXED,Silverton|BC Hydro|ELEC|MIXED,MISSING_YEAR
2007,Silverton,BC Hydro,ELEC,MIXED,Silverton|BC Hydro|ELEC|MIXED,MISSING_YEAR
2010,Silverton,BC Hydro,ELEC,MIXED,Silverton|BC Hydro|ELEC|MIXED,MISSING_YEAR
2012,Silverton,BC Hydro,ELEC,MIXED,Silverton|BC Hydro|ELEC|MIXED,MISSING_YEAR
2013,Silverton,BC Hydro,ELEC,MIXED,Silverton|BC Hydro|ELEC|MIXED,MISSING_YEAR
2014,Silverton,BC Hydro,ELEC,MIXED,Silverton|BC Hydro|ELEC|MIXED,MISSING_YEAR
2015,Silverton,BC Hydro,ELEC,MIXED,Silverton|BC Hydro|ELEC|MIXED,MISSING_YEAR
2016,Smithers,BC Hydro,ELEC,MIXED,Smithers|BC Hydro|ELEC|MIXED,MISSING_YEAR
2017,Smithers,BC Hydro,ELEC,MIXED,Smithers|BC Hydro|ELEC|MIXED,MISSING_YEAR
2018,Smithers,BC Hydro,ELEC,MIXED,Smithers|BC Hydro|ELEC|MIXED,MISSING_YEAR
2019,Smithers,BC Hydro,ELEC,MIXED,Smithers|BC Hydro|ELEC|MIXED,MISSING_YEAR
2020,Smithers,BC Hydro,ELEC,MIXED,Smithers|BC Hydro|ELEC|MIXED,MISSING_YEAR
2007,Smithers,BC Hydro,ELEC,MIXED,Smithers|BC Hydro|ELEC|MIXED,MISSING_YEAR
2010,Smithers,BC Hydro,ELEC,MIXED,Smithers|BC Hydro|ELEC|MIXED,MISSING_YEAR
2012,Smithers,BC Hydro,ELEC,MIXED,Smithers|BC Hydro|ELEC|MIXED,MISSING_YEAR
2013,Smithers,BC Hydro,ELEC,MIXED,Smithers|BC Hydro|ELEC|MIXED,MISSING_YEAR
2014,Smithers,BC Hydro,ELEC,MIXED,Smithers|BC Hydro|ELEC|MIXED,MISSING_YEAR
2015,Smithers,BC Hydro,ELEC,MIXED,Smithers|BC Hydro|ELEC|MIXED,MISSING_YEAR
2016,Sooke,BC Hydro,ELEC,MIXED,Sooke|BC Hydro|ELEC|MIXED,MISSING_YEAR
2017,Sooke,BC Hydro,ELEC,MIXED,Sooke|BC Hydro|ELEC|MIXED,MISSING_YEAR
2018,Sooke,BC Hydro,ELEC,MIXED,Sooke|BC Hydro|ELEC|MIXED,MISSING_YEAR
2019,Sooke,BC Hydro,ELEC,MIXED,Sooke|BC Hydro|ELEC|MIXED,MISSING_YEAR
2020,Sooke,BC Hydro,ELEC,MIXED,Sooke|BC Hydro|ELEC|MIXED,MISSING_YEAR
2007,Sooke,BC Hydro,ELEC,MIXED,Sooke|BC Hydro|ELEC|MIXED,MISSING_YEAR
2010,Sooke,BC Hydro,ELEC,MIXED,Sooke|BC Hydro|ELEC|MIXED,MISSING_YEAR
2012,Sooke,BC Hydro,ELEC,MIXED,Sooke|BC Hydro|ELEC|MIXED,MISSING_YEAR
2013,Sooke,BC Hydro,ELEC,MIXED,Sooke|BC Hydro|ELEC|MIXED,MISSING_YEAR
2014,Sooke,BC Hydro,ELEC,MIXED,Sooke|BC Hydro|ELEC|MIXED,MISSING_YEAR
2015,Sooke,BC Hydro,ELEC,MIXED,Sooke|BC Hydro|ELEC|MIXED,MISSING_YEAR
2016,Spallumcheen,BC Hydro,ELEC,MIXED,Spallumcheen|BC Hydro|ELEC|MIXED,MISSING_YEAR
2017,Spallumcheen,BC Hydro,ELEC,MIXED,Spallumcheen|BC Hydro|ELEC|MIXED,MISSING_YEAR
2018,Spallumcheen,BC Hydro,ELEC,MIXED,Spallumcheen|BC Hydro|ELEC|MIXED,MISSING_YEAR
2019,Spallumcheen,BC Hydro,ELEC,MIXED,Spallumcheen|BC Hydro|ELEC|MIXED,MISSING_YEAR
2020,Spallumcheen,BC Hydro,ELEC,MIXED,Spallumcheen|BC Hydro|ELEC|MIXED,MISSING_YEAR
2007,Spallumcheen,BC Hydro,ELEC,MIXED,Spallumcheen|BC Hydro|ELEC|MIXED,MISSING_YEAR
2010,Spallumcheen,BC Hydro,ELEC,MIXED,Spallumcheen|BC Hydro|ELEC|MIXED,MISSING_YEAR
2012,Spallumcheen,BC Hydro,ELEC,MIXED,Spallumcheen|BC Hydro|ELEC|MIXED,MISSING_YEAR
2013,Spallumcheen,BC Hydro,ELEC,MIXED,Spallumcheen|BC Hydro|ELEC|MIXED,MISSING_YEAR
2014,Spallumcheen,BC Hydro,ELEC,MIXED,Spallumcheen|BC Hydro|ELEC|MIXED,MISSING_YEAR
2015,Spallumcheen,BC Hydro,ELEC,MIXED,Spallumcheen|BC Hydro|ELEC|MIXED,MISSING_YEAR
2016,Sparwood,BC Hydro,ELEC,MIXED,Sparwood|BC Hydro|ELEC|MIXED,MISSING_YEAR
2017,Sparwood,BC Hydro,ELEC,MIXED,Sparwood|BC Hydro|ELEC|MIXED,MISSING_YEAR
2018,Sparwood,BC Hydro,ELEC,MIXED,Sparwood|BC Hydro|ELEC|MIXED,MISSING_YEAR
2019,Sparwood,BC Hydro,ELEC,MIXED,Sparwood|BC Hydro|ELEC|MIXED,MISSING_YEAR
2020,Sparwood,BC Hydro,ELEC,MIXED,Sparwood|BC Hydro|ELEC|MIXED,MISSING_YEAR
2007,Sparwood,BC Hydro,ELEC,MIXED,Sparwood|BC Hydro|ELEC|MIXED,MISSING_YEAR
2010,Sparwood,BC Hydro,ELEC,MIXED,Sparwood|BC Hydro|ELEC|MIXED,MISSING_YEAR
2012,Sparwood,BC Hydro,ELEC,MIXED,Sparwood|BC Hydro|ELEC|MIXED,MISSING_YEAR
2013,Sparwood,BC Hydro,ELEC,MIXED,Sparwood|BC Hydro|ELEC|MIXED,MISSING_YEAR
2014,Sparwood,BC Hydro,ELEC,MIXED,Sparwood|BC Hydro|ELEC|MIXED,MISSING_YEAR
2015,Sparwood,BC Hydro,ELEC,MIXED,Sparwood|BC Hydro|ELEC|MIXED,MISSING_YEAR
2016,Squamish,BC Hydro,ELEC,MIXED,Squamish|BC Hydro|ELEC|MIXED,MISSING_YEAR
2017,Squamish,BC Hydro,ELEC,MIXED,Squamish|BC Hydro|ELEC|MIXED,MISSING_YEAR
2018,Squamish,BC Hydro,ELEC,MIXED,Squamish|BC Hydro|ELEC|MIXED,MISSING_YEAR
2019,Squamish,BC Hydro,ELEC,MIXED,Squamish|BC Hydro|ELEC|MIXED,MISSING_YEAR
2020,Squamish,BC Hydro,ELEC,MIXED,Squamish|BC Hydro|ELEC|MIXED,MISSING_YEAR
2007,Squamish,BC Hydro,ELEC,MIXED,Squamish|BC Hydro|ELEC|MIXED,MISSING_YEAR
2010,Squamish,BC Hydro,ELEC,MIXED,Squamish|BC Hydro|ELEC|MIXED,MISSING_YEAR
2012,Squamish,BC Hydro,ELEC,MIXED,Squamish|BC Hydro|ELEC|MIXED,MISSING_YEAR
2013,Squamish,BC Hydro,ELEC,MIXED,Squamish|BC Hydro|ELEC|MIXED,MISSING_YEAR
2014,Squamish,BC Hydro,ELEC,MIXED,Squamish|BC Hydro|ELEC|MIXED,MISSING_YEAR
2015,Squamish,BC Hydro,ELEC,MIXED,Squamish|BC Hydro|ELEC|MIXED,MISSING_YEAR
2016,Stewart,BC Hydro,ELEC,MIXED,Stewart|BC Hydro|ELEC|MIXED,MISSING_YEAR
2017,Stewart,BC Hydro,ELEC,MIXED,Stewart|BC Hydro|ELEC|MIXED,MISSING_YEAR
2018,Stewart,BC Hydro,ELEC,MIXED,Stewart|BC Hydro|ELEC|MIXED,MISSING_YEAR
2019,Stewart,BC Hydro,ELEC,MIXED,Stewart|BC Hydro|ELEC|MIXED,MISSING_YEAR
2020,Stewart,BC Hydro,ELEC,MIXED,Stewart|BC Hydro|ELEC|MIXED,MISSING_YEAR
2007,Stewart,BC Hydro,ELEC,MIXED,Stewart|BC Hydro|ELEC|MIXED,MISSING_YEAR
2010,Stewart,BC Hydro,ELEC,MIXED,Stewart|BC Hydro|ELEC|MIXED,MISSING_YEAR
2012,Stewart,BC Hydro,ELEC,MIXED,Stewart|BC Hydro|ELEC|MIXED,MISSING_YEAR
2013,Stewart,BC Hydro,ELEC,MIXED,Stewart|BC Hydro|ELEC|MIXED,MISSING_YEAR
2014,Stewart,BC Hydro,ELEC,MIXED,Stewart|BC Hydro|ELEC|MIXED,MISSING_YEAR
2015,Stewart,BC Hydro,ELEC,MIXED,Stewart|BC Hydro|ELEC|MIXED,MISSING_YEAR
2016,Surrey,BC Hydro,ELEC,MIXED,Surrey|BC Hydro|ELEC|MIXED,MISSING_YEAR
2017,Surrey,BC Hydro,ELEC,MIXED,Surrey|BC Hydro|ELEC|MIXED,MISSING_YEAR
2018,Surrey,BC Hydro,ELEC,MIXED,Surrey|BC Hydro|ELEC|MIXED,MISSING_YEAR
2019,Surrey,BC Hydro,ELEC,MIXED,Surrey|BC Hydro|ELEC|MIXED,MISSING_YEAR
2020,Surrey,BC Hydro,ELEC,MIXED,Surrey|BC Hydro|ELEC|MIXED,MISSING_YEAR
2007,Surrey,BC Hydro,ELEC,MIXED,Surrey|BC Hydro|ELEC|MIXED,MISSING_YEAR
2010,Surrey,BC Hydro,ELEC,MIXED,Surrey|BC Hydro|ELEC|MIXED,MISSING_YEAR
2012,Surrey,BC Hydro,ELEC,MIXED,Surrey|BC Hydro|ELEC|MIXED,MISSING_YEAR
2013,Surrey,BC Hydro,ELEC,MIXED,Surrey|BC Hydro|ELEC|MIXED,MISSING_YEAR
2014,Surrey,BC Hydro,ELEC,MIXED,Surrey|BC Hydro|ELEC|MIXED,MISSING_YEAR
2015,Surrey,BC Hydro,ELEC,MIXED,Surrey|BC Hydro|ELEC|MIXED,MISSING_YEAR
2016,Tahsis,BC Hydro,ELEC,MIXED,Tahsis|BC Hydro|ELEC|MIXED,MISSING_YEAR
2017,Tahsis,BC Hydro,ELEC,MIXED,Tahsis|BC Hydro|ELEC|MIXED,MISSING_YEAR
2018,Tahsis,BC Hydro,ELEC,MIXED,Tahsis|BC Hydro|ELEC|MIXED,MISSING_YEAR
2019,Tahsis,BC Hydro,ELEC,MIXED,Tahsis|BC Hydro|ELEC|MIXED,MISSING_YEAR
2020,Tahsis,BC Hydro,ELEC,MIXED,Tahsis|BC Hydro|ELEC|MIXED,MISSING_YEAR
2007,Tahsis,BC Hydro,ELEC,MIXED,Tahsis|BC Hydro|ELEC|MIXED,MISSING_YEAR
2010,Tahsis,BC Hydro,ELEC,MIXED,Tahsis|BC Hydro|ELEC|MIXED,MISSING_YEAR
2012,Tahsis,BC Hydro,ELEC,MIXED,Tahsis|BC Hydro|ELEC|MIXED,MISSING_YEAR
2013,Tahsis,BC Hydro,ELEC,MIXED,Tahsis|BC Hydro|ELEC|MIXED,MISSING_YEAR
2014,Tahsis,BC Hydro,ELEC,MIXED,Tahsis|BC Hydro|ELEC|MIXED,MISSING_YEAR
2015,Tahsis,BC Hydro,ELEC,MIXED,Tahsis|BC Hydro|ELEC|MIXED,MISSING_YEAR
2016,Taylor,BC Hydro,ELEC,MIXED,Taylor|BC Hydro|ELEC|MIXED,MISSING_YEAR
2017,Taylor,BC Hydro,ELEC,MIXED,Taylor|BC Hydro|ELEC|MIXED,MISSING_YEAR
2018,Taylor,BC Hydro,ELEC,MIXED,Taylor|BC Hydro|ELEC|MIXED,MISSING_YEAR
2019,Taylor,BC Hydro,ELEC,MIXED,Taylor|BC Hydro|ELEC|MIXED,MISSING_YEAR
2020,Taylor,BC Hydro,ELEC,MIXED,Taylor|BC Hydro|ELEC|MIXED,MISSING_YEAR
2007,Taylor,BC Hydro,ELEC,MIXED,Taylor|BC Hydro|ELEC|MIXED,MISSING_YEAR
2010,Taylor,BC Hydro,ELEC,MIXED,Taylor|BC Hydro|ELEC|MIXED,MISSING_YEAR
2012,Taylor,BC Hydro,ELEC,MIXED,Taylor|BC Hydro|ELEC|MIXED,MISSING_YEAR
2013,Taylor,BC Hydro,ELEC,MIXED,Taylor|BC Hydro|ELEC|MIXED,MISSING_YEAR
2014,Taylor,BC Hydro,ELEC,MIXED,Taylor|BC Hydro|ELEC|MIXED,MISSING_YEAR
2015,Taylor,BC Hydro,ELEC,MIXED,Taylor|BC Hydro|ELEC|MIXED,MISSING_YEAR
2016,Telkwa,BC Hydro,ELEC,MIXED,Telkwa|BC Hydro|ELEC|MIXED,MISSING_YEAR
2017,Telkwa,BC Hydro,ELEC,MIXED,Telkwa|BC Hydro|ELEC|MIXED,MISSING_YEAR
2018,Telkwa,BC Hydro,ELEC,MIXED,Telkwa|BC Hydro|ELEC|MIXED,MISSING_YEAR
2019,Telkwa,BC Hydro,ELEC,MIXED,Telkwa|BC Hydro|ELEC|MIXED,MISSING_YEAR
2020,Telkwa,BC Hydro,ELEC,MIXED,Telkwa|BC Hydro|ELEC|MIXED,MISSING_YEAR
2007,Telkwa,BC Hydro,ELEC,MIXED,Telkwa|BC Hydro|ELEC|MIXED,MISSING_YEAR
2010,Telkwa,BC Hydro,ELEC,MIXED,Telkwa|BC Hydro|ELEC|MIXED,MISSING_YEAR
2012,Telkwa,BC Hydro,ELEC,MIXED,Telkwa|BC Hydro|ELEC|MIXED,MISSING_YEAR
2013,Telkwa,BC Hydro,ELEC,MIXED,Telkwa|BC Hydro|ELEC|MIXED,MISSING_YEAR
2014,Telkwa,BC Hydro,ELEC,MIXED,Telkwa|BC Hydro|ELEC|MIXED,MISSING_YEAR
2015,Telkwa,BC Hydro,ELEC,MIXED,Telkwa|BC Hydro|ELEC|MIXED,MISSING_YEAR
2016,Terrace,BC Hydro,ELEC,MIXED,Terrace|BC Hydro|ELEC|MIXED,MISSING_YEAR
2017,Terrace,BC Hydro,ELEC,MIXED,Terrace|BC Hydro|ELEC|MIXED,MISSING_YEAR
2018,Terrace,BC Hydro,ELEC,MIXED,Terrace|BC Hydro|ELEC|MIXED,MISSING_YEAR
2019,Terrace,BC Hydro,ELEC,MIXED,Terrace|BC Hydro|ELEC|MIXED,MISSING_YEAR
2020,Terrace,BC Hydro,ELEC,MIXED,Terrace|BC Hydro|ELEC|MIXED,MISSING_YEAR
2007,Terrace,BC Hydro,ELEC,MIXED,Terrace|BC Hydro|ELEC|MIXED,MISSING_YEAR
2010,Terrace,BC Hydro,ELEC,MIXED,Terrace|BC Hydro|ELEC|MIXED,MISSING_YEAR
2012,Terrace,BC Hydro,ELEC,MIXED,Terrace|BC Hydro|ELEC|MIXED,MISSING_YEAR
2013,Terrace,BC Hydro,ELEC,MIXED,Terrace|BC Hydro|ELEC|MIXED,MISSING_YEAR
2014,Terrace,BC Hydro,ELEC,MIXED,Terrace|BC Hydro|ELEC|MIXED,MISSING_YEAR
2015,Terrace,BC Hydro,ELEC,MIXED,Terrace|BC Hydro|ELEC|MIXED,MISSING_YEAR
2016,Tofino,BC Hydro,ELEC,MIXED,Tofino|BC Hydro|ELEC|MIXED,MISSING_YEAR
2017,Tofino,BC Hydro,ELEC,MIXED,Tofino|BC Hydro|ELEC|MIXED,MISSING_YEAR
2018,Tofino,BC Hydro,ELEC,MIXED,Tofino|BC Hydro|ELEC|MIXED,MISSING_YEAR
2019,Tofino,BC Hydro,ELEC,MIXED,Tofino|BC Hydro|ELEC|MIXED,MISSING_YEAR
2020,Tofino,BC Hydro,ELEC,MIXED,Tofino|BC Hydro|ELEC|MIXED,MISSING_YEAR
2007,Tofino,BC Hydro,ELEC,MIXED,Tofino|BC Hydro|ELEC|MIXED,MISSING_YEAR
2010,Tofino,BC Hydro,ELEC,MIXED,Tofino|BC Hydro|ELEC|MIXED,MISSING_YEAR
2012,Tofino,BC Hydro,ELEC,MIXED,Tofino|BC Hydro|ELEC|MIXED,MISSING_YEAR
2013,Tofino,BC Hydro,ELEC,MIXED,Tofino|BC Hydro|ELEC|MIXED,MISSING_YEAR
2014,Tofino,BC Hydro,ELEC,MIXED,Tofino|BC Hydro|ELEC|MIXED,MISSING_YEAR
2015,Tofino,BC Hydro,ELEC,MIXED,Tofino|BC Hydro|ELEC|MIXED,MISSING_YEAR
2016,Tumbler Ridge,BC Hydro,ELEC,MIXED,Tumbler Ridge|BC Hydro|ELEC|MIXED,MISSING_YEAR
2017,Tumbler Ridge,BC Hydro,ELEC,MIXED,Tumbler Ridge|BC Hydro|ELEC|MIXED,MISSING_YEAR
2018,Tumbler Ridge,BC Hydro,ELEC,MIXED,Tumbler Ridge|BC Hydro|ELEC|MIXED,MISSING_YEAR
2019,Tumbler Ridge,BC Hydro,ELEC,MIXED,Tumbler Ridge|BC Hydro|ELEC|MIXED,MISSING_YEAR
2020,Tumbler Ridge,BC Hydro,ELEC,MIXED,Tumbler Ridge|BC Hydro|ELEC|MIXED,MISSING_YEAR
2007,Tumbler Ridge,BC Hydro,ELEC,MIXED,Tumbler Ridge|BC Hydro|ELEC|MIXED,MISSING_YEAR
2010,Tumbler Ridge,BC Hydro,ELEC,MIXED,Tumbler Ridge|BC Hydro|ELEC|MIXED,MISSING_YEAR
2012,Tumbler Ridge,BC Hydro,ELEC,MIXED,Tumbler Ridge|BC Hydro|ELEC|MIXED,MISSING_YEAR
2013,Tumbler Ridge,BC Hydro,ELEC,MIXED,Tumbler Ridge|BC Hydro|ELEC|MIXED,MISSING_YEAR
2014,Tumbler Ridge,BC Hydro,ELEC,MIXED,Tumbler Ridge|BC Hydro|ELEC|MIXED,MISSING_YEAR
2015,Tumbler Ridge,BC Hydro,ELEC,MIXED,Tumbler Ridge|BC Hydro|ELEC|MIXED,MISSING_YEAR
2016,Ucluelet,BC Hydro,ELEC,MIXED,Ucluelet|BC Hydro|ELEC|MIXED,MISSING_YEAR
2017,Ucluelet,BC Hydro,ELEC,MIXED,Ucluelet|BC Hydro|ELEC|MIXED,MISSING_YEAR
2018,Ucluelet,BC Hydro,ELEC,MIXED,Ucluelet|BC Hydro|ELEC|MIXED,MISSING_YEAR
2019,Ucluelet,BC Hydro,ELEC,MIXED,Ucluelet|BC Hydro|ELEC|MIXED,MISSING_YEAR
2020,Ucluelet,BC Hydro,ELEC,MIXED,Ucluelet|BC Hydro|ELEC|MIXED,MISSING_YEAR
2007,Ucluelet,BC Hydro,ELEC,MIXED,Ucluelet|BC Hydro|ELEC|MIXED,MISSING_YEAR
2010,Ucluelet,BC Hydro,ELEC,MIXED,Ucluelet|BC Hydro|ELEC|MIXED,MISSING_YEAR
2012,Ucluelet,BC Hydro,ELEC,MIXED,Ucluelet|BC Hydro|ELEC|MIXED,MISSING_YEAR
2013,Ucluelet,BC Hydro,ELEC,MIXED,Ucluelet|BC Hydro|ELEC|MIXED,MISSING_YEAR
2014,Ucluelet,BC Hydro,ELEC,MIXED,Ucluelet|BC Hydro|ELEC|MIXED,MISSING_YEAR
2015,Ucluelet,BC Hydro,ELEC,MIXED,Ucluelet|BC Hydro|ELEC|MIXED,MISSING_YEAR
2016,Valemount,BC Hydro,ELEC,MIXED,Valemount|BC Hydro|ELEC|MIXED,MISSING_YEAR
2017,Valemount,BC Hydro,ELEC,MIXED,Valemount|BC Hydro|ELEC|MIXED,MISSING_YEAR
2018,Valemount,BC Hydro,ELEC,MIXED,Valemount|BC Hydro|ELEC|MIXED,MISSING_YEAR
2019,Valemount,BC Hydro,ELEC,MIXED,Valemount|BC Hydro|ELEC|MIXED,MISSING_YEAR
2020,Valemount,BC Hydro,ELEC,MIXED,Valemount|BC Hydro|ELEC|MIXED,MISSING_YEAR
2007,Valemount,BC Hydro,ELEC,MIXED,Valemount|BC Hydro|ELEC|MIXED,MISSING_YEAR
2010,Valemount,BC Hydro,ELEC,MIXED,Valemount|BC Hydro|ELEC|MIXED,MISSING_YEAR
2012,Valemount,BC Hydro,ELEC,MIXED,Valemount|BC Hydro|ELEC|MIXED,MISSING_YEAR
2013,Valemount,BC Hydro,ELEC,MIXED,Valemount|BC Hydro|ELEC|MIXED,MISSING_YEAR
2014,Valemount,BC Hydro,ELEC,MIXED,Valemount|BC Hydro|ELEC|MIXED,MISSING_YEAR
2015,Valemount,BC Hydro,ELEC,MIXED,Valemount|BC Hydro|ELEC|MIXED,MISSING_YEAR
2016,Vancouver,BC Hydro,ELEC,MIXED,Vancouver|BC Hydro|ELEC|MIXED,MISSING_YEAR
2017,Vancouver,BC Hydro,ELEC,MIXED,Vancouver|BC Hydro|ELEC|MIXED,MISSING_YEAR
2018,Vancouver,BC Hydro,ELEC,MIXED,Vancouver|BC Hydro|ELEC|MIXED,MISSING_YEAR
2019,Vancouver,BC Hydro,ELEC,MIXED,Vancouver|BC Hydro|ELEC|MIXED,MISSING_YEAR
2020,Vancouver,BC Hydro,ELEC,MIXED,Vancouver|BC Hydro|ELEC|MIXED,MISSING_YEAR
2007,Vancouver,BC Hydro,ELEC,MIXED,Vancouver|BC Hydro|ELEC|MIXED,MISSING_YEAR
2010,Vancouver,BC Hydro,ELEC,MIXED,Vancouver|BC Hydro|ELEC|MIXED,MISSING_YEAR
2012,Vancouver,BC Hydro,ELEC,MIXED,Vancouver|BC Hydro|ELEC|MIXED,MISSING_YEAR
2013,Vancouver,BC Hydro,ELEC,MIXED,Vancouver|BC Hydro|ELEC|MIXED,MISSING_YEAR
2014,Vancouver,BC Hydro,ELEC,MIXED,Vancouver|BC Hydro|ELEC|MIXED,MISSING_YEAR
2015,Vancouver,BC Hydro,ELEC,MIXED,Vancouver|BC Hydro|ELEC|MIXED,MISSING_YEAR
2016,Vanderhoof,BC Hydro,ELEC,MIXED,Vanderhoof|BC Hydro|ELEC|MIXED,MISSING_YEAR
2017,Vanderhoof,BC Hydro,ELEC,MIXED,Vanderhoof|BC Hydro|ELEC|MIXED,MISSING_YEAR
2018,Vanderhoof,BC Hydro,ELEC,MIXED,Vanderhoof|BC Hydro|ELEC|MIXED,MISSING_YEAR
2019,Vanderhoof,BC Hydro,ELEC,MIXED,Vanderhoof|BC Hydro|ELEC|MIXED,MISSING_YEAR
2020,Vanderhoof,BC Hydro,ELEC,MIXED,Vanderhoof|BC Hydro|ELEC|MIXED,MISSING_YEAR
2007,Vanderhoof,BC Hydro,ELEC,MIXED,Vanderhoof|BC Hydro|ELEC|MIXED,MISSING_YEAR
2010,Vanderhoof,BC Hydro,ELEC,MIXED,Vanderhoof|BC Hydro|ELEC|MIXED,MISSING_YEAR
2012,Vanderhoof,BC Hydro,ELEC,MIXED,Vanderhoof|BC Hydro|ELEC|MIXED,MISSING_YEAR
2013,Vanderhoof,BC Hydro,ELEC,MIXED,Vanderhoof|BC Hydro|ELEC|MIXED,MISSING_YEAR
2014,Vanderhoof,BC Hydro,ELEC,MIXED,Vanderhoof|BC Hydro|ELEC|MIXED,MISSING_YEAR
2015,Vanderhoof,BC Hydro,ELEC,MIXED,Vanderhoof|BC Hydro|ELEC|MIXED,MISSING_YEAR
2016,Vernon,BC Hydro,ELEC,MIXED,Vernon|BC Hydro|ELEC|MIXED,MISSING_YEAR
2017,Vernon,BC Hydro,ELEC,MIXED,Vernon|BC Hydro|ELEC|MIXED,MISSING_YEAR
2018,Vernon,BC Hydro,ELEC,MIXED,Vernon|BC Hydro|ELEC|MIXED,MISSING_YEAR
2019,Vernon,BC Hydro,ELEC,MIXED,Vernon|BC Hydro|ELEC|MIXED,MISSING_YEAR
2020,Vernon,BC Hydro,ELEC,MIXED,Vernon|BC Hydro|ELEC|MIXED,MISSING_YEAR
2007,Vernon,BC Hydro,ELEC,MIXED,Vernon|BC Hydro|ELEC|MIXED,MISSING_YEAR
2010,Vernon,BC Hydro,ELEC,MIXED,Vernon|BC Hydro|ELEC|MIXED,MISSING_YEAR
2012,Vernon,BC Hydro,ELEC,MIXED,Vernon|BC Hydro|ELEC|MIXED,MISSING_YEAR
2013,Vernon,BC Hydro,ELEC,MIXED,Vernon|BC Hydro|ELEC|MIXED,MISSING_YEAR
2014,Vernon,BC Hydro,ELEC,MIXED,Vernon|BC Hydro|ELEC|MIXED,MISSING_YEAR
2015,Vernon,BC Hydro,ELEC,MIXED,Vernon|BC Hydro|ELEC|MIXED,MISSING_YEAR
2016,Victoria,BC Hydro,ELEC,MIXED,Victoria|BC Hydro|ELEC|MIXED,MISSING_YEAR
2017,Victoria,BC Hydro,ELEC,MIXED,Victoria|BC Hydro|ELEC|MIXED,MISSING_YEAR
2018,Victoria,BC Hydro,ELEC,MIXED,Victoria|BC Hydro|ELEC|MIXED,MISSING_YEAR
2019,Victoria,BC Hydro,ELEC,MIXED,Victoria|BC Hydro|ELEC|MIXED,MISSING_YEAR
2020,Victoria,BC Hydro,ELEC,MIXED,Victoria|BC Hydro|ELEC|MIXED,MISSING_YEAR
2007,Victoria,BC Hydro,ELEC,MIXED,Victoria|BC Hydro|ELEC|MIXED,MISSING_YEAR
2010,Victoria,BC Hydro,ELEC,MIXED,Victoria|BC Hydro|ELEC|MIXED,MISSING_YEAR
2012,Victoria,BC Hydro,ELEC,MIXED,Victoria|BC Hydro|ELEC|MIXED,MISSING_YEAR
2013,Victoria,BC Hydro,ELEC,MIXED,Victoria|BC Hydro|ELEC|MIXED,MISSING_YEAR
2014,Victoria,BC Hydro,ELEC,MIXED,Victoria|BC Hydro|ELEC|MIXED,MISSING_YEAR
2015,Victoria,BC Hydro,ELEC,MIXED,Victoria|BC Hydro|ELEC|MIXED,MISSING_YEAR
2016,View Royal,BC Hydro,ELEC,MIXED,View Royal|BC Hydro|ELEC|MIXED,MISSING_YEAR
2017,View Royal,BC Hydro,ELEC,MIXED,View Royal|BC Hydro|ELEC|MIXED,MISSING_YEAR
2018,View Royal,BC Hydro,ELEC,MIXED,View Royal|BC Hydro|ELEC|MIXED,MISSING_YEAR
2019,View Royal,BC Hydro,ELEC,MIXED,View Royal|BC Hydro|ELEC|MIXED,MISSING_YEAR
2020,View Royal,BC Hydro,ELEC,MIXED,View Royal|BC Hydro|ELEC|MIXED,MISSING_YEAR
2007,View Royal,BC Hydro,ELEC,MIXED,View Royal|BC Hydro|ELEC|MIXED,MISSING_YEAR
2010,View Royal,BC Hydro,ELEC,MIXED,View Royal|BC Hydro|ELEC|MIXED,MISSING_YEAR
2012,View Royal,BC Hydro,ELEC,MIXED,View Royal|BC Hydro|ELEC|MIXED,MISSING_YEAR
2013,View Royal,BC Hydro,ELEC,MIXED,View Royal|BC Hydro|ELEC|MIXED,MISSING_YEAR
2014,View Royal,BC Hydro,ELEC,MIXED,View Royal|BC Hydro|ELEC|MIXED,MISSING_YEAR
2015,View Royal,BC Hydro,ELEC,MIXED,View Royal|BC Hydro|ELEC|MIXED,MISSING_YEAR
2016,Wells,BC Hydro,ELEC,MIXED,Wells|BC Hydro|ELEC|MIXED,MISSING_YEAR
2017,Wells,BC Hydro,ELEC,MIXED,Wells|BC Hydro|ELEC|MIXED,MISSING_YEAR
2018,Wells,BC Hydro,ELEC,MIXED,Wells|BC Hydro|ELEC|MIXED,MISSING_YEAR
2019,Wells,BC Hydro,ELEC,MIXED,Wells|BC Hydro|ELEC|MIXED,MISSING_YEAR
2020,Wells,BC Hydro,ELEC,MIXED,Wells|BC Hydro|ELEC|MIXED,MISSING_YEAR
2007,Wells,BC Hydro,ELEC,MIXED,Wells|BC Hydro|ELEC|MIXED,MISSING_YEAR
2010,Wells,BC Hydro,ELEC,MIXED,Wells|BC Hydro|ELEC|MIXED,MISSING_YEAR
2012,Wells,BC Hydro,ELEC,MIXED,Wells|BC Hydro|ELEC|MIXED,MISSING_YEAR
2013,Wells,BC Hydro,ELEC,MIXED,Wells|BC Hydro|ELEC|MIXED,MISSING_YEAR
2014,Wells,BC Hydro,ELEC,MIXED,Wells|BC Hydro|ELEC|MIXED,MISSING_YEAR
2015,Wells,BC Hydro,ELEC,MIXED,Wells|BC Hydro|ELEC|MIXED,MISSING_YEAR
2016,West Vancouver,BC Hydro,ELEC,MIXED,West Vancouver|BC Hydro|ELEC|MIXED,MISSING_YEAR
2017,West Vancouver,BC Hydro,ELEC,MIXED,West Vancouver|BC Hydro|ELEC|MIXED,MISSING_YEAR
2018,West Vancouver,BC Hydro,ELEC,MIXED,West Vancouver|BC Hydro|ELEC|MIXED,MISSING_YEAR
2019,West Vancouver,BC Hydro,ELEC,MIXED,West Vancouver|BC Hydro|ELEC|MIXED,MISSING_YEAR
2020,West Vancouver,BC Hydro,ELEC,MIXED,West Vancouver|BC Hydro|ELEC|MIXED,MISSING_YEAR
2007,West Vancouver,BC Hydro,ELEC,MIXED,West Vancouver|BC Hydro|ELEC|MIXED,MISSING_YEAR
2010,West Vancouver,BC Hydro,ELEC,MIXED,West Vancouver|BC Hydro|ELEC|MIXED,MISSING_YEAR
2012,West Vancouver,BC Hydro,ELEC,MIXED,West Vancouver|BC Hydro|ELEC|MIXED,MISSING_YEAR
2013,West Vancouver,BC Hydro,ELEC,MIXED,West Vancouver|BC Hydro|ELEC|MIXED,MISSING_YEAR
2014,West Vancouver,BC Hydro,ELEC,MIXED,West Vancouver|BC Hydro|ELEC|MIXED,MISSING_YEAR
2015,West Vancouver,BC Hydro,ELEC,MIXED,West Vancouver|BC Hydro|ELEC|MIXED,MISSING_YEAR
2016,Whistler,BC Hydro,ELEC,MIXED,Whistler|BC Hydro|ELEC|MIXED,MISSING_YEAR
2017,Whistler,BC Hydro,ELEC,MIXED,Whistler|BC Hydro|ELEC|MIXED,MISSING_YEAR
2018,Whistler,BC Hydro,ELEC,MIXED,Whistler|BC Hydro|ELEC|MIXED,MISSING_YEAR
2019,Whistler,BC Hydro,ELEC,MIXED,Whistler|BC Hydro|ELEC|MIXED,MISSING_YEAR
2020,Whistler,BC Hydro,ELEC,MIXED,Whistler|BC Hydro|ELEC|MIXED,MISSING_YEAR
2007,Whistler,BC Hydro,ELEC,MIXED,Whistler|BC Hydro|ELEC|MIXED,MISSING_YEAR
2010,Whistler,BC Hydro,ELEC,MIXED,Whistler|BC Hydro|ELEC|MIXED,MISSING_YEAR
2012,Whistler,BC Hydro,ELEC,MIXED,Whistler|BC Hydro|ELEC|MIXED,MISSING_YEAR
2013,Whistler,BC Hydro,ELEC,MIXED,Whistler|BC Hydro|ELEC|MIXED,MISSING_YEAR
2014,Whistler,BC Hydro,ELEC,MIXED,Whistler|BC Hydro|ELEC|MIXED,MISSING_YEAR
2015,Whistler,BC Hydro,ELEC,MIXED,Whistler|BC Hydro|ELEC|MIXED,MISSING_YEAR
2016,White Rock,BC Hydro,ELEC,MIXED,White Rock|BC Hydro|ELEC|MIXED,MISSING_YEAR
2017,White Rock,BC Hydro,ELEC,MIXED,White Rock|BC Hydro|ELEC|MIXED,MISSING_YEAR
2018,White Rock,BC Hydro,ELEC,MIXED,White Rock|BC Hydro|ELEC|MIXED,MISSING_YEAR
2019,White Rock,BC Hydro,ELEC,MIXED,White Rock|BC Hydro|ELEC|MIXED,MISSING_YEAR
2020,White Rock,BC Hydro,ELEC,MIXED,White Rock|BC Hydro|ELEC|MIXED,MISSING_YEAR
2007,White Rock,BC Hydro,ELEC,MIXED,White Rock|BC Hydro|ELEC|MIXED,MISSING_YEAR
2010,White Rock,BC Hydro,ELEC,MIXED,White Rock|BC Hydro|ELEC|MIXED,MISSING_YEAR
2012,White Rock,BC Hydro,ELEC,MIXED,White Rock|BC Hydro|ELEC|MIXED,MISSING_YEAR
2013,White Rock,BC Hydro,ELEC,MIXED,White Rock|BC Hydro|ELEC|MIXED,MISSING_YEAR
2014,White Rock,BC Hydro,ELEC,MIXED,White Rock|BC Hydro|ELEC|MIXED,MISSING_YEAR
2015,White Rock,BC Hydro,ELEC,MIXED,White Rock|BC Hydro|ELEC|MIXED,MISSING_YEAR
2016,Williams Lake,BC Hydro,ELEC,MIXED,Williams Lake|BC Hydro|ELEC|MIXED,MISSING_YEAR
2017,Williams Lake,BC Hydro,ELEC,MIXED,Williams Lake|BC Hydro|ELEC|MIXED,MISSING_YEAR
2018,Williams Lake,BC Hydro,ELEC,MIXED,Williams Lake|BC Hydro|ELEC|MIXED,MISSING_YEAR
2019,Williams Lake,BC Hydro,ELEC,MIXED,Williams Lake|BC Hydro|ELEC|MIXED,MISSING_YEAR
2020,Williams Lake,BC Hydro,ELEC,MIXED,Williams Lake|BC Hydro|ELEC|MIXED,MISSING_YEAR
2007,Williams Lake,BC Hydro,ELEC,MIXED,Williams Lake|BC Hydro|ELEC|MIXED,MISSING_YEAR
2010,Williams Lake,BC Hydro,ELEC,MIXED,Williams Lake|BC Hydro|ELEC|MIXED,MISSING_YEAR
2012,Williams Lake,BC Hydro,ELEC,MIXED,Williams Lake|BC Hydro|ELEC|MIXED,MISSING_YEAR
2013,Williams Lake,BC Hydro,ELEC,MIXED,Williams Lake|BC Hydro|ELEC|MIXED,MISSING_YEAR
2014,Williams Lake,BC Hydro,ELEC,MIXED,Williams Lake|BC Hydro|ELEC|MIXED,MISSING_YEAR
2015,Williams Lake,BC Hydro,ELEC,MIXED,Williams Lake|BC Hydro|ELEC|MIXED,MISSING_YEAR
2016,Zeballos,BC Hydro,ELEC,MIXED,Zeballos|BC Hydro|ELEC|MIXED,MISSING_YEAR
2017,Zeballos,BC Hydro,ELEC,MIXED,Zeballos|BC Hydro|ELEC|MIXED,MISSING_YEAR
2018,Zeballos,BC Hydro,ELEC,MIXED,Zeballos|BC Hydro|ELEC|MIXED,MISSING_YEAR
2019,Zeballos,BC Hydro,ELEC,MIXED,Zeballos|BC Hydro|ELEC|MIXED,MISSING_YEAR
2020,Zeballos,BC Hydro,ELEC,MIXED,Zeballos|BC Hydro|ELEC|MIXED,MISSING_YEAR
2007,Zeballos,BC Hydro,ELEC,MIXED,Zeballos|BC Hydro|ELEC|MIXED,MISSING_YEAR
2010,Zeballos,BC Hydro,ELEC,MIXED,Zeballos|BC Hydro|ELEC|MIXED,MISSING_YEAR
2012,Zeballos,BC Hydro,ELEC,MIXED,Zeballos|BC Hydro|ELEC|MIXED,MISSING_YEAR
2013,Zeballos,BC Hydro,ELEC,MIXED,Zeballos|BC Hydro|ELEC|MIXED,MISSING_YEAR
2014,Zeballos,BC Hydro,ELEC,MIXED,Zeballos|BC Hydro|ELEC|MIXED,MISSING_YEAR
2015,Zeballos,BC Hydro,ELEC,MIXED,Zeballos|BC Hydro|ELEC|MIXED,MISSING_YEAR
2010,Sechelt IGD,Fortis Gas,NG,Res,Sechelt IGD|Fortis Gas|NG|Res,MISSING_YEAR
2007,Sechelt IGD,Fortis Gas,NG,Res,Sechelt IGD|Fortis Gas|NG|Res,MISSING_YEAR
2007,Whistler,Fortis Gas,NG,Res,Whistler|Fortis Gas|NG|Res,MISSING_YEAR
2020,Ladysmith,Fortis Gas,NG,CSMI,Ladysmith|Fortis Gas|NG|CSMI,MISSING_YEAR
2016,Sechelt IGD,Fortis Gas,NG,CSMI,Sechelt IGD|Fortis Gas|NG|CSMI,MISSING_YEAR
2017,Sechelt IGD,Fortis Gas,NG,CSMI,Sechelt IGD|Fortis Gas|NG|CSMI,MISSING_YEAR
2018,Sechelt IGD,Fortis Gas,NG,CSMI,Sechelt IGD|Fortis Gas|NG|CSMI,MISSING_YEAR
2019,Sechelt IGD,Fortis Gas,NG,CSMI,Sechelt IGD|Fortis Gas|NG|CSMI,MISSING_YEAR
2020,Sechelt IGD,Fortis Gas,NG,CSMI,Sechelt IGD|Fortis Gas|NG|CSMI,MISSING_YEAR
2021,Sechelt IGD,Fortis Gas,NG,CSMI,Sechelt IGD|Fortis Gas|NG|CSMI,MISSING_YEAR
2007,Sechelt IGD,Fortis Gas,NG,CSMI,Sechelt IGD|Fortis Gas|NG|CSMI,MISSING_YEAR
2010,Sechelt IGD,Fortis Gas,NG,CSMI,Sechelt IGD|Fortis Gas|NG|CSMI,MISSING_YEAR
2012,Sechelt IGD,Fortis Gas,NG,CSMI,Sechelt IGD|Fortis Gas|NG|CSMI,MISSING_YEAR
2013,Sechelt IGD,Fortis Gas,NG,CSMI,Sechelt IGD|Fortis Gas|NG|CSMI,MISSING_YEAR
2014,Sechelt IGD,Fortis Gas,NG,CSMI,Sechelt IGD|Fortis Gas|NG|CSMI,MISSING_YEAR
2015,Sechelt IGD,Fortis Gas,NG,CSMI,Sechelt IGD|Fortis Gas|NG|CSMI,MISSING_YEAR
2022,Langley City,Fortis Gas,NG,CSMI,Langley City|Fortis Gas|NG|CSMI,MISSING_YEAR
2016,Taylor,Fortis Gas,NG,Res,Taylor|Fortis Gas|NG|Res,MISSING_YEAR
2017,Taylor,Fortis Gas,NG,Res,Taylor|Fortis Gas|NG|Res,MISSING_YEAR
2018,Taylor,Fortis Gas,NG,Res,Taylor|Fortis Gas|NG|Res,MISSING_YEAR
2019,Taylor,Fortis Gas,NG,Res,Taylor|Fortis Gas|NG|Res,MISSING_YEAR
2020,Taylor,Fortis Gas,NG,Res,Taylor|Fortis Gas|NG|Res,MISSING_YEAR
2021,Taylor,Fortis Gas,NG,Res,Taylor|Fortis Gas|NG|Res,MISSING_YEAR
2022,Taylor,Fortis Gas,NG,Res,Taylor|Fortis Gas|NG|Res,MISSING_YEAR
2010,Taylor,Fortis Gas,NG,Res,Taylor|Fortis Gas|NG|Res,MISSING_YEAR
2012,Taylor,Fortis Gas,NG,Res,Taylor|Fortis Gas|NG|Res,MISSING_YEAR
2013,Taylor,Fortis Gas,NG,Res,Taylor|Fortis Gas|NG|Res,MISSING_YEAR
2014,Taylor,Fortis Gas,NG,Res,Taylor|Fortis Gas|NG|Res,MISSING_YEAR
2015,Taylor,Fortis Gas,NG,Res,Taylor|Fortis Gas|NG|Res,MISSING_YEAR
2016,Powell River,Fortis RNG,RNG,Res,Powell River|Fortis RNG|RNG|Res,MISSING_YEAR
2017,Powell River,Fortis RNG,RNG,Res,Powell River|Fortis RNG|RNG|Res,MISSING_YEAR
2018,Powell River,Fortis RNG,RNG,Res,Powell River|Fortis RNG|RNG|Res,MISSING_YEAR
2019,Powell River,Fortis RNG,RNG,Res,Powell River|Fortis RNG|RNG|Res,MISSING_YEAR
2020,Powell River,Fortis RNG,RNG,Res,Powell River|Fortis RNG|RNG|Res,MISSING_YEAR
2021,Powell River,Fortis RNG,RNG,Res,Powell River|Fortis RNG|RNG|Res,MISSING_YEAR
2007,Powell River,Fortis RNG,RNG,Res,Powell River|Fortis RNG|RNG|Res,MISSING_YEAR
2010,Powell River,Fortis RNG,RNG,Res,Powell River|Fortis RNG|RNG|Res,MISSING_YEAR
2012,Powell River,Fortis RNG,RNG,Res,Powell River|Fortis RNG|RNG|Res,MISSING_YEAR
2013,Powell River,Fortis RNG,RNG,Res,Powell River|Fortis RNG|RNG|Res,MISSING_YEAR
2014,Powell River,Fortis RNG,RNG,Res,Powell River|Fortis RNG|RNG|Res,MISSING_YEAR
2015,Powell River,Fortis RNG,RNG,Res,Powell River|Fortis RNG|RNG|Res,MISSING_YEAR
2016,Elkford,Fortis RNG,RNG,Res,Elkford|Fortis RNG|RNG|Res,MISSING_YEAR
2017,Elkford,Fortis RNG,RNG,Res,Elkford|Fortis RNG|RNG|Res,MISSING_YEAR
2018,Elkford,Fortis RNG,RNG,Res,Elkford|Fortis RNG|RNG|Res,MISSING_YEAR
2019,Elkford,Fortis RNG,RNG,Res,Elkford|Fortis RNG|RNG|Res,MISSING_YEAR
2020,Elkford,Fortis RNG,RNG,Res,Elkford|Fortis RNG|RNG|Res,MISSING_YEAR
2021,Elkford,Fortis RNG,RNG,Res,Elkford|Fortis RNG|RNG|Res,MISSING_YEAR
2007,Elkford,Fortis RNG,RNG,Res,Elkford|Fortis RNG|RNG|Res,MISSING_YEAR
2010,Elkford,Fortis RNG,RNG,Res,Elkford|Fortis RNG|RNG|Res,MISSING_YEAR
2012,Elkford,Fortis RNG,RNG,Res,Elkford|Fortis RNG|RNG|Res,MISSING_YEAR
2013,Elkford,Fortis RNG,RNG,Res,Elkford|Fortis RNG|RNG|Res,MISSING_YEAR
2014,Elkford,Fortis RNG,RNG,Res,Elkford|Fortis RNG|RNG|Res,MISSING_YEAR
2015,Elkford,Fortis RNG,RNG,Res,Elkford|Fortis RNG|RNG|Res,MISSING_YEAR
2016,Sparwood,Fortis RNG,RNG,Res,Sparwood|Fortis RNG|RNG|Res,MISSING_YEAR
2017,Sparwood,Fortis RNG,RNG,Res,Sparwood|Fortis RNG|RNG|Res,MISSING_YEAR
2018,Sparwood,Fortis RNG,RNG,Res,Sparwood|Fortis RNG|RNG|Res,MISSING_YEAR
2019,Sparwood,Fortis RNG,RNG,Res,Sparwood|Fortis RNG|RNG|Res,MISSING_YEAR
2020,Sparwood,Fortis RNG,RNG,Res,Sparwood|Fortis RNG|RNG|Res,MISSING_YEAR
2021,Sparwood,Fortis RNG,RNG,Res,Sparwood|Fortis RNG|RNG|Res,MISSING_YEAR
2007,Sparwood,Fortis RNG,RNG,Res,Sparwood|Fortis RNG|RNG|Res,MISSING_YEAR
2010,Sparwood,Fortis RNG,RNG,Res,Sparwood|Fortis RNG|RNG|Res,MISSING_YEAR
2012,Sparwood,Fortis RNG,RNG,Res,Sparwood|Fortis RNG|RNG|Res,MISSING_YEAR
2013,Sparwood,Fortis RNG,RNG,Res,Sparwood|Fortis RNG|RNG|Res,MISSING_YEAR
2014,Sparwood,Fortis RNG,RNG,Res,Sparwood|Fortis RNG|RNG|Res,MISSING_YEAR
2015,Sparwood,Fortis RNG,RNG,Res,Sparwood|Fortis RNG|RNG|Res,MISSING_YEAR
2016,Fernie,Fortis RNG,RNG,Res,Fernie|Fortis RNG|RNG|Res,MISSING_YEAR
2017,Fernie,Fortis RNG,RNG,Res,Fernie|Fortis RNG|RNG|Res,MISSING_YEAR
2018,Fernie,Fortis RNG,RNG,Res,Fernie|Fortis RNG|RNG|Res,MISSING_YEAR
2019,Fernie,Fortis RNG,RNG,Res,Fernie|Fortis RNG|RNG|Res,MISSING_YEAR
2020,Fernie,Fortis RNG,RNG,Res,Fernie|Fortis RNG|RNG|Res,MISSING_YEAR
2021,Fernie,Fortis RNG,RNG,Res,Fernie|Fortis RNG|RNG|Res,MISSING_YEAR
2007,Fernie,Fortis RNG,RNG,Res,Fernie|Fortis RNG|RNG|Res,MISSING_YEAR
2010,Fernie,Fortis RNG,RNG,Res,Fernie|Fortis RNG|RNG|Res,MISSING_YEAR
2012,Fernie,Fortis RNG,RNG,Res,Fernie|Fortis RNG|RNG|Res,MISSING_YEAR
2013,Fernie,Fortis RNG,RNG,Res,Fernie|Fortis RNG|RNG|Res,MISSING_YEAR
2014,Fernie,Fortis RNG,RNG,Res,Fernie|Fortis RNG|RNG|Res,MISSING_YEAR
2015,Fernie,Fortis RNG,RNG,Res,Fernie|Fortis RNG|RNG|Res,MISSING_YEAR
2016,Cranbrook,Fortis RNG,RNG,Res,Cranbrook|Fortis RNG|RNG|Res,MISSING_YEAR
2017,Cranbrook,Fortis RNG,RNG,Res,Cranbrook|Fortis RNG|RNG|Res,MISSING_YEAR
2018,Cranbrook,Fortis RNG,RNG,Res,Cranbrook|Fortis RNG|RNG|Res,MISSING_YEAR
2019,Cranbrook,Fortis RNG,RNG,Res,Cranbrook|Fortis RNG|RNG|Res,MISSING_YEAR
2020,Cranbrook,Fortis RNG,RNG,Res,Cranbrook|Fortis RNG|RNG|Res,MISSING_YEAR
2021,Cranbrook,Fortis RNG,RNG,Res,Cranbrook|Fortis RNG|RNG|Res,MISSING_YEAR
2007,Cranbrook,Fortis RNG,RNG,Res,Cranbrook|Fortis RNG|RNG|Res,MISSING_YEAR
2010,Cranbrook,Fortis RNG,RNG,Res,Cranbrook|Fortis RNG|RNG|Res,MISSING_YEAR
2012,Cranbrook,Fortis RNG,RNG,Res,Cranbrook|Fortis RNG|RNG|Res,MISSING_YEAR
2013,Cranbrook,Fortis RNG,RNG,Res,Cranbrook|Fortis RNG|RNG|Res,MISSING_YEAR
2014,Cranbrook,Fortis RNG,RNG,Res,Cranbrook|Fortis RNG|RNG|Res,MISSING_YEAR
2015,Cranbrook,Fortis RNG,RNG,Res,Cranbrook|Fortis RNG|RNG|Res,MISSING_YEAR
2016,Kimberley,Fortis RNG,RNG,Res,Kimberley|Fortis RNG|RNG|Res,MISSING_YEAR
2017,Kimberley,Fortis RNG,RNG,Res,Kimberley|Fortis RNG|RNG|Res,MISSING_YEAR
2018,Kimberley,Fortis RNG,RNG,Res,Kimberley|Fortis RNG|RNG|Res,MISSING_YEAR
2019,Kimberley,Fortis RNG,RNG,Res,Kimberley|Fortis RNG|RNG|Res,MISSING_YEAR
2020,Kimberley,Fortis RNG,RNG,Res,Kimberley|Fortis RNG|RNG|Res,MISSING_YEAR
2021,Kimberley,Fortis RNG,RNG,Res,Kimberley|Fortis RNG|RNG|Res,MISSING_YEAR
2007,Kimberley,Fortis RNG,RNG,Res,Kimberley|Fortis RNG|RNG|Res,MISSING_YEAR
2010,Kimberley,Fortis RNG,RNG,Res,Kimberley|Fortis RNG|RNG|Res,MISSING_YEAR
2012,Kimberley,Fortis RNG,RNG,Res,Kimberley|Fortis RNG|RNG|Res,MISSING_YEAR
2013,Kimberley,Fortis RNG,RNG,Res,Kimberley|Fortis RNG|RNG|Res,MISSING_YEAR
2014,Kimberley,Fortis RNG,RNG,Res,Kimberley|Fortis RNG|RNG|Res,MISSING_YEAR
2015,Kimberley,Fortis RNG,RNG,Res,Kimberley|Fortis RNG|RNG|Res,MISSING_YEAR
2016,Invermere,Fortis RNG,RNG,Res,Invermere|Fortis RNG|RNG|Res,MISSING_YEAR
2017,Invermere,Fortis RNG,RNG,Res,Invermere|Fortis RNG|RNG|Res,MISSING_YEAR
2018,Invermere,Fortis RNG,RNG,Res,Invermere|Fortis RNG|RNG|Res,MISSING_YEAR
2019,Invermere,Fortis RNG,RNG,Res,Invermere|Fortis RNG|RNG|Res,MISSING_YEAR
2020,Invermere,Fortis RNG,RNG,Res,Invermere|Fortis RNG|RNG|Res,MISSING_YEAR
2021,Invermere,Fortis RNG,RNG,Res,Invermere|Fortis RNG|RNG|Res,MISSING_YEAR
2007,Invermere,Fortis RNG,RNG,Res,Invermere|Fortis RNG|RNG|Res,MISSING_YEAR
2010,Invermere,Fortis RNG,RNG,Res,Invermere|Fortis RNG|RNG|Res,MISSING_YEAR
2012,Invermere,Fortis RNG,RNG,Res,Invermere|Fortis RNG|RNG|Res,MISSING_YEAR
2013,Invermere,Fortis RNG,RNG,Res,Invermere|Fortis RNG|RNG|Res,MISSING_YEAR
2014,Invermere,Fortis RNG,RNG,Res,Invermere|Fortis RNG|RNG|Res,MISSING_YEAR
2015,Invermere,Fortis RNG,RNG,Res,Invermere|Fortis RNG|RNG|Res,MISSING_YEAR
2016,Radium Hot Springs,Fortis RNG,RNG,Res,Radium Hot Springs|Fortis RNG|RNG|Res,MISSING_YEAR
2017,Radium Hot Springs,Fortis RNG,RNG,Res,Radium Hot Springs|Fortis RNG|RNG|Res,MISSING_YEAR
2018,Radium Hot Springs,Fortis RNG,RNG,Res,Radium Hot Springs|Fortis RNG|RNG|Res,MISSING_YEAR
2019,Radium Hot Springs,Fortis RNG,RNG,Res,Radium Hot Springs|Fortis RNG|RNG|Res,MISSING_YEAR
2020,Radium Hot Springs,Fortis RNG,RNG,Res,Radium Hot Springs|Fortis RNG|RNG|Res,MISSING_YEAR
2021,Radium Hot Springs,Fortis RNG,RNG,Res,Radium Hot Springs|Fortis RNG|RNG|Res,MISSING_YEAR
2007,Radium Hot Springs,Fortis RNG,RNG,Res,Radium Hot Springs|Fortis RNG|RNG|Res,MISSING_YEAR
2010,Radium Hot Springs,Fortis RNG,RNG,Res,Radium Hot Springs|Fortis RNG|RNG|Res,MISSING_YEAR
2012,Radium Hot Springs,Fortis RNG,RNG,Res,Radium Hot Springs|Fortis RNG|RNG|Res,MISSING_YEAR
2013,Radium Hot Springs,Fortis RNG,RNG,Res,Radium Hot Springs|Fortis RNG|RNG|Res,MISSING_YEAR
2014,Radium Hot Springs,Fortis RNG,RNG,Res,Radium Hot Springs|Fortis RNG|RNG|Res,MISSING_YEAR
2015,Radium Hot Springs,Fortis RNG,RNG,Res,Radium Hot Springs|Fortis RNG|RNG|Res,MISSING_YEAR
2016,Canal Flats,Fortis RNG,RNG,Res,Canal Flats|Fortis RNG|RNG|Res,MISSING_YEAR
2017,Canal Flats,Fortis RNG,RNG,Res,Canal Flats|Fortis RNG|RNG|Res,MISSING_YEAR
2018,Canal Flats,Fortis RNG,RNG,Res,Canal Flats|Fortis RNG|RNG|Res,MISSING_YEAR
2019,Canal Flats,Fortis RNG,RNG,Res,Canal Flats|Fortis RNG|RNG|Res,MISSING_YEAR
2020,Canal Flats,Fortis RNG,RNG,Res,Canal Flats|Fortis RNG|RNG|Res,MISSING_YEAR
2021,Canal Flats,Fortis RNG,RNG,Res,Canal Flats|Fortis RNG|RNG|Res,MISSING_YEAR
2007,Canal Flats,Fortis RNG,RNG,Res,Canal Flats|Fortis RNG|RNG|Res,MISSING_YEAR
2010,Canal Flats,Fortis RNG,RNG,Res,Canal Flats|Fortis RNG|RNG|Res,MISSING_YEAR
2012,Canal Flats,Fortis RNG,RNG,Res,Canal Flats|Fortis RNG|RNG|Res,MISSING_YEAR
2013,Canal Flats,Fortis RNG,RNG,Res,Canal Flats|Fortis RNG|RNG|Res,MISSING_YEAR
2014,Canal Flats,Fortis RNG,RNG,Res,Canal Flats|Fortis RNG|RNG|Res,MISSING_YEAR
2015,Canal Flats,Fortis RNG,RNG,Res,Canal Flats|Fortis RNG|RNG|Res,MISSING_YEAR
2016,Creston,Fortis RNG,RNG,Res,Creston|Fortis RNG|RNG|Res,MISSING_YEAR
2017,Creston,Fortis RNG,RNG,Res,Creston|Fortis RNG|RNG|Res,MISSING_YEAR
2018,Creston,Fortis RNG,RNG,Res,Creston|Fortis RNG|RNG|Res,MISSING_YEAR
2019,Creston,Fortis RNG,RNG,Res,Creston|Fortis RNG|RNG|Res,MISSING_YEAR
2020,Creston,Fortis RNG,RNG,Res,Creston|Fortis RNG|RNG|Res,MISSING_YEAR
2021,Creston,Fortis RNG,RNG,Res,Creston|Fortis RNG|RNG|Res,MISSING_YEAR
2007,Creston,Fortis RNG,RNG,Res,Creston|Fortis RNG|RNG|Res,MISSING_YEAR
2010,Creston,Fortis RNG,RNG,Res,Creston|Fortis RNG|RNG|Res,MISSING_YEAR
2012,Creston,Fortis RNG,RNG,Res,Creston|Fortis RNG|RNG|Res,MISSING_YEAR
2013,Creston,Fortis RNG,RNG,Res,Creston|Fortis RNG|RNG|Res,MISSING_YEAR
2014,Creston,Fortis RNG,RNG,Res,Creston|Fortis RNG|RNG|Res,MISSING_YEAR
2015,Creston,Fortis RNG,RNG,Res,Creston|Fortis RNG|RNG|Res,MISSING_YEAR
2016,Salmo,Fortis RNG,RNG,Res,Salmo|Fortis RNG|RNG|Res,MISSING_YEAR
2017,Salmo,Fortis RNG,RNG,Res,Salmo|Fortis RNG|RNG|Res,MISSING_YEAR
2018,Salmo,Fortis RNG,RNG,Res,Salmo|Fortis RNG|RNG|Res,MISSING_YEAR
2019,Salmo,Fortis RNG,RNG,Res,Salmo|Fortis RNG|RNG|Res,MISSING_YEAR
2020,Salmo,Fortis RNG,RNG,Res,Salmo|Fortis RNG|RNG|Res,MISSING_YEAR
2021,Salmo,Fortis RNG,RNG,Res,Salmo|Fortis RNG|RNG|Res,MISSING_YEAR
2007,Salmo,Fortis RNG,RNG,Res,Salmo|Fortis RNG|RNG|Res,MISSING_YEAR
2010,Salmo,Fortis RNG,RNG,Res,Salmo|Fortis RNG|RNG|Res,MISSING_YEAR
2012,Salmo,Fortis RNG,RNG,Res,Salmo|Fortis RNG|RNG|Res,MISSING_YEAR
2013,Salmo,Fortis RNG,RNG,Res,Salmo|Fortis RNG|RNG|Res,MISSING_YEAR
2014,Salmo,Fortis RNG,RNG,Res,Salmo|Fortis RNG|RNG|Res,MISSING_YEAR
2015,Salmo,Fortis RNG,RNG,Res,Salmo|Fortis RNG|RNG|Res,MISSING_YEAR
2016,Nelson,Fortis RNG,RNG,Res,Nelson|Fortis RNG|RNG|Res,MISSING_YEAR
2017,Nelson,Fortis RNG,RNG,Res,Nelson|Fortis RNG|RNG|Res,MISSING_YEAR
2018,Nelson,Fortis RNG,RNG,Res,Nelson|Fortis RNG|RNG|Res,MISSING_YEAR
2019,Nelson,Fortis RNG,RNG,Res,Nelson|Fortis RNG|RNG|Res,MISSING_YEAR
2020,Nelson,Fortis RNG,RNG,Res,Nelson|Fortis RNG|RNG|Res,MISSING_YEAR
2021,Nelson,Fortis RNG,RNG,Res,Nelson|Fortis RNG|RNG|Res,MISSING_YEAR
2007,Nelson,Fortis RNG,RNG,Res,Nelson|Fortis RNG|RNG|Res,MISSING_YEAR
2010,Nelson,Fortis RNG,RNG,Res,Nelson|Fortis RNG|RNG|Res,MISSING_YEAR
2012,Nelson,Fortis RNG,RNG,Res,Nelson|Fortis RNG|RNG|Res,MISSING_YEAR
2013,Nelson,Fortis RNG,RNG,Res,Nelson|Fortis RNG|RNG|Res,MISSING_YEAR
2014,Nelson,Fortis RNG,RNG,Res,Nelson|Fortis RNG|RNG|Res,MISSING_YEAR
2015,Nelson,Fortis RNG,RNG,Res,Nelson|Fortis RNG|RNG|Res,MISSING_YEAR
2016,Slocan,Fortis RNG,RNG,Res,Slocan|Fortis RNG|RNG|Res,MISSING_YEAR
2017,Slocan,Fortis RNG,RNG,Res,Slocan|Fortis RNG|RNG|Res,MISSING_YEAR
2018,Slocan,Fortis RNG,RNG,Res,Slocan|Fortis RNG|RNG|Res,MISSING_YEAR
2019,Slocan,Fortis RNG,RNG,Res,Slocan|Fortis RNG|RNG|Res,MISSING_YEAR
2020,Slocan,Fortis RNG,RNG,Res,Slocan|Fortis RNG|RNG|Res,MISSING_YEAR
2021,Slocan,Fortis RNG,RNG,Res,Slocan|Fortis RNG|RNG|Res,MISSING_YEAR
2007,Slocan,Fortis RNG,RNG,Res,Slocan|Fortis RNG|RNG|Res,MISSING_YEAR
2010,Slocan,Fortis RNG,RNG,Res,Slocan|Fortis RNG|RNG|Res,MISSING_YEAR
2012,Slocan,Fortis RNG,RNG,Res,Slocan|Fortis RNG|RNG|Res,MISSING_YEAR
2013,Slocan,Fortis RNG,RNG,Res,Slocan|Fortis RNG|RNG|Res,MISSING_YEAR
2014,Slocan,Fortis RNG,RNG,Res,Slocan|Fortis RNG|RNG|Res,MISSING_YEAR
2015,Slocan,Fortis RNG,RNG,Res,Slocan|Fortis RNG|RNG|Res,MISSING_YEAR
2016,Kaslo,Fortis RNG,RNG,Res,Kaslo|Fortis RNG|RNG|Res,MISSING_YEAR
2017,Kaslo,Fortis RNG,RNG,Res,Kaslo|Fortis RNG|RNG|Res,MISSING_YEAR
2018,Kaslo,Fortis RNG,RNG,Res,Kaslo|Fortis RNG|RNG|Res,MISSING_YEAR
2019,Kaslo,Fortis RNG,RNG,Res,Kaslo|Fortis RNG|RNG|Res,MISSING_YEAR
2020,Kaslo,Fortis RNG,RNG,Res,Kaslo|Fortis RNG|RNG|Res,MISSING_YEAR
2021,Kaslo,Fortis RNG,RNG,Res,Kaslo|Fortis RNG|RNG|Res,MISSING_YEAR
2007,Kaslo,Fortis RNG,RNG,Res,Kaslo|Fortis RNG|RNG|Res,MISSING_YEAR
2010,Kaslo,Fortis RNG,RNG,Res,Kaslo|Fortis RNG|RNG|Res,MISSING_YEAR
2012,Kaslo,Fortis RNG,RNG,Res,Kaslo|Fortis RNG|RNG|Res,MISSING_YEAR
2013,Kaslo,Fortis RNG,RNG,Res,Kaslo|Fortis RNG|RNG|Res,MISSING_YEAR
2014,Kaslo,Fortis RNG,RNG,Res,Kaslo|Fortis RNG|RNG|Res,MISSING_YEAR
2015,Kaslo,Fortis RNG,RNG,Res,Kaslo|Fortis RNG|RNG|Res,MISSING_YEAR
2016,Silverton,Fortis RNG,RNG,Res,Silverton|Fortis RNG|RNG|Res,MISSING_YEAR
2017,Silverton,Fortis RNG,RNG,Res,Silverton|Fortis RNG|RNG|Res,MISSING_YEAR
2018,Silverton,Fortis RNG,RNG,Res,Silverton|Fortis RNG|RNG|Res,MISSING_YEAR
2019,Silverton,Fortis RNG,RNG,Res,Silverton|Fortis RNG|RNG|Res,MISSING_YEAR
2020,Silverton,Fortis RNG,RNG,Res,Silverton|Fortis RNG|RNG|Res,MISSING_YEAR
2021,Silverton,Fortis RNG,RNG,Res,Silverton|Fortis RNG|RNG|Res,MISSING_YEAR
2007,Silverton,Fortis RNG,RNG,Res,Silverton|Fortis RNG|RNG|Res,MISSING_YEAR
2010,Silverton,Fortis RNG,RNG,Res,Silverton|Fortis RNG|RNG|Res,MISSING_YEAR
2012,Silverton,Fortis RNG,RNG,Res,Silverton|Fortis RNG|RNG|Res,MISSING_YEAR
2013,Silverton,Fortis RNG,RNG,Res,Silverton|Fortis RNG|RNG|Res,MISSING_YEAR
2014,Silverton,Fortis RNG,RNG,Res,Silverton|Fortis RNG|RNG|Res,MISSING_YEAR
2015,Silverton,Fortis RNG,RNG,Res,Silverton|Fortis RNG|RNG|Res,MISSING_YEAR
2016,New Denver,Fortis RNG,RNG,Res,New Denver|Fortis RNG|RNG|Res,MISSING_YEAR
2017,New Denver,Fortis RNG,RNG,Res,New Denver|Fortis RNG|RNG|Res,MISSING_YEAR
2018,New Denver,Fortis RNG,RNG,Res,New Denver|Fortis RNG|RNG|Res,MISSING_YEAR
2019,New Denver,Fortis RNG,RNG,Res,New Denver|Fortis RNG|RNG|Res,MISSING_YEAR
2020,New Denver,Fortis RNG,RNG,Res,New Denver|Fortis RNG|RNG|Res,MISSING_YEAR
2021,New Denver,Fortis RNG,RNG,Res,New Denver|Fortis RNG|RNG|Res,MISSING_YEAR
2007,New Denver,Fortis RNG,RNG,Res,New Denver|Fortis RNG|RNG|Res,MISSING_YEAR
2010,New Denver,Fortis RNG,RNG,Res,New Denver|Fortis RNG|RNG|Res,MISSING_YEAR
2012,New Denver,Fortis RNG,RNG,Res,New Denver|Fortis RNG|RNG|Res,MISSING_YEAR
2013,New Denver,Fortis RNG,RNG,Res,New Denver|Fortis RNG|RNG|Res,MISSING_YEAR
2014,New Denver,Fortis RNG,RNG,Res,New Denver|Fortis RNG|RNG|Res,MISSING_YEAR
2015,New Denver,Fortis RNG,RNG,Res,New Denver|Fortis RNG|RNG|Res,MISSING_YEAR
2016,Castlegar,Fortis RNG,RNG,Res,Castlegar|Fortis RNG|RNG|Res,MISSING_YEAR
2017,Castlegar,Fortis RNG,RNG,Res,Castlegar|Fortis RNG|RNG|Res,MISSING_YEAR
2018,Castlegar,Fortis RNG,RNG,Res,Castlegar|Fortis RNG|RNG|Res,MISSING_YEAR
2019,Castlegar,Fortis RNG,RNG,Res,Castlegar|Fortis RNG|RNG|Res,MISSING_YEAR
2020,Castlegar,Fortis RNG,RNG,Res,Castlegar|Fortis RNG|RNG|Res,MISSING_YEAR
2021,Castlegar,Fortis RNG,RNG,Res,Castlegar|Fortis RNG|RNG|Res,MISSING_YEAR
2007,Castlegar,Fortis RNG,RNG,Res,Castlegar|Fortis RNG|RNG|Res,MISSING_YEAR
2010,Castlegar,Fortis RNG,RNG,Res,Castlegar|Fortis RNG|RNG|Res,MISSING_YEAR
2012,Castlegar,Fortis RNG,RNG,Res,Castlegar|Fortis RNG|RNG|Res,MISSING_YEAR
2013,Castlegar,Fortis RNG,RNG,Res,Castlegar|Fortis RNG|RNG|Res,MISSING_YEAR
2014,Castlegar,Fortis RNG,RNG,Res,Castlegar|Fortis RNG|RNG|Res,MISSING_YEAR
2015,Castlegar,Fortis RNG,RNG,Res,Castlegar|Fortis RNG|RNG|Res,MISSING_YEAR
2016,Nakusp,Fortis RNG,RNG,Res,Nakusp|Fortis RNG|RNG|Res,MISSING_YEAR
2017,Nakusp,Fortis RNG,RNG,Res,Nakusp|Fortis RNG|RNG|Res,MISSING_YEAR
2018,Nakusp,Fortis RNG,RNG,Res,Nakusp|Fortis RNG|RNG|Res,MISSING_YEAR
2019,Nakusp,Fortis RNG,RNG,Res,Nakusp|Fortis RNG|RNG|Res,MISSING_YEAR
2020,Nakusp,Fortis RNG,RNG,Res,Nakusp|Fortis RNG|RNG|Res,MISSING_YEAR
2021,Nakusp,Fortis RNG,RNG,Res,Nakusp|Fortis RNG|RNG|Res,MISSING_YEAR
2007,Nakusp,Fortis RNG,RNG,Res,Nakusp|Fortis RNG|RNG|Res,MISSING_YEAR
2010,Nakusp,Fortis RNG,RNG,Res,Nakusp|Fortis RNG|RNG|Res,MISSING_YEAR
2012,Nakusp,Fortis RNG,RNG,Res,Nakusp|Fortis RNG|RNG|Res,MISSING_YEAR
2013,Nakusp,Fortis RNG,RNG,Res,Nakusp|Fortis RNG|RNG|Res,MISSING_YEAR
2014,Nakusp,Fortis RNG,RNG,Res,Nakusp|Fortis RNG|RNG|Res,MISSING_YEAR
2015,Nakusp,Fortis RNG,RNG,Res,Nakusp|Fortis RNG|RNG|Res,MISSING_YEAR
2016,Fruitvale,Fortis RNG,RNG,Res,Fruitvale|Fortis RNG|RNG|Res,MISSING_YEAR
2017,Fruitvale,Fortis RNG,RNG,Res,Fruitvale|Fortis RNG|RNG|Res,MISSING_YEAR
2018,Fruitvale,Fortis RNG,RNG,Res,Fruitvale|Fortis RNG|RNG|Res,MISSING_YEAR
2019,Fruitvale,Fortis RNG,RNG,Res,Fruitvale|Fortis RNG|RNG|Res,MISSING_YEAR
2020,Fruitvale,Fortis RNG,RNG,Res,Fruitvale|Fortis RNG|RNG|Res,MISSING_YEAR
2021,Fruitvale,Fortis RNG,RNG,Res,Fruitvale|Fortis RNG|RNG|Res,MISSING_YEAR
2007,Fruitvale,Fortis RNG,RNG,Res,Fruitvale|Fortis RNG|RNG|Res,MISSING_YEAR
2010,Fruitvale,Fortis RNG,RNG,Res,Fruitvale|Fortis RNG|RNG|Res,MISSING_YEAR
2012,Fruitvale,Fortis RNG,RNG,Res,Fruitvale|Fortis RNG|RNG|Res,MISSING_YEAR
2013,Fruitvale,Fortis RNG,RNG,Res,Fruitvale|Fortis RNG|RNG|Res,MISSING_YEAR
2014,Fruitvale,Fortis RNG,RNG,Res,Fruitvale|Fortis RNG|RNG|Res,MISSING_YEAR
2015,Fruitvale,Fortis RNG,RNG,Res,Fruitvale|Fortis RNG|RNG|Res,MISSING_YEAR
2016,Montrose,Fortis RNG,RNG,Res,Montrose|Fortis RNG|RNG|Res,MISSING_YEAR
2017,Montrose,Fortis RNG,RNG,Res,Montrose|Fortis RNG|RNG|Res,MISSING_YEAR
2018,Montrose,Fortis RNG,RNG,Res,Montrose|Fortis RNG|RNG|Res,MISSING_YEAR
2019,Montrose,Fortis RNG,RNG,Res,Montrose|Fortis RNG|RNG|Res,MISSING_YEAR
2020,Montrose,Fortis RNG,RNG,Res,Montrose|Fortis RNG|RNG|Res,MISSING_YEAR
2021,Montrose,Fortis RNG,RNG,Res,Montrose|Fortis RNG|RNG|Res,MISSING_YEAR
2007,Montrose,Fortis RNG,RNG,Res,Montrose|Fortis RNG|RNG|Res,MISSING_YEAR
2010,Montrose,Fortis RNG,RNG,Res,Montrose|Fortis RNG|RNG|Res,MISSING_YEAR
2012,Montrose,Fortis RNG,RNG,Res,Montrose|Fortis RNG|RNG|Res,MISSING_YEAR
2013,Montrose,Fortis RNG,RNG,Res,Montrose|Fortis RNG|RNG|Res,MISSING_YEAR
2014,Montrose,Fortis RNG,RNG,Res,Montrose|Fortis RNG|RNG|Res,MISSING_YEAR
2015,Montrose,Fortis RNG,RNG,Res,Montrose|Fortis RNG|RNG|Res,MISSING_YEAR
2016,Trail,Fortis RNG,RNG,Res,Trail|Fortis RNG|RNG|Res,MISSING_YEAR
2017,Trail,Fortis RNG,RNG,Res,Trail|Fortis RNG|RNG|Res,MISSING_YEAR
2018,Trail,Fortis RNG,RNG,Res,Trail|Fortis RNG|RNG|Res,MISSING_YEAR
2019,Trail,Fortis RNG,RNG,Res,Trail|Fortis RNG|RNG|Res,MISSING_YEAR
2020,Trail,Fortis RNG,RNG,Res,Trail|Fortis RNG|RNG|Res,MISSING_YEAR
2021,Trail,Fortis RNG,RNG,Res,Trail|Fortis RNG|RNG|Res,MISSING_YEAR
2007,Trail,Fortis RNG,RNG,Res,Trail|Fortis RNG|RNG|Res,MISSING_YEAR
2010,Trail,Fortis RNG,RNG,Res,Trail|Fortis RNG|RNG|Res,MISSING_YEAR
2012,Trail,Fortis RNG,RNG,Res,Trail|Fortis RNG|RNG|Res,MISSING_YEAR
2013,Trail,Fortis RNG,RNG,Res,Trail|Fortis RNG|RNG|Res,MISSING_YEAR
2014,Trail,Fortis RNG,RNG,Res,Trail|Fortis RNG|RNG|Res,MISSING_YEAR
2015,Trail,Fortis RNG,RNG,Res,Trail|Fortis RNG|RNG|Res,MISSING_YEAR
2016,Warfield,Fortis RNG,RNG,Res,Warfield|Fortis RNG|RNG|Res,MISSING_YEAR
2017,Warfield,Fortis RNG,RNG,Res,Warfield|Fortis RNG|RNG|Res,MISSING_YEAR
2018,Warfield,Fortis RNG,RNG,Res,Warfield|Fortis RNG|RNG|Res,MISSING_YEAR
2019,Warfield,Fortis RNG,RNG,Res,Warfield|Fortis RNG|RNG|Res,MISSING_YEAR
2020,Warfield,Fortis RNG,RNG,Res,Warfield|Fortis RNG|RNG|Res,MISSING_YEAR
2021,Warfield,Fortis RNG,RNG,Res,Warfield|Fortis RNG|RNG|Res,MISSING_YEAR
2007,Warfield,Fortis RNG,RNG,Res,Warfield|Fortis RNG|RNG|Res,MISSING_YEAR
2010,Warfield,Fortis RNG,RNG,Res,Warfield|Fortis RNG|RNG|Res,MISSING_YEAR
2012,Warfield,Fortis RNG,RNG,Res,Warfield|Fortis RNG|RNG|Res,MISSING_YEAR
2013,Warfield,Fortis RNG,RNG,Res,Warfield|Fortis RNG|RNG|Res,MISSING_YEAR
2014,Warfield,Fortis RNG,RNG,Res,Warfield|Fortis RNG|RNG|Res,MISSING_YEAR
2015,Warfield,Fortis RNG,RNG,Res,Warfield|Fortis RNG|RNG|Res,MISSING_YEAR
2016,Rossland,Fortis RNG,RNG,Res,Rossland|Fortis RNG|RNG|Res,MISSING_YEAR
2017,Rossland,Fortis RNG,RNG,Res,Rossland|Fortis RNG|RNG|Res,MISSING_YEAR
2018,Rossland,Fortis RNG,RNG,Res,Rossland|Fortis RNG|RNG|Res,MISSING_YEAR
2019,Rossland,Fortis RNG,RNG,Res,Rossland|Fortis RNG|RNG|Res,MISSING_YEAR
2020,Rossland,Fortis RNG,RNG,Res,Rossland|Fortis RNG|RNG|Res,MISSING_YEAR
2021,Rossland,Fortis RNG,RNG,Res,Rossland|Fortis RNG|RNG|Res,MISSING_YEAR
2007,Rossland,Fortis RNG,RNG,Res,Rossland|Fortis RNG|RNG|Res,MISSING_YEAR
2010,Rossland,Fortis RNG,RNG,Res,Rossland|Fortis RNG|RNG|Res,MISSING_YEAR
2012,Rossland,Fortis RNG,RNG,Res,Rossland|Fortis RNG|RNG|Res,MISSING_YEAR
2013,Rossland,Fortis RNG,RNG,Res,Rossland|Fortis RNG|RNG|Res,MISSING_YEAR
2014,Rossland,Fortis RNG,RNG,Res,Rossland|Fortis RNG|RNG|Res,MISSING_YEAR
2015,Rossland,Fortis RNG,RNG,Res,Rossland|Fortis RNG|RNG|Res,MISSING_YEAR
2016,Grand Forks,Fortis RNG,RNG,Res,Grand Forks|Fortis RNG|RNG|Res,MISSING_YEAR
2017,Grand Forks,Fortis RNG,RNG,Res,Grand Forks|Fortis RNG|RNG|Res,MISSING_YEAR
2018,Grand Forks,Fortis RNG,RNG,Res,Grand Forks|Fortis RNG|RNG|Res,MISSING_YEAR
2019,Grand Forks,Fortis RNG,RNG,Res,Grand Forks|Fortis RNG|RNG|Res,MISSING_YEAR
2020,Grand Forks,Fortis RNG,RNG,Res,Grand Forks|Fortis RNG|RNG|Res,MISSING_YEAR
2021,Grand Forks,Fortis RNG,RNG,Res,Grand Forks|Fortis RNG|RNG|Res,MISSING_YEAR
2007,Grand Forks,Fortis RNG,RNG,Res,Grand Forks|Fortis RNG|RNG|Res,MISSING_YEAR
2010,Grand Forks,Fortis RNG,RNG,Res,Grand Forks|Fortis RNG|RNG|Res,MISSING_YEAR
2012,Grand Forks,Fortis RNG,RNG,Res,Grand Forks|Fortis RNG|RNG|Res,MISSING_YEAR
2013,Grand Forks,Fortis RNG,RNG,Res,Grand Forks|Fortis RNG|RNG|Res,MISSING_YEAR
2014,Grand Forks,Fortis RNG,RNG,Res,Grand Forks|Fortis RNG|RNG|Res,MISSING_YEAR
2015,Grand Forks,Fortis RNG,RNG,Res,Grand Forks|Fortis RNG|RNG|Res,MISSING_YEAR
2016,Midway,Fortis RNG,RNG,Res,Midway|Fortis RNG|RNG|Res,MISSING_YEAR
2017,Midway,Fortis RNG,RNG,Res,Midway|Fortis RNG|RNG|Res,MISSING_YEAR
2018,Midway,Fortis RNG,RNG,Res,Midway|Fortis RNG|RNG|Res,MISSING_YEAR
2019,Midway,Fortis RNG,RNG,Res,Midway|Fortis RNG|RNG|Res,MISSING_YEAR
2020,Midway,Fortis RNG,RNG,Res,Midway|Fortis RNG|RNG|Res,MISSING_YEAR
2021,Midway,Fortis RNG,RNG,Res,Midway|Fortis RNG|RNG|Res,MISSING_YEAR
2007,Midway,Fortis RNG,RNG,Res,Midway|Fortis RNG|RNG|Res,MISSING_YEAR
2010,Midway,Fortis RNG,RNG,Res,Midway|Fortis RNG|RNG|Res,MISSING_YEAR
2012,Midway,Fortis RNG,RNG,Res,Midway|Fortis RNG|RNG|Res,MISSING_YEAR
2013,Midway,Fortis RNG,RNG,Res,Midway|Fortis RNG|RNG|Res,MISSING_YEAR
2014,Midway,Fortis RNG,RNG,Res,Midway|Fortis RNG|RNG|Res,MISSING_YEAR
2015,Midway,Fortis RNG,RNG,Res,Midway|Fortis RNG|RNG|Res,MISSING_YEAR
2016,Greenwood,Fortis RNG,RNG,Res,Greenwood|Fortis RNG|RNG|Res,MISSING_YEAR
2017,Greenwood,Fortis RNG,RNG,Res,Greenwood|Fortis RNG|RNG|Res,MISSING_YEAR
2018,Greenwood,Fortis RNG,RNG,Res,Greenwood|Fortis RNG|RNG|Res,MISSING_YEAR
2019,Greenwood,Fortis RNG,RNG,Res,Greenwood|Fortis RNG|RNG|Res,MISSING_YEAR
2020,Greenwood,Fortis RNG,RNG,Res,Greenwood|Fortis RNG|RNG|Res,MISSING_YEAR
2021,Greenwood,Fortis RNG,RNG,Res,Greenwood|Fortis RNG|RNG|Res,MISSING_YEAR
2007,Greenwood,Fortis RNG,RNG,Res,Greenwood|Fortis RNG|RNG|Res,MISSING_YEAR
2010,Greenwood,Fortis RNG,RNG,Res,Greenwood|Fortis RNG|RNG|Res,MISSING_YEAR
2012,Greenwood,Fortis RNG,RNG,Res,Greenwood|Fortis RNG|RNG|Res,MISSING_YEAR
2013,Greenwood,Fortis RNG,RNG,Res,Greenwood|Fortis RNG|RNG|Res,MISSING_YEAR
2014,Greenwood,Fortis RNG,RNG,Res,Greenwood|Fortis RNG|RNG|Res,MISSING_YEAR
2015,Greenwood,Fortis RNG,RNG,Res,Greenwood|Fortis RNG|RNG|Res,MISSING_YEAR
2016,Osoyoos,Fortis RNG,RNG,Res,Osoyoos|Fortis RNG|RNG|Res,MISSING_YEAR
2017,Osoyoos,Fortis RNG,RNG,Res,Osoyoos|Fortis RNG|RNG|Res,MISSING_YEAR
2018,Osoyoos,Fortis RNG,RNG,Res,Osoyoos|Fortis RNG|RNG|Res,MISSING_YEAR
2019,Osoyoos,Fortis RNG,RNG,Res,Osoyoos|Fortis RNG|RNG|Res,MISSING_YEAR
2020,Osoyoos,Fortis RNG,RNG,Res,Osoyoos|Fortis RNG|RNG|Res,MISSING_YEAR
2021,Osoyoos,Fortis RNG,RNG,Res,Osoyoos|Fortis RNG|RNG|Res,MISSING_YEAR
2007,Osoyoos,Fortis RNG,RNG,Res,Osoyoos|Fortis RNG|RNG|Res,MISSING_YEAR
2010,Osoyoos,Fortis RNG,RNG,Res,Osoyoos|Fortis RNG|RNG|Res,MISSING_YEAR
2012,Osoyoos,Fortis RNG,RNG,Res,Osoyoos|Fortis RNG|RNG|Res,MISSING_YEAR
2013,Osoyoos,Fortis RNG,RNG,Res,Osoyoos|Fortis RNG|RNG|Res,MISSING_YEAR
2014,Osoyoos,Fortis RNG,RNG,Res,Osoyoos|Fortis RNG|RNG|Res,MISSING_YEAR
2015,Osoyoos,Fortis RNG,RNG,Res,Osoyoos|Fortis RNG|RNG|Res,MISSING_YEAR
2016,Keremeos,Fortis RNG,RNG,Res,Keremeos|Fortis RNG|RNG|Res,MISSING_YEAR
2017,Keremeos,Fortis RNG,RNG,Res,Keremeos|Fortis RNG|RNG|Res,MISSING_YEAR
2018,Keremeos,Fortis RNG,RNG,Res,Keremeos|Fortis RNG|RNG|Res,MISSING_YEAR
2019,Keremeos,Fortis RNG,RNG,Res,Keremeos|Fortis RNG|RNG|Res,MISSING_YEAR
2020,Keremeos,Fortis RNG,RNG,Res,Keremeos|Fortis RNG|RNG|Res,MISSING_YEAR
2021,Keremeos,Fortis RNG,RNG,Res,Keremeos|Fortis RNG|RNG|Res,MISSING_YEAR
2007,Keremeos,Fortis RNG,RNG,Res,Keremeos|Fortis RNG|RNG|Res,MISSING_YEAR
2010,Keremeos,Fortis RNG,RNG,Res,Keremeos|Fortis RNG|RNG|Res,MISSING_YEAR
2012,Keremeos,Fortis RNG,RNG,Res,Keremeos|Fortis RNG|RNG|Res,MISSING_YEAR
2013,Keremeos,Fortis RNG,RNG,Res,Keremeos|Fortis RNG|RNG|Res,MISSING_YEAR
2014,Keremeos,Fortis RNG,RNG,Res,Keremeos|Fortis RNG|RNG|Res,MISSING_YEAR
2015,Keremeos,Fortis RNG,RNG,Res,Keremeos|Fortis RNG|RNG|Res,MISSING_YEAR
2016,Oliver,Fortis RNG,RNG,Res,Oliver|Fortis RNG|RNG|Res,MISSING_YEAR
2017,Oliver,Fortis RNG,RNG,Res,Oliver|Fortis RNG|RNG|Res,MISSING_YEAR
2018,Oliver,Fortis RNG,RNG,Res,Oliver|Fortis RNG|RNG|Res,MISSING_YEAR
2019,Oliver,Fortis RNG,RNG,Res,Oliver|Fortis RNG|RNG|Res,MISSING_YEAR
2020,Oliver,Fortis RNG,RNG,Res,Oliver|Fortis RNG|RNG|Res,MISSING_YEAR
2021,Oliver,Fortis RNG,RNG,Res,Oliver|Fortis RNG|RNG|Res,MISSING_YEAR
2007,Oliver,Fortis RNG,RNG,Res,Oliver|Fortis RNG|RNG|Res,MISSING_YEAR
2010,Oliver,Fortis RNG,RNG,Res,Oliver|Fortis RNG|RNG|Res,MISSING_YEAR
2012,Oliver,Fortis RNG,RNG,Res,Oliver|Fortis RNG|RNG|Res,MISSING_YEAR
2013,Oliver,Fortis RNG,RNG,Res,Oliver|Fortis RNG|RNG|Res,MISSING_YEAR
2014,Oliver,Fortis RNG,RNG,Res,Oliver|Fortis RNG|RNG|Res,MISSING_YEAR
2015,Oliver,Fortis RNG,RNG,Res,Oliver|Fortis RNG|RNG|Res,MISSING_YEAR
2016,Princeton,Fortis RNG,RNG,Res,Princeton|Fortis RNG|RNG|Res,MISSING_YEAR
2017,Princeton,Fortis RNG,RNG,Res,Princeton|Fortis RNG|RNG|Res,MISSING_YEAR
2018,Princeton,Fortis RNG,RNG,Res,Princeton|Fortis RNG|RNG|Res,MISSING_YEAR
2019,Princeton,Fortis RNG,RNG,Res,Princeton|Fortis RNG|RNG|Res,MISSING_YEAR
2020,Princeton,Fortis RNG,RNG,Res,Princeton|Fortis RNG|RNG|Res,MISSING_YEAR
2021,Princeton,Fortis RNG,RNG,Res,Princeton|Fortis RNG|RNG|Res,MISSING_YEAR
2007,Princeton,Fortis RNG,RNG,Res,Princeton|Fortis RNG|RNG|Res,MISSING_YEAR
2010,Princeton,Fortis RNG,RNG,Res,Princeton|Fortis RNG|RNG|Res,MISSING_YEAR
2012,Princeton,Fortis RNG,RNG,Res,Princeton|Fortis RNG|RNG|Res,MISSING_YEAR
2013,Princeton,Fortis RNG,RNG,Res,Princeton|Fortis RNG|RNG|Res,MISSING_YEAR
2014,Princeton,Fortis RNG,RNG,Res,Princeton|Fortis RNG|RNG|Res,MISSING_YEAR
2015,Princeton,Fortis RNG,RNG,Res,Princeton|Fortis RNG|RNG|Res,MISSING_YEAR
2016,Summerland,Fortis RNG,RNG,Res,Summerland|Fortis RNG|RNG|Res,MISSING_YEAR
2017,Summerland,Fortis RNG,RNG,Res,Summerland|Fortis RNG|RNG|Res,MISSING_YEAR
2018,Summerland,Fortis RNG,RNG,Res,Summerland|Fortis RNG|RNG|Res,MISSING_YEAR
2019,Summerland,Fortis RNG,RNG,Res,Summerland|Fortis RNG|RNG|Res,MISSING_YEAR
2020,Summerland,Fortis RNG,RNG,Res,Summerland|Fortis RNG|RNG|Res,MISSING_YEAR
2021,Summerland,Fortis RNG,RNG,Res,Summerland|Fortis RNG|RNG|Res,MISSING_YEAR
2007,Summerland,Fortis RNG,RNG,Res,Summerland|Fortis RNG|RNG|Res,MISSING_YEAR
2010,Summerland,Fortis RNG,RNG,Res,Summerland|Fortis RNG|RNG|Res,MISSING_YEAR
2012,Summerland,Fortis RNG,RNG,Res,Summerland|Fortis RNG|RNG|Res,MISSING_YEAR
2013,Summerland,Fortis RNG,RNG,Res,Summerland|Fortis RNG|RNG|Res,MISSING_YEAR
2014,Summerland,Fortis RNG,RNG,Res,Summerland|Fortis RNG|RNG|Res,MISSING_YEAR
2015,Summerland,Fortis RNG,RNG,Res,Summerland|Fortis RNG|RNG|Res,MISSING_YEAR
2016,Penticton,Fortis RNG,RNG,Res,Penticton|Fortis RNG|RNG|Res,MISSING_YEAR
2017,Penticton,Fortis RNG,RNG,Res,Penticton|Fortis RNG|RNG|Res,MISSING_YEAR
2018,Penticton,Fortis RNG,RNG,Res,Penticton|Fortis RNG|RNG|Res,MISSING_YEAR
2019,Penticton,Fortis RNG,RNG,Res,Penticton|Fortis RNG|RNG|Res,MISSING_YEAR
2020,Penticton,Fortis RNG,RNG,Res,Penticton|Fortis RNG|RNG|Res,MISSING_YEAR
2021,Penticton,Fortis RNG,RNG,Res,Penticton|Fortis RNG|RNG|Res,MISSING_YEAR
2007,Penticton,Fortis RNG,RNG,Res,Penticton|Fortis RNG|RNG|Res,MISSING_YEAR
2010,Penticton,Fortis RNG,RNG,Res,Penticton|Fortis RNG|RNG|Res,MISSING_YEAR
2012,Penticton,Fortis RNG,RNG,Res,Penticton|Fortis RNG|RNG|Res,MISSING_YEAR
2013,Penticton,Fortis RNG,RNG,Res,Penticton|Fortis RNG|RNG|Res,MISSING_YEAR
2014,Penticton,Fortis RNG,RNG,Res,Penticton|Fortis RNG|RNG|Res,MISSING_YEAR
2015,Penticton,Fortis RNG,RNG,Res,Penticton|Fortis RNG|RNG|Res,MISSING_YEAR
2016,Hope,Fortis RNG,RNG,Res,Hope|Fortis RNG|RNG|Res,MISSING_YEAR
2017,Hope,Fortis RNG,RNG,Res,Hope|Fortis RNG|RNG|Res,MISSING_YEAR
2018,Hope,Fortis RNG,RNG,Res,Hope|Fortis RNG|RNG|Res,MISSING_YEAR
2019,Hope,Fortis RNG,RNG,Res,Hope|Fortis RNG|RNG|Res,MISSING_YEAR
2020,Hope,Fortis RNG,RNG,Res,Hope|Fortis RNG|RNG|Res,MISSING_YEAR
2021,Hope,Fortis RNG,RNG,Res,Hope|Fortis RNG|RNG|Res,MISSING_YEAR
2007,Hope,Fortis RNG,RNG,Res,Hope|Fortis RNG|RNG|Res,MISSING_YEAR
2010,Hope,Fortis RNG,RNG,Res,Hope|Fortis RNG|RNG|Res,MISSING_YEAR
2012,Hope,Fortis RNG,RNG,Res,Hope|Fortis RNG|RNG|Res,MISSING_YEAR
2013,Hope,Fortis RNG,RNG,Res,Hope|Fortis RNG|RNG|Res,MISSING_YEAR
2014,Hope,Fortis RNG,RNG,Res,Hope|Fortis RNG|RNG|Res,MISSING_YEAR
2015,Hope,Fortis RNG,RNG,Res,Hope|Fortis RNG|RNG|Res,MISSING_YEAR
2016,Chilliwack,Fortis RNG,RNG,Res,Chilliwack|Fortis RNG|RNG|Res,MISSING_YEAR
2017,Chilliwack,Fortis RNG,RNG,Res,Chilliwack|Fortis RNG|RNG|Res,MISSING_YEAR
2018,Chilliwack,Fortis RNG,RNG,Res,Chilliwack|Fortis RNG|RNG|Res,MISSING_YEAR
2019,Chilliwack,Fortis RNG,RNG,Res,Chilliwack|Fortis RNG|RNG|Res,MISSING_YEAR
2020,Chilliwack,Fortis RNG,RNG,Res,Chilliwack|Fortis RNG|RNG|Res,MISSING_YEAR
2021,Chilliwack,Fortis RNG,RNG,Res,Chilliwack|Fortis RNG|RNG|Res,MISSING_YEAR
2007,Chilliwack,Fortis RNG,RNG,Res,Chilliwack|Fortis RNG|RNG|Res,MISSING_YEAR
2010,Chilliwack,Fortis RNG,RNG,Res,Chilliwack|Fortis RNG|RNG|Res,MISSING_YEAR
2012,Chilliwack,Fortis RNG,RNG,Res,Chilliwack|Fortis RNG|RNG|Res,MISSING_YEAR
2013,Chilliwack,Fortis RNG,RNG,Res,Chilliwack|Fortis RNG|RNG|Res,MISSING_YEAR
2014,Chilliwack,Fortis RNG,RNG,Res,Chilliwack|Fortis RNG|RNG|Res,MISSING_YEAR
2015,Chilliwack,Fortis RNG,RNG,Res,Chilliwack|Fortis RNG|RNG|Res,MISSING_YEAR
2016,Harrison Hot Springs,Fortis RNG,RNG,Res,Harrison Hot Springs|Fortis RNG|RNG|Res,MISSING_YEAR
2017,Harrison Hot Springs,Fortis RNG,RNG,Res,Harrison Hot Springs|Fortis RNG|RNG|Res,MISSING_YEAR
2018,Harrison Hot Springs,Fortis RNG,RNG,Res,Harrison Hot Springs|Fortis RNG|RNG|Res,MISSING_YEAR
2019,Harrison Hot Springs,Fortis RNG,RNG,Res,Harrison Hot Springs|Fortis RNG|RNG|Res,MISSING_YEAR
2020,Harrison Hot Springs,Fortis RNG,RNG,Res,Harrison Hot Springs|Fortis RNG|RNG|Res,MISSING_YEAR
2021,Harrison Hot Springs,Fortis RNG,RNG,Res,Harrison Hot Springs|Fortis RNG|RNG|Res,MISSING_YEAR
2007,Harrison Hot Springs,Fortis RNG,RNG,Res,Harrison Hot Springs|Fortis RNG|RNG|Res,MISSING_YEAR
2010,Harrison Hot Springs,Fortis RNG,RNG,Res,Harrison Hot Springs|Fortis RNG|RNG|Res,MISSING_YEAR
2012,Harrison Hot Springs,Fortis RNG,RNG,Res,Harrison Hot Springs|Fortis RNG|RNG|Res,MISSING_YEAR
2013,Harrison Hot Springs,Fortis RNG,RNG,Res,Harrison Hot Springs|Fortis RNG|RNG|Res,MISSING_YEAR
2014,Harrison Hot Springs,Fortis RNG,RNG,Res,Harrison Hot Springs|Fortis RNG|RNG|Res,MISSING_YEAR
2015,Harrison Hot Springs,Fortis RNG,RNG,Res,Harrison Hot Springs|Fortis RNG|RNG|Res,MISSING_YEAR
2016,Kent,Fortis RNG,RNG,Res,Kent|Fortis RNG|RNG|Res,MISSING_YEAR
2017,Kent,Fortis RNG,RNG,Res,Kent|Fortis RNG|RNG|Res,MISSING_YEAR
2018,Kent,Fortis RNG,RNG,Res,Kent|Fortis RNG|RNG|Res,MISSING_YEAR
2019,Kent,Fortis RNG,RNG,Res,Kent|Fortis RNG|RNG|Res,MISSING_YEAR
2020,Kent,Fortis RNG,RNG,Res,Kent|Fortis RNG|RNG|Res,MISSING_YEAR
2021,Kent,Fortis RNG,RNG,Res,Kent|Fortis RNG|RNG|Res,MISSING_YEAR
2007,Kent,Fortis RNG,RNG,Res,Kent|Fortis RNG|RNG|Res,MISSING_YEAR
2010,Kent,Fortis RNG,RNG,Res,Kent|Fortis RNG|RNG|Res,MISSING_YEAR
2012,Kent,Fortis RNG,RNG,Res,Kent|Fortis RNG|RNG|Res,MISSING_YEAR
2013,Kent,Fortis RNG,RNG,Res,Kent|Fortis RNG|RNG|Res,MISSING_YEAR
2014,Kent,Fortis RNG,RNG,Res,Kent|Fortis RNG|RNG|Res,MISSING_YEAR
2015,Kent,Fortis RNG,RNG,Res,Kent|Fortis RNG|RNG|Res,MISSING_YEAR
2016,Abbotsford,Fortis RNG,RNG,Res,Abbotsford|Fortis RNG|RNG|Res,MISSING_YEAR
2017,Abbotsford,Fortis RNG,RNG,Res,Abbotsford|Fortis RNG|RNG|Res,MISSING_YEAR
2018,Abbotsford,Fortis RNG,RNG,Res,Abbotsford|Fortis RNG|RNG|Res,MISSING_YEAR
2019,Abbotsford,Fortis RNG,RNG,Res,Abbotsford|Fortis RNG|RNG|Res,MISSING_YEAR
2020,Abbotsford,Fortis RNG,RNG,Res,Abbotsford|Fortis RNG|RNG|Res,MISSING_YEAR
2021,Abbotsford,Fortis RNG,RNG,Res,Abbotsford|Fortis RNG|RNG|Res,MISSING_YEAR
2007,Abbotsford,Fortis RNG,RNG,Res,Abbotsford|Fortis RNG|RNG|Res,MISSING_YEAR
2010,Abbotsford,Fortis RNG,RNG,Res,Abbotsford|Fortis RNG|RNG|Res,MISSING_YEAR
2012,Abbotsford,Fortis RNG,RNG,Res,Abbotsford|Fortis RNG|RNG|Res,MISSING_YEAR
2013,Abbotsford,Fortis RNG,RNG,Res,Abbotsford|Fortis RNG|RNG|Res,MISSING_YEAR
2014,Abbotsford,Fortis RNG,RNG,Res,Abbotsford|Fortis RNG|RNG|Res,MISSING_YEAR
2015,Abbotsford,Fortis RNG,RNG,Res,Abbotsford|Fortis RNG|RNG|Res,MISSING_YEAR
2016,Mission,Fortis RNG,RNG,Res,Mission|Fortis RNG|RNG|Res,MISSING_YEAR
2017,Mission,Fortis RNG,RNG,Res,Mission|Fortis RNG|RNG|Res,MISSING_YEAR
2018,Mission,Fortis RNG,RNG,Res,Mission|Fortis RNG|RNG|Res,MISSING_YEAR
2019,Mission,Fortis RNG,RNG,Res,Mission|Fortis RNG|RNG|Res,MISSING_YEAR
2020,Mission,Fortis RNG,RNG,Res,Mission|Fortis RNG|RNG|Res,MISSING_YEAR
2021,Mission,Fortis RNG,RNG,Res,Mission|Fortis RNG|RNG|Res,MISSING_YEAR
2007,Mission,Fortis RNG,RNG,Res,Mission|Fortis RNG|RNG|Res,MISSING_YEAR
2010,Mission,Fortis RNG,RNG,Res,Mission|Fortis RNG|RNG|Res,MISSING_YEAR
2012,Mission,Fortis RNG,RNG,Res,Mission|Fortis RNG|RNG|Res,MISSING_YEAR
2013,Mission,Fortis RNG,RNG,Res,Mission|Fortis RNG|RNG|Res,MISSING_YEAR
2014,Mission,Fortis RNG,RNG,Res,Mission|Fortis RNG|RNG|Res,MISSING_YEAR
2015,Mission,Fortis RNG,RNG,Res,Mission|Fortis RNG|RNG|Res,MISSING_YEAR
2016,Langley Township,Fortis RNG,RNG,Res,Langley Township|Fortis RNG|RNG|Res,MISSING_YEAR
2017,Langley Township,Fortis RNG,RNG,Res,Langley Township|Fortis RNG|RNG|Res,MISSING_YEAR
2018,Langley Township,Fortis RNG,RNG,Res,Langley Township|Fortis RNG|RNG|Res,MISSING_YEAR
2019,Langley Township,Fortis RNG,RNG,Res,Langley Township|Fortis RNG|RNG|Res,MISSING_YEAR
2020,Langley Township,Fortis RNG,RNG,Res,Langley Township|Fortis RNG|RNG|Res,MISSING_YEAR
2021,Langley Township,Fortis RNG,RNG,Res,Langley Township|Fortis RNG|RNG|Res,MISSING_YEAR
2007,Langley Township,Fortis RNG,RNG,Res,Langley Township|Fortis RNG|RNG|Res,MISSING_YEAR
2010,Langley Township,Fortis RNG,RNG,Res,Langley Township|Fortis RNG|RNG|Res,MISSING_YEAR
2012,Langley Township,Fortis RNG,RNG,Res,Langley Township|Fortis RNG|RNG|Res,MISSING_YEAR
2013,Langley Township,Fortis RNG,RNG,Res,Langley Township|Fortis RNG|RNG|Res,MISSING_YEAR
2014,Langley Township,Fortis RNG,RNG,Res,Langley Township|Fortis RNG|RNG|Res,MISSING_YEAR
2015,Langley Township,Fortis RNG,RNG,Res,Langley Township|Fortis RNG|RNG|Res,MISSING_YEAR
2016,Langley City,Fortis RNG,RNG,Res,Langley City|Fortis RNG|RNG|Res,MISSING_YEAR
2017,Langley City,Fortis RNG,RNG,Res,Langley City|Fortis RNG|RNG|Res,MISSING_YEAR
2018,Langley City,Fortis RNG,RNG,Res,Langley City|Fortis RNG|RNG|Res,MISSING_YEAR
2019,Langley City,Fortis RNG,RNG,Res,Langley City|Fortis RNG|RNG|Res,MISSING_YEAR
2020,Langley City,Fortis RNG,RNG,Res,Langley City|Fortis RNG|RNG|Res,MISSING_YEAR
2021,Langley City,Fortis RNG,RNG,Res,Langley City|Fortis RNG|RNG|Res,MISSING_YEAR
2007,Langley City,Fortis RNG,RNG,Res,Langley City|Fortis RNG|RNG|Res,MISSING_YEAR
2010,Langley City,Fortis RNG,RNG,Res,Langley City|Fortis RNG|RNG|Res,MISSING_YEAR
2012,Langley City,Fortis RNG,RNG,Res,Langley City|Fortis RNG|RNG|Res,MISSING_YEAR
2013,Langley City,Fortis RNG,RNG,Res,Langley City|Fortis RNG|RNG|Res,MISSING_YEAR
2014,Langley City,Fortis RNG,RNG,Res,Langley City|Fortis RNG|RNG|Res,MISSING_YEAR
2015,Langley City,Fortis RNG,RNG,Res,Langley City|Fortis RNG|RNG|Res,MISSING_YEAR
2016,Surrey,Fortis RNG,RNG,Res,Surrey|Fortis RNG|RNG|Res,MISSING_YEAR
2017,Surrey,Fortis RNG,RNG,Res,Surrey|Fortis RNG|RNG|Res,MISSING_YEAR
2018,Surrey,Fortis RNG,RNG,Res,Surrey|Fortis RNG|RNG|Res,MISSING_YEAR
2019,Surrey,Fortis RNG,RNG,Res,Surrey|Fortis RNG|RNG|Res,MISSING_YEAR
2020,Surrey,Fortis RNG,RNG,Res,Surrey|Fortis RNG|RNG|Res,MISSING_YEAR
2021,Surrey,Fortis RNG,RNG,Res,Surrey|Fortis RNG|RNG|Res,MISSING_YEAR
2007,Surrey,Fortis RNG,RNG,Res,Surrey|Fortis RNG|RNG|Res,MISSING_YEAR
2010,Surrey,Fortis RNG,RNG,Res,Surrey|Fortis RNG|RNG|Res,MISSING_YEAR
2012,Surrey,Fortis RNG,RNG,Res,Surrey|Fortis RNG|RNG|Res,MISSING_YEAR
2013,Surrey,Fortis RNG,RNG,Res,Surrey|Fortis RNG|RNG|Res,MISSING_YEAR
2014,Surrey,Fortis RNG,RNG,Res,Surrey|Fortis RNG|RNG|Res,MISSING_YEAR
2015,Surrey,Fortis RNG,RNG,Res,Surrey|Fortis RNG|RNG|Res,MISSING_YEAR
2016,White Rock,Fortis RNG,RNG,Res,White Rock|Fortis RNG|RNG|Res,MISSING_YEAR
2017,White Rock,Fortis RNG,RNG,Res,White Rock|Fortis RNG|RNG|Res,MISSING_YEAR
2018,White Rock,Fortis RNG,RNG,Res,White Rock|Fortis RNG|RNG|Res,MISSING_YEAR
2019,White Rock,Fortis RNG,RNG,Res,White Rock|Fortis RNG|RNG|Res,MISSING_YEAR
2020,White Rock,Fortis RNG,RNG,Res,White Rock|Fortis RNG|RNG|Res,MISSING_YEAR
2021,White Rock,Fortis RNG,RNG,Res,White Rock|Fortis RNG|RNG|Res,MISSING_YEAR
2007,White Rock,Fortis RNG,RNG,Res,White Rock|Fortis RNG|RNG|Res,MISSING_YEAR
2010,White Rock,Fortis RNG,RNG,Res,White Rock|Fortis RNG|RNG|Res,MISSING_YEAR
2012,White Rock,Fortis RNG,RNG,Res,White Rock|Fortis RNG|RNG|Res,MISSING_YEAR
2013,White Rock,Fortis RNG,RNG,Res,White Rock|Fortis RNG|RNG|Res,MISSING_YEAR
2014,White Rock,Fortis RNG,RNG,Res,White Rock|Fortis RNG|RNG|Res,MISSING_YEAR
2015,White Rock,Fortis RNG,RNG,Res,White Rock|Fortis RNG|RNG|Res,MISSING_YEAR
2016,Delta,Fortis RNG,RNG,Res,Delta|Fortis RNG|RNG|Res,MISSING_YEAR
2017,Delta,Fortis RNG,RNG,Res,Delta|Fortis RNG|RNG|Res,MISSING_YEAR
2018,Delta,Fortis RNG,RNG,Res,Delta|Fortis RNG|RNG|Res,MISSING_YEAR
2019,Delta,Fortis RNG,RNG,Res,Delta|Fortis RNG|RNG|Res,MISSING_YEAR
2020,Delta,Fortis RNG,RNG,Res,Delta|Fortis RNG|RNG|Res,MISSING_YEAR
2021,Delta,Fortis RNG,RNG,Res,Delta|Fortis RNG|RNG|Res,MISSING_YEAR
2007,Delta,Fortis RNG,RNG,Res,Delta|Fortis RNG|RNG|Res,MISSING_YEAR
2010,Delta,Fortis RNG,RNG,Res,Delta|Fortis RNG|RNG|Res,MISSING_YEAR
2012,Delta,Fortis RNG,RNG,Res,Delta|Fortis RNG|RNG|Res,MISSING_YEAR
2013,Delta,Fortis RNG,RNG,Res,Delta|Fortis RNG|RNG|Res,MISSING_YEAR
2014,Delta,Fortis RNG,RNG,Res,Delta|Fortis RNG|RNG|Res,MISSING_YEAR
2015,Delta,Fortis RNG,RNG,Res,Delta|Fortis RNG|RNG|Res,MISSING_YEAR
2016,Richmond,Fortis RNG,RNG,Res,Richmond|Fortis RNG|RNG|Res,MISSING_YEAR
2017,Richmond,Fortis RNG,RNG,Res,Richmond|Fortis RNG|RNG|Res,MISSING_YEAR
2018,Richmond,Fortis RNG,RNG,Res,Richmond|Fortis RNG|RNG|Res,MISSING_YEAR
2019,Richmond,Fortis RNG,RNG,Res,Richmond|Fortis RNG|RNG|Res,MISSING_YEAR
2020,Richmond,Fortis RNG,RNG,Res,Richmond|Fortis RNG|RNG|Res,MISSING_YEAR
2021,Richmond,Fortis RNG,RNG,Res,Richmond|Fortis RNG|RNG|Res,MISSING_YEAR
2007,Richmond,Fortis RNG,RNG,Res,Richmond|Fortis RNG|RNG|Res,MISSING_YEAR
2010,Richmond,Fortis RNG,RNG,Res,Richmond|Fortis RNG|RNG|Res,MISSING_YEAR
2012,Richmond,Fortis RNG,RNG,Res,Richmond|Fortis RNG|RNG|Res,MISSING_YEAR
2013,Richmond,Fortis RNG,RNG,Res,Richmond|Fortis RNG|RNG|Res,MISSING_YEAR
2014,Richmond,Fortis RNG,RNG,Res,Richmond|Fortis RNG|RNG|Res,MISSING_YEAR
2015,Richmond,Fortis RNG,RNG,Res,Richmond|Fortis RNG|RNG|Res,MISSING_YEAR
2016,Vancouver,Fortis RNG,RNG,Res,Vancouver|Fortis RNG|RNG|Res,MISSING_YEAR
2017,Vancouver,Fortis RNG,RNG,Res,Vancouver|Fortis RNG|RNG|Res,MISSING_YEAR
2018,Vancouver,Fortis RNG,RNG,Res,Vancouver|Fortis RNG|RNG|Res,MISSING_YEAR
2019,Vancouver,Fortis RNG,RNG,Res,Vancouver|Fortis RNG|RNG|Res,MISSING_YEAR
2020,Vancouver,Fortis RNG,RNG,Res,Vancouver|Fortis RNG|RNG|Res,MISSING_YEAR
2021,Vancouver,Fortis RNG,RNG,Res,Vancouver|Fortis RNG|RNG|Res,MISSING_YEAR
2007,Vancouver,Fortis RNG,RNG,Res,Vancouver|Fortis RNG|RNG|Res,MISSING_YEAR
2010,Vancouver,Fortis RNG,RNG,Res,Vancouver|Fortis RNG|RNG|Res,MISSING_YEAR
2012,Vancouver,Fortis RNG,RNG,Res,Vancouver|Fortis RNG|RNG|Res,MISSING_YEAR
2013,Vancouver,Fortis RNG,RNG,Res,Vancouver|Fortis RNG|RNG|Res,MISSING_YEAR
2014,Vancouver,Fortis RNG,RNG,Res,Vancouver|Fortis RNG|RNG|Res,MISSING_YEAR
2015,Vancouver,Fortis RNG,RNG,Res,Vancouver|Fortis RNG|RNG|Res,MISSING_YEAR
2016,Burnaby,Fortis RNG,RNG,Res,Burnaby|Fortis RNG|RNG|Res,MISSING_YEAR
2017,Burnaby,Fortis RNG,RNG,Res,Burnaby|Fortis RNG|RNG|Res,MISSING_YEAR
2018,Burnaby,Fortis RNG,RNG,Res,Burnaby|Fortis RNG|RNG|Res,MISSING_YEAR
2019,Burnaby,Fortis RNG,RNG,Res,Burnaby|Fortis RNG|RNG|Res,MISSING_YEAR
2020,Burnaby,Fortis RNG,RNG,Res,Burnaby|Fortis RNG|RNG|Res,MISSING_YEAR
2021,Burnaby,Fortis RNG,RNG,Res,Burnaby|Fortis RNG|RNG|Res,MISSING_YEAR
2007,Burnaby,Fortis RNG,RNG,Res,Burnaby|Fortis RNG|RNG|Res,MISSING_YEAR
2010,Burnaby,Fortis RNG,RNG,Res,Burnaby|Fortis RNG|RNG|Res,MISSING_YEAR
2012,Burnaby,Fortis RNG,RNG,Res,Burnaby|Fortis RNG|RNG|Res,MISSING_YEAR
2013,Burnaby,Fortis RNG,RNG,Res,Burnaby|Fortis RNG|RNG|Res,MISSING_YEAR
2014,Burnaby,Fortis RNG,RNG,Res,Burnaby|Fortis RNG|RNG|Res,MISSING_YEAR
2015,Burnaby,Fortis RNG,RNG,Res,Burnaby|Fortis RNG|RNG|Res,MISSING_YEAR
2016,New Westminster,Fortis RNG,RNG,Res,New Westminster|Fortis RNG|RNG|Res,MISSING_YEAR
2017,New Westminster,Fortis RNG,RNG,Res,New Westminster|Fortis RNG|RNG|Res,MISSING_YEAR
2018,New Westminster,Fortis RNG,RNG,Res,New Westminster|Fortis RNG|RNG|Res,MISSING_YEAR
2019,New Westminster,Fortis RNG,RNG,Res,New Westminster|Fortis RNG|RNG|Res,MISSING_YEAR
2020,New Westminster,Fortis RNG,RNG,Res,New Westminster|Fortis RNG|RNG|Res,MISSING_YEAR
2021,New Westminster,Fortis RNG,RNG,Res,New Westminster|Fortis RNG|RNG|Res,MISSING_YEAR
2007,New Westminster,Fortis RNG,RNG,Res,New Westminster|Fortis RNG|RNG|Res,MISSING_YEAR
2010,New Westminster,Fortis RNG,RNG,Res,New Westminster|Fortis RNG|RNG|Res,MISSING_YEAR
2012,New Westminster,Fortis RNG,RNG,Res,New Westminster|Fortis RNG|RNG|Res,MISSING_YEAR
2013,New Westminster,Fortis RNG,RNG,Res,New Westminster|Fortis RNG|RNG|Res,MISSING_YEAR
2014,New Westminster,Fortis RNG,RNG,Res,New Westminster|Fortis RNG|RNG|Res,MISSING_YEAR
2015,New Westminster,Fortis RNG,RNG,Res,New Westminster|Fortis RNG|RNG|Res,MISSING_YEAR
2016,Coquitlam,Fortis RNG,RNG,Res,Coquitlam|Fortis RNG|RNG|Res,MISSING_YEAR
2017,Coquitlam,Fortis RNG,RNG,Res,Coquitlam|Fortis RNG|RNG|Res,MISSING_YEAR
2018,Coquitlam,Fortis RNG,RNG,Res,Coquitlam|Fortis RNG|RNG|Res,MISSING_YEAR
2019,Coquitlam,Fortis RNG,RNG,Res,Coquitlam|Fortis RNG|RNG|Res,MISSING_YEAR
2020,Coquitlam,Fortis RNG,RNG,Res,Coquitlam|Fortis RNG|RNG|Res,MISSING_YEAR
2021,Coquitlam,Fortis RNG,RNG,Res,Coquitlam|Fortis RNG|RNG|Res,MISSING_YEAR
2007,Coquitlam,Fortis RNG,RNG,Res,Coquitlam|Fortis RNG|RNG|Res,MISSING_YEAR
2010,Coquitlam,Fortis RNG,RNG,Res,Coquitlam|Fortis RNG|RNG|Res,MISSING_YEAR
2012,Coquitlam,Fortis RNG,RNG,Res,Coquitlam|Fortis RNG|RNG|Res,MISSING_YEAR
2013,Coquitlam,Fortis RNG,RNG,Res,Coquitlam|Fortis RNG|RNG|Res,MISSING_YEAR
2014,Coquitlam,Fortis RNG,RNG,Res,Coquitlam|Fortis RNG|RNG|Res,MISSING_YEAR
2015,Coquitlam,Fortis RNG,RNG,Res,Coquitlam|Fortis RNG|RNG|Res,MISSING_YEAR
2016,Belcarra,Fortis RNG,RNG,Res,Belcarra|Fortis RNG|RNG|Res,MISSING_YEAR
2017,Belcarra,Fortis RNG,RNG,Res,Belcarra|Fortis RNG|RNG|Res,MISSING_YEAR
2018,Belcarra,Fortis RNG,RNG,Res,Belcarra|Fortis RNG|RNG|Res,MISSING_YEAR
2019,Belcarra,Fortis RNG,RNG,Res,Belcarra|Fortis RNG|RNG|Res,MISSING_YEAR
2020,Belcarra,Fortis RNG,RNG,Res,Belcarra|Fortis RNG|RNG|Res,MISSING_YEAR
2021,Belcarra,Fortis RNG,RNG,Res,Belcarra|Fortis RNG|RNG|Res,MISSING_YEAR
2007,Belcarra,Fortis RNG,RNG,Res,Belcarra|Fortis RNG|RNG|Res,MISSING_YEAR
2010,Belcarra,Fortis RNG,RNG,Res,Belcarra|Fortis RNG|RNG|Res,MISSING_YEAR
2012,Belcarra,Fortis RNG,RNG,Res,Belcarra|Fortis RNG|RNG|Res,MISSING_YEAR
2013,Belcarra,Fortis RNG,RNG,Res,Belcarra|Fortis RNG|RNG|Res,MISSING_YEAR
2014,Belcarra,Fortis RNG,RNG,Res,Belcarra|Fortis RNG|RNG|Res,MISSING_YEAR
2015,Belcarra,Fortis RNG,RNG,Res,Belcarra|Fortis RNG|RNG|Res,MISSING_YEAR
2016,Anmore,Fortis RNG,RNG,Res,Anmore|Fortis RNG|RNG|Res,MISSING_YEAR
2017,Anmore,Fortis RNG,RNG,Res,Anmore|Fortis RNG|RNG|Res,MISSING_YEAR
2018,Anmore,Fortis RNG,RNG,Res,Anmore|Fortis RNG|RNG|Res,MISSING_YEAR
2019,Anmore,Fortis RNG,RNG,Res,Anmore|Fortis RNG|RNG|Res,MISSING_YEAR
2020,Anmore,Fortis RNG,RNG,Res,Anmore|Fortis RNG|RNG|Res,MISSING_YEAR
2021,Anmore,Fortis RNG,RNG,Res,Anmore|Fortis RNG|RNG|Res,MISSING_YEAR
2007,Anmore,Fortis RNG,RNG,Res,Anmore|Fortis RNG|RNG|Res,MISSING_YEAR
2010,Anmore,Fortis RNG,RNG,Res,Anmore|Fortis RNG|RNG|Res,MISSING_YEAR
2012,Anmore,Fortis RNG,RNG,Res,Anmore|Fortis RNG|RNG|Res,MISSING_YEAR
2013,Anmore,Fortis RNG,RNG,Res,Anmore|Fortis RNG|RNG|Res,MISSING_YEAR
2014,Anmore,Fortis RNG,RNG,Res,Anmore|Fortis RNG|RNG|Res,MISSING_YEAR
2015,Anmore,Fortis RNG,RNG,Res,Anmore|Fortis RNG|RNG|Res,MISSING_YEAR
2016,Port Coquitlam,Fortis RNG,RNG,Res,Port Coquitlam|Fortis RNG|RNG|Res,MISSING_YEAR
2017,Port Coquitlam,Fortis RNG,RNG,Res,Port Coquitlam|Fortis RNG|RNG|Res,MISSING_YEAR
2018,Port Coquitlam,Fortis RNG,RNG,Res,Port Coquitlam|Fortis RNG|RNG|Res,MISSING_YEAR
2019,Port Coquitlam,Fortis RNG,RNG,Res,Port Coquitlam|Fortis RNG|RNG|Res,MISSING_YEAR
2020,Port Coquitlam,Fortis RNG,RNG,Res,Port Coquitlam|Fortis RNG|RNG|Res,MISSING_YEAR
2021,Port Coquitlam,Fortis RNG,RNG,Res,Port Coquitlam|Fortis RNG|RNG|Res,MISSING_YEAR
2007,Port Coquitlam,Fortis RNG,RNG,Res,Port Coquitlam|Fortis RNG|RNG|Res,MISSING_YEAR
2010,Port Coquitlam,Fortis RNG,RNG,Res,Port Coquitlam|Fortis RNG|RNG|Res,MISSING_YEAR
2012,Port Coquitlam,Fortis RNG,RNG,Res,Port Coquitlam|Fortis RNG|RNG|Res,MISSING_YEAR
2013,Port Coquitlam,Fortis RNG,RNG,Res,Port Coquitlam|Fortis RNG|RNG|Res,MISSING_YEAR
2014,Port Coquitlam,Fortis RNG,RNG,Res,Port Coquitlam|Fortis RNG|RNG|Res,MISSING_YEAR
2015,Port Coquitlam,Fortis RNG,RNG,Res,Port Coquitlam|Fortis RNG|RNG|Res,MISSING_YEAR
2016,Port Moody,Fortis RNG,RNG,Res,Port Moody|Fortis RNG|RNG|Res,MISSING_YEAR
2017,Port Moody,Fortis RNG,RNG,Res,Port Moody|Fortis RNG|RNG|Res,MISSING_YEAR
2018,Port Moody,Fortis RNG,RNG,Res,Port Moody|Fortis RNG|RNG|Res,MISSING_YEAR
2019,Port Moody,Fortis RNG,RNG,Res,Port Moody|Fortis RNG|RNG|Res,MISSING_YEAR
2020,Port Moody,Fortis RNG,RNG,Res,Port Moody|Fortis RNG|RNG|Res,MISSING_YEAR
2021,Port Moody,Fortis RNG,RNG,Res,Port Moody|Fortis RNG|RNG|Res,MISSING_YEAR
2007,Port Moody,Fortis RNG,RNG,Res,Port Moody|Fortis RNG|RNG|Res,MISSING_YEAR
2010,Port Moody,Fortis RNG,RNG,Res,Port Moody|Fortis RNG|RNG|Res,MISSING_YEAR
2012,Port Moody,Fortis RNG,RNG,Res,Port Moody|Fortis RNG|RNG|Res,MISSING_YEAR
2013,Port Moody,Fortis RNG,RNG,Res,Port Moody|Fortis RNG|RNG|Res,MISSING_YEAR
2014,Port Moody,Fortis RNG,RNG,Res,Port Moody|Fortis RNG|RNG|Res,MISSING_YEAR
2015,Port Moody,Fortis RNG,RNG,Res,Port Moody|Fortis RNG|RNG|Res,MISSING_YEAR
2016,North Vancouver District,Fortis RNG,RNG,Res,North Vancouver District|Fortis RNG|RNG|Res,MISSING_YEAR
2017,North Vancouver District,Fortis RNG,RNG,Res,North Vancouver District|Fortis RNG|RNG|Res,MISSING_YEAR
2018,North Vancouver District,Fortis RNG,RNG,Res,North Vancouver District|Fortis RNG|RNG|Res,MISSING_YEAR
2019,North Vancouver District,Fortis RNG,RNG,Res,North Vancouver District|Fortis RNG|RNG|Res,MISSING_YEAR
2020,North Vancouver District,Fortis RNG,RNG,Res,North Vancouver District|Fortis RNG|RNG|Res,MISSING_YEAR
2021,North Vancouver District,Fortis RNG,RNG,Res,North Vancouver District|Fortis RNG|RNG|Res,MISSING_YEAR
2007,North Vancouver District,Fortis RNG,RNG,Res,North Vancouver District|Fortis RNG|RNG|Res,MISSING_YEAR
2010,North Vancouver District,Fortis RNG,RNG,Res,North Vancouver District|Fortis RNG|RNG|Res,MISSING_YEAR
2012,North Vancouver District,Fortis RNG,RNG,Res,North Vancouver District|Fortis RNG|RNG|Res,MISSING_YEAR
2013,North Vancouver District,Fortis RNG,RNG,Res,North Vancouver District|Fortis RNG|RNG|Res,MISSING_YEAR
2014,North Vancouver District,Fortis RNG,RNG,Res,North Vancouver District|Fortis RNG|RNG|Res,MISSING_YEAR
2015,North Vancouver District,Fortis RNG,RNG,Res,North Vancouver District|Fortis RNG|RNG|Res,MISSING_YEAR
2016,North Vancouver City,Fortis RNG,RNG,Res,North Vancouver City|Fortis RNG|RNG|Res,MISSING_YEAR
2017,North Vancouver City,Fortis RNG,RNG,Res,North Vancouver City|Fortis RNG|RNG|Res,MISSING_YEAR
2018,North Vancouver City,Fortis RNG,RNG,Res,North Vancouver City|Fortis RNG|RNG|Res,MISSING_YEAR
2019,North Vancouver City,Fortis RNG,RNG,Res,North Vancouver City|Fortis RNG|RNG|Res,MISSING_YEAR
2020,North Vancouver City,Fortis RNG,RNG,Res,North Vancouver City|Fortis RNG|RNG|Res,MISSING_YEAR
2021,North Vancouver City,Fortis RNG,RNG,Res,North Vancouver City|Fortis RNG|RNG|Res,MISSING_YEAR
2007,North Vancouver City,Fortis RNG,RNG,Res,North Vancouver City|Fortis RNG|RNG|Res,MISSING_YEAR
2010,North Vancouver City,Fortis RNG,RNG,Res,North Vancouver City|Fortis RNG|RNG|Res,MISSING_YEAR
2012,North Vancouver City,Fortis RNG,RNG,Res,North Vancouver City|Fortis RNG|RNG|Res,MISSING_YEAR
2013,North Vancouver City,Fortis RNG,RNG,Res,North Vancouver City|Fortis RNG|RNG|Res,MISSING_YEAR
2014,North Vancouver City,Fortis RNG,RNG,Res,North Vancouver City|Fortis RNG|RNG|Res,MISSING_YEAR
2015,North Vancouver City,Fortis RNG,RNG,Res,North Vancouver City|Fortis RNG|RNG|Res,MISSING_YEAR
2016,West Vancouver,Fortis RNG,RNG,Res,West Vancouver|Fortis RNG|RNG|Res,MISSING_YEAR
2017,West Vancouver,Fortis RNG,RNG,Res,West Vancouver|Fortis RNG|RNG|Res,MISSING_YEAR
2018,West Vancouver,Fortis RNG,RNG,Res,West Vancouver|Fortis RNG|RNG|Res,MISSING_YEAR
2019,West Vancouver,Fortis RNG,RNG,Res,West Vancouver|Fortis RNG|RNG|Res,MISSING_YEAR
2020,West Vancouver,Fortis RNG,RNG,Res,West Vancouver|Fortis RNG|RNG|Res,MISSING_YEAR
2021,West Vancouver,Fortis RNG,RNG,Res,West Vancouver|Fortis RNG|RNG|Res,MISSING_YEAR
2007,West Vancouver,Fortis RNG,RNG,Res,West Vancouver|Fortis RNG|RNG|Res,MISSING_YEAR
2010,West Vancouver,Fortis RNG,RNG,Res,West Vancouver|Fortis RNG|RNG|Res,MISSING_YEAR
2012,West Vancouver,Fortis RNG,RNG,Res,West Vancouver|Fortis RNG|RNG|Res,MISSING_YEAR
2013,West Vancouver,Fortis RNG,RNG,Res,West Vancouver|Fortis RNG|RNG|Res,MISSING_YEAR
2014,West Vancouver,Fortis RNG,RNG,Res,West Vancouver|Fortis RNG|RNG|Res,MISSING_YEAR
2015,West Vancouver,Fortis RNG,RNG,Res,West Vancouver|Fortis RNG|RNG|Res,MISSING_YEAR
2016,Bowen Island,Fortis RNG,RNG,Res,Bowen Island|Fortis RNG|RNG|Res,MISSING_YEAR
2017,Bowen Island,Fortis RNG,RNG,Res,Bowen Island|Fortis RNG|RNG|Res,MISSING_YEAR
2018,Bowen Island,Fortis RNG,RNG,Res,Bowen Island|Fortis RNG|RNG|Res,MISSING_YEAR
2019,Bowen Island,Fortis RNG,RNG,Res,Bowen Island|Fortis RNG|RNG|Res,MISSING_YEAR
2020,Bowen Island,Fortis RNG,RNG,Res,Bowen Island|Fortis RNG|RNG|Res,MISSING_YEAR
2021,Bowen Island,Fortis RNG,RNG,Res,Bowen Island|Fortis RNG|RNG|Res,MISSING_YEAR
2007,Bowen Island,Fortis RNG,RNG,Res,Bowen Island|Fortis RNG|RNG|Res,MISSING_YEAR
2010,Bowen Island,Fortis RNG,RNG,Res,Bowen Island|Fortis RNG|RNG|Res,MISSING_YEAR
2012,Bowen Island,Fortis RNG,RNG,Res,Bowen Island|Fortis RNG|RNG|Res,MISSING_YEAR
2013,Bowen Island,Fortis RNG,RNG,Res,Bowen Island|Fortis RNG|RNG|Res,MISSING_YEAR
2014,Bowen Island,Fortis RNG,RNG,Res,Bowen Island|Fortis RNG|RNG|Res,MISSING_YEAR
2015,Bowen Island,Fortis RNG,RNG,Res,Bowen Island|Fortis RNG|RNG|Res,MISSING_YEAR
2016,Lions Bay,Fortis RNG,RNG,Res,Lions Bay|Fortis RNG|RNG|Res,MISSING_YEAR
2017,Lions Bay,Fortis RNG,RNG,Res,Lions Bay|Fortis RNG|RNG|Res,MISSING_YEAR
2018,Lions Bay,Fortis RNG,RNG,Res,Lions Bay|Fortis RNG|RNG|Res,MISSING_YEAR
2019,Lions Bay,Fortis RNG,RNG,Res,Lions Bay|Fortis RNG|RNG|Res,MISSING_YEAR
2020,Lions Bay,Fortis RNG,RNG,Res,Lions Bay|Fortis RNG|RNG|Res,MISSING_YEAR
2021,Lions Bay,Fortis RNG,RNG,Res,Lions Bay|Fortis RNG|RNG|Res,MISSING_YEAR
2007,Lions Bay,Fortis RNG,RNG,Res,Lions Bay|Fortis RNG|RNG|Res,MISSING_YEAR
2010,Lions Bay,Fortis RNG,RNG,Res,Lions Bay|Fortis RNG|RNG|Res,MISSING_YEAR
2012,Lions Bay,Fortis RNG,RNG,Res,Lions Bay|Fortis RNG|RNG|Res,MISSING_YEAR
2013,Lions Bay,Fortis RNG,RNG,Res,Lions Bay|Fortis RNG|RNG|Res,MISSING_YEAR
2014,Lions Bay,Fortis RNG,RNG,Res,Lions Bay|Fortis RNG|RNG|Res,MISSING_YEAR
2015,Lions Bay,Fortis RNG,RNG,Res,Lions Bay|Fortis RNG|RNG|Res,MISSING_YEAR
2016,Pitt Meadows,Fortis RNG,RNG,Res,Pitt Meadows|Fortis RNG|RNG|Res,MISSING_YEAR
2017,Pitt Meadows,Fortis RNG,RNG,Res,Pitt Meadows|Fortis RNG|RNG|Res,MISSING_YEAR
2018,Pitt Meadows,Fortis RNG,RNG,Res,Pitt Meadows|Fortis RNG|RNG|Res,MISSING_YEAR
2019,Pitt Meadows,Fortis RNG,RNG,Res,Pitt Meadows|Fortis RNG|RNG|Res,MISSING_YEAR
2020,Pitt Meadows,Fortis RNG,RNG,Res,Pitt Meadows|Fortis RNG|RNG|Res,MISSING_YEAR
2021,Pitt Meadows,Fortis RNG,RNG,Res,Pitt Meadows|Fortis RNG|RNG|Res,MISSING_YEAR
2007,Pitt Meadows,Fortis RNG,RNG,Res,Pitt Meadows|Fortis RNG|RNG|Res,MISSING_YEAR
2010,Pitt Meadows,Fortis RNG,RNG,Res,Pitt Meadows|Fortis RNG|RNG|Res,MISSING_YEAR
2012,Pitt Meadows,Fortis RNG,RNG,Res,Pitt Meadows|Fortis RNG|RNG|Res,MISSING_YEAR
2013,Pitt Meadows,Fortis RNG,RNG,Res,Pitt Meadows|Fortis RNG|RNG|Res,MISSING_YEAR
2014,Pitt Meadows,Fortis RNG,RNG,Res,Pitt Meadows|Fortis RNG|RNG|Res,MISSING_YEAR
2015,Pitt Meadows,Fortis RNG,RNG,Res,Pitt Meadows|Fortis RNG|RNG|Res,MISSING_YEAR
2016,Maple Ridge,Fortis RNG,RNG,Res,Maple Ridge|Fortis RNG|RNG|Res,MISSING_YEAR
2017,Maple Ridge,Fortis RNG,RNG,Res,Maple Ridge|Fortis RNG|RNG|Res,MISSING_YEAR
2018,Maple Ridge,Fortis RNG,RNG,Res,Maple Ridge|Fortis RNG|RNG|Res,MISSING_YEAR
2019,Maple Ridge,Fortis RNG,RNG,Res,Maple Ridge|Fortis RNG|RNG|Res,MISSING_YEAR
2020,Maple Ridge,Fortis RNG,RNG,Res,Maple Ridge|Fortis RNG|RNG|Res,MISSING_YEAR
2021,Maple Ridge,Fortis RNG,RNG,Res,Maple Ridge|Fortis RNG|RNG|Res,MISSING_YEAR
2007,Maple Ridge,Fortis RNG,RNG,Res,Maple Ridge|Fortis RNG|RNG|Res,MISSING_YEAR
2010,Maple Ridge,Fortis RNG,RNG,Res,Maple Ridge|Fortis RNG|RNG|Res,MISSING_YEAR
2012,Maple Ridge,Fortis RNG,RNG,Res,Maple Ridge|Fortis RNG|RNG|Res,MISSING_YEAR
2013,Maple Ridge,Fortis RNG,RNG,Res,Maple Ridge|Fortis RNG|RNG|Res,MISSING_YEAR
2014,Maple Ridge,Fortis RNG,RNG,Res,Maple Ridge|Fortis RNG|RNG|Res,MISSING_YEAR
2015,Maple Ridge,Fortis RNG,RNG,Res,Maple Ridge|Fortis RNG|RNG|Res,MISSING_YEAR
2016,North Saanich,Fortis RNG,RNG,Res,North Saanich|Fortis RNG|RNG|Res,MISSING_YEAR
2017,North Saanich,Fortis RNG,RNG,Res,North Saanich|Fortis RNG|RNG|Res,MISSING_YEAR
2018,North Saanich,Fortis RNG,RNG,Res,North Saanich|Fortis RNG|RNG|Res,MISSING_YEAR
2019,North Saanich,Fortis RNG,RNG,Res,North Saanich|Fortis RNG|RNG|Res,MISSING_YEAR
2020,North Saanich,Fortis RNG,RNG,Res,North Saanich|Fortis RNG|RNG|Res,MISSING_YEAR
2021,North Saanich,Fortis RNG,RNG,Res,North Saanich|Fortis RNG|RNG|Res,MISSING_YEAR
2007,North Saanich,Fortis RNG,RNG,Res,North Saanich|Fortis RNG|RNG|Res,MISSING_YEAR
2010,North Saanich,Fortis RNG,RNG,Res,North Saanich|Fortis RNG|RNG|Res,MISSING_YEAR
2012,North Saanich,Fortis RNG,RNG,Res,North Saanich|Fortis RNG|RNG|Res,MISSING_YEAR
2013,North Saanich,Fortis RNG,RNG,Res,North Saanich|Fortis RNG|RNG|Res,MISSING_YEAR
2014,North Saanich,Fortis RNG,RNG,Res,North Saanich|Fortis RNG|RNG|Res,MISSING_YEAR
2015,North Saanich,Fortis RNG,RNG,Res,North Saanich|Fortis RNG|RNG|Res,MISSING_YEAR
2016,Sidney,Fortis RNG,RNG,Res,Sidney|Fortis RNG|RNG|Res,MISSING_YEAR
2017,Sidney,Fortis RNG,RNG,Res,Sidney|Fortis RNG|RNG|Res,MISSING_YEAR
2018,Sidney,Fortis RNG,RNG,Res,Sidney|Fortis RNG|RNG|Res,MISSING_YEAR
2019,Sidney,Fortis RNG,RNG,Res,Sidney|Fortis RNG|RNG|Res,MISSING_YEAR
2020,Sidney,Fortis RNG,RNG,Res,Sidney|Fortis RNG|RNG|Res,MISSING_YEAR
2021,Sidney,Fortis RNG,RNG,Res,Sidney|Fortis RNG|RNG|Res,MISSING_YEAR
2007,Sidney,Fortis RNG,RNG,Res,Sidney|Fortis RNG|RNG|Res,MISSING_YEAR
2010,Sidney,Fortis RNG,RNG,Res,Sidney|Fortis RNG|RNG|Res,MISSING_YEAR
2012,Sidney,Fortis RNG,RNG,Res,Sidney|Fortis RNG|RNG|Res,MISSING_YEAR
2013,Sidney,Fortis RNG,RNG,Res,Sidney|Fortis RNG|RNG|Res,MISSING_YEAR
2014,Sidney,Fortis RNG,RNG,Res,Sidney|Fortis RNG|RNG|Res,MISSING_YEAR
2015,Sidney,Fortis RNG,RNG,Res,Sidney|Fortis RNG|RNG|Res,MISSING_YEAR
2016,Central Saanich,Fortis RNG,RNG,Res,Central Saanich|Fortis RNG|RNG|Res,MISSING_YEAR
2017,Central Saanich,Fortis RNG,RNG,Res,Central Saanich|Fortis RNG|RNG|Res,MISSING_YEAR
2018,Central Saanich,Fortis RNG,RNG,Res,Central Saanich|Fortis RNG|RNG|Res,MISSING_YEAR
2019,Central Saanich,Fortis RNG,RNG,Res,Central Saanich|Fortis RNG|RNG|Res,MISSING_YEAR
2020,Central Saanich,Fortis RNG,RNG,Res,Central Saanich|Fortis RNG|RNG|Res,MISSING_YEAR
2021,Central Saanich,Fortis RNG,RNG,Res,Central Saanich|Fortis RNG|RNG|Res,MISSING_YEAR
2007,Central Saanich,Fortis RNG,RNG,Res,Central Saanich|Fortis RNG|RNG|Res,MISSING_YEAR
2010,Central Saanich,Fortis RNG,RNG,Res,Central Saanich|Fortis RNG|RNG|Res,MISSING_YEAR
2012,Central Saanich,Fortis RNG,RNG,Res,Central Saanich|Fortis RNG|RNG|Res,MISSING_YEAR
2013,Central Saanich,Fortis RNG,RNG,Res,Central Saanich|Fortis RNG|RNG|Res,MISSING_YEAR
2014,Central Saanich,Fortis RNG,RNG,Res,Central Saanich|Fortis RNG|RNG|Res,MISSING_YEAR
2015,Central Saanich,Fortis RNG,RNG,Res,Central Saanich|Fortis RNG|RNG|Res,MISSING_YEAR
2016,Saanich,Fortis RNG,RNG,Res,Saanich|Fortis RNG|RNG|Res,MISSING_YEAR
2017,Saanich,Fortis RNG,RNG,Res,Saanich|Fortis RNG|RNG|Res,MISSING_YEAR
2018,Saanich,Fortis RNG,RNG,Res,Saanich|Fortis RNG|RNG|Res,MISSING_YEAR
2019,Saanich,Fortis RNG,RNG,Res,Saanich|Fortis RNG|RNG|Res,MISSING_YEAR
2020,Saanich,Fortis RNG,RNG,Res,Saanich|Fortis RNG|RNG|Res,MISSING_YEAR
2021,Saanich,Fortis RNG,RNG,Res,Saanich|Fortis RNG|RNG|Res,MISSING_YEAR
2007,Saanich,Fortis RNG,RNG,Res,Saanich|Fortis RNG|RNG|Res,MISSING_YEAR
2010,Saanich,Fortis RNG,RNG,Res,Saanich|Fortis RNG|RNG|Res,MISSING_YEAR
2012,Saanich,Fortis RNG,RNG,Res,Saanich|Fortis RNG|RNG|Res,MISSING_YEAR
2013,Saanich,Fortis RNG,RNG,Res,Saanich|Fortis RNG|RNG|Res,MISSING_YEAR
2014,Saanich,Fortis RNG,RNG,Res,Saanich|Fortis RNG|RNG|Res,MISSING_YEAR
2015,Saanich,Fortis RNG,RNG,Res,Saanich|Fortis RNG|RNG|Res,MISSING_YEAR
2016,Oak Bay,Fortis RNG,RNG,Res,Oak Bay|Fortis RNG|RNG|Res,MISSING_YEAR
2017,Oak Bay,Fortis RNG,RNG,Res,Oak Bay|Fortis RNG|RNG|Res,MISSING_YEAR
2018,Oak Bay,Fortis RNG,RNG,Res,Oak Bay|Fortis RNG|RNG|Res,MISSING_YEAR
2019,Oak Bay,Fortis RNG,RNG,Res,Oak Bay|Fortis RNG|RNG|Res,MISSING_YEAR
2020,Oak Bay,Fortis RNG,RNG,Res,Oak Bay|Fortis RNG|RNG|Res,MISSING_YEAR
2021,Oak Bay,Fortis RNG,RNG,Res,Oak Bay|Fortis RNG|RNG|Res,MISSING_YEAR
2007,Oak Bay,Fortis RNG,RNG,Res,Oak Bay|Fortis RNG|RNG|Res,MISSING_YEAR
2010,Oak Bay,Fortis RNG,RNG,Res,Oak Bay|Fortis RNG|RNG|Res,MISSING_YEAR
2012,Oak Bay,Fortis RNG,RNG,Res,Oak Bay|Fortis RNG|RNG|Res,MISSING_YEAR
2013,Oak Bay,Fortis RNG,RNG,Res,Oak Bay|Fortis RNG|RNG|Res,MISSING_YEAR
2014,Oak Bay,Fortis RNG,RNG,Res,Oak Bay|Fortis RNG|RNG|Res,MISSING_YEAR
2015,Oak Bay,Fortis RNG,RNG,Res,Oak Bay|Fortis RNG|RNG|Res,MISSING_YEAR
2016,Victoria,Fortis RNG,RNG,Res,Victoria|Fortis RNG|RNG|Res,MISSING_YEAR
2017,Victoria,Fortis RNG,RNG,Res,Victoria|Fortis RNG|RNG|Res,MISSING_YEAR
2018,Victoria,Fortis RNG,RNG,Res,Victoria|Fortis RNG|RNG|Res,MISSING_YEAR
2019,Victoria,Fortis RNG,RNG,Res,Victoria|Fortis RNG|RNG|Res,MISSING_YEAR
2020,Victoria,Fortis RNG,RNG,Res,Victoria|Fortis RNG|RNG|Res,MISSING_YEAR
2021,Victoria,Fortis RNG,RNG,Res,Victoria|Fortis RNG|RNG|Res,MISSING_YEAR
2007,Victoria,Fortis RNG,RNG,Res,Victoria|Fortis RNG|RNG|Res,MISSING_YEAR
2010,Victoria,Fortis RNG,RNG,Res,Victoria|Fortis RNG|RNG|Res,MISSING_YEAR
2012,Victoria,Fortis RNG,RNG,Res,Victoria|Fortis RNG|RNG|Res,MISSING_YEAR
2013,Victoria,Fortis RNG,RNG,Res,Victoria|Fortis RNG|RNG|Res,MISSING_YEAR
2014,Victoria,Fortis RNG,RNG,Res,Victoria|Fortis RNG|RNG|Res,MISSING_YEAR
2015,Victoria,Fortis RNG,RNG,Res,Victoria|Fortis RNG|RNG|Res,MISSING_YEAR
2016,Esquimalt,Fortis RNG,RNG,Res,Esquimalt|Fortis RNG|RNG|Res,MISSING_YEAR
2017,Esquimalt,Fortis RNG,RNG,Res,Esquimalt|Fortis RNG|RNG|Res,MISSING_YEAR
2018,Esquimalt,Fortis RNG,RNG,Res,Esquimalt|Fortis RNG|RNG|Res,MISSING_YEAR
2019,Esquimalt,Fortis RNG,RNG,Res,Esquimalt|Fortis RNG|RNG|Res,MISSING_YEAR
2020,Esquimalt,Fortis RNG,RNG,Res,Esquimalt|Fortis RNG|RNG|Res,MISSING_YEAR
2021,Esquimalt,Fortis RNG,RNG,Res,Esquimalt|Fortis RNG|RNG|Res,MISSING_YEAR
2007,Esquimalt,Fortis RNG,RNG,Res,Esquimalt|Fortis RNG|RNG|Res,MISSING_YEAR
2010,Esquimalt,Fortis RNG,RNG,Res,Esquimalt|Fortis RNG|RNG|Res,MISSING_YEAR
2012,Esquimalt,Fortis RNG,RNG,Res,Esquimalt|Fortis RNG|RNG|Res,MISSING_YEAR
2013,Esquimalt,Fortis RNG,RNG,Res,Esquimalt|Fortis RNG|RNG|Res,MISSING_YEAR
2014,Esquimalt,Fortis RNG,RNG,Res,Esquimalt|Fortis RNG|RNG|Res,MISSING_YEAR
2015,Esquimalt,Fortis RNG,RNG,Res,Esquimalt|Fortis RNG|RNG|Res,MISSING_YEAR
2016,Colwood,Fortis RNG,RNG,Res,Colwood|Fortis RNG|RNG|Res,MISSING_YEAR
2017,Colwood,Fortis RNG,RNG,Res,Colwood|Fortis RNG|RNG|Res,MISSING_YEAR
2018,Colwood,Fortis RNG,RNG,Res,Colwood|Fortis RNG|RNG|Res,MISSING_YEAR
2019,Colwood,Fortis RNG,RNG,Res,Colwood|Fortis RNG|RNG|Res,MISSING_YEAR
2020,Colwood,Fortis RNG,RNG,Res,Colwood|Fortis RNG|RNG|Res,MISSING_YEAR
2021,Colwood,Fortis RNG,RNG,Res,Colwood|Fortis RNG|RNG|Res,MISSING_YEAR
2007,Colwood,Fortis RNG,RNG,Res,Colwood|Fortis RNG|RNG|Res,MISSING_YEAR
2010,Colwood,Fortis RNG,RNG,Res,Colwood|Fortis RNG|RNG|Res,MISSING_YEAR
2012,Colwood,Fortis RNG,RNG,Res,Colwood|Fortis RNG|RNG|Res,MISSING_YEAR
2013,Colwood,Fortis RNG,RNG,Res,Colwood|Fortis RNG|RNG|Res,MISSING_YEAR
2014,Colwood,Fortis RNG,RNG,Res,Colwood|Fortis RNG|RNG|Res,MISSING_YEAR
2015,Colwood,Fortis RNG,RNG,Res,Colwood|Fortis RNG|RNG|Res,MISSING_YEAR
2016,Metchosin,Fortis RNG,RNG,Res,Metchosin|Fortis RNG|RNG|Res,MISSING_YEAR
2017,Metchosin,Fortis RNG,RNG,Res,Metchosin|Fortis RNG|RNG|Res,MISSING_YEAR
2018,Metchosin,Fortis RNG,RNG,Res,Metchosin|Fortis RNG|RNG|Res,MISSING_YEAR
2019,Metchosin,Fortis RNG,RNG,Res,Metchosin|Fortis RNG|RNG|Res,MISSING_YEAR
2020,Metchosin,Fortis RNG,RNG,Res,Metchosin|Fortis RNG|RNG|Res,MISSING_YEAR
2021,Metchosin,Fortis RNG,RNG,Res,Metchosin|Fortis RNG|RNG|Res,MISSING_YEAR
2007,Metchosin,Fortis RNG,RNG,Res,Metchosin|Fortis RNG|RNG|Res,MISSING_YEAR
2010,Metchosin,Fortis RNG,RNG,Res,Metchosin|Fortis RNG|RNG|Res,MISSING_YEAR
2012,Metchosin,Fortis RNG,RNG,Res,Metchosin|Fortis RNG|RNG|Res,MISSING_YEAR
2013,Metchosin,Fortis RNG,RNG,Res,Metchosin|Fortis RNG|RNG|Res,MISSING_YEAR
2014,Metchosin,Fortis RNG,RNG,Res,Metchosin|Fortis RNG|RNG|Res,MISSING_YEAR
2015,Metchosin,Fortis RNG,RNG,Res,Metchosin|Fortis RNG|RNG|Res,MISSING_YEAR
2016,Langford,Fortis RNG,RNG,Res,Langford|Fortis RNG|RNG|Res,MISSING_YEAR
2017,Langford,Fortis RNG,RNG,Res,Langford|Fortis RNG|RNG|Res,MISSING_YEAR
2018,Langford,Fortis RNG,RNG,Res,Langford|Fortis RNG|RNG|Res,MISSING_YEAR
2019,Langford,Fortis RNG,RNG,Res,Langford|Fortis RNG|RNG|Res,MISSING_YEAR
2020,Langford,Fortis RNG,RNG,Res,Langford|Fortis RNG|RNG|Res,MISSING_YEAR
2021,Langford,Fortis RNG,RNG,Res,Langford|Fortis RNG|RNG|Res,MISSING_YEAR
2007,Langford,Fortis RNG,RNG,Res,Langford|Fortis RNG|RNG|Res,MISSING_YEAR
2010,Langford,Fortis RNG,RNG,Res,Langford|Fortis RNG|RNG|Res,MISSING_YEAR
2012,Langford,Fortis RNG,RNG,Res,Langford|Fortis RNG|RNG|Res,MISSING_YEAR
2013,Langford,Fortis RNG,RNG,Res,Langford|Fortis RNG|RNG|Res,MISSING_YEAR
2014,Langford,Fortis RNG,RNG,Res,Langford|Fortis RNG|RNG|Res,MISSING_YEAR
2015,Langford,Fortis RNG,RNG,Res,Langford|Fortis RNG|RNG|Res,MISSING_YEAR
2016,View Royal,Fortis RNG,RNG,Res,View Royal|Fortis RNG|RNG|Res,MISSING_YEAR
2017,View Royal,Fortis RNG,RNG,Res,View Royal|Fortis RNG|RNG|Res,MISSING_YEAR
2018,View Royal,Fortis RNG,RNG,Res,View Royal|Fortis RNG|RNG|Res,MISSING_YEAR
2019,View Royal,Fortis RNG,RNG,Res,View Royal|Fortis RNG|RNG|Res,MISSING_YEAR
2020,View Royal,Fortis RNG,RNG,Res,View Royal|Fortis RNG|RNG|Res,MISSING_YEAR
2021,View Royal,Fortis RNG,RNG,Res,View Royal|Fortis RNG|RNG|Res,MISSING_YEAR
2007,View Royal,Fortis RNG,RNG,Res,View Royal|Fortis RNG|RNG|Res,MISSING_YEAR
2010,View Royal,Fortis RNG,RNG,Res,View Royal|Fortis RNG|RNG|Res,MISSING_YEAR
2012,View Royal,Fortis RNG,RNG,Res,View Royal|Fortis RNG|RNG|Res,MISSING_YEAR
2013,View Royal,Fortis RNG,RNG,Res,View Royal|Fortis RNG|RNG|Res,MISSING_YEAR
2014,View Royal,Fortis RNG,RNG,Res,View Royal|Fortis RNG|RNG|Res,MISSING_YEAR
2015,View Royal,Fortis RNG,RNG,Res,View Royal|Fortis RNG|RNG|Res,MISSING_YEAR
2016,Highlands,Fortis RNG,RNG,Res,Highlands|Fortis RNG|RNG|Res,MISSING_YEAR
2017,Highlands,Fortis RNG,RNG,Res,Highlands|Fortis RNG|RNG|Res,MISSING_YEAR
2018,Highlands,Fortis RNG,RNG,Res,Highlands|Fortis RNG|RNG|Res,MISSING_YEAR
2019,Highlands,Fortis RNG,RNG,Res,Highlands|Fortis RNG|RNG|Res,MISSING_YEAR
2020,Highlands,Fortis RNG,RNG,Res,Highlands|Fortis RNG|RNG|Res,MISSING_YEAR
2021,Highlands,Fortis RNG,RNG,Res,Highlands|Fortis RNG|RNG|Res,MISSING_YEAR
2007,Highlands,Fortis RNG,RNG,Res,Highlands|Fortis RNG|RNG|Res,MISSING_YEAR
2010,Highlands,Fortis RNG,RNG,Res,Highlands|Fortis RNG|RNG|Res,MISSING_YEAR
2012,Highlands,Fortis RNG,RNG,Res,Highlands|Fortis RNG|RNG|Res,MISSING_YEAR
2013,Highlands,Fortis RNG,RNG,Res,Highlands|Fortis RNG|RNG|Res,MISSING_YEAR
2014,Highlands,Fortis RNG,RNG,Res,Highlands|Fortis RNG|RNG|Res,MISSING_YEAR
2015,Highlands,Fortis RNG,RNG,Res,Highlands|Fortis RNG|RNG|Res,MISSING_YEAR
2016,Sooke,Fortis RNG,RNG,Res,Sooke|Fortis RNG|RNG|Res,MISSING_YEAR
2017,Sooke,Fortis RNG,RNG,Res,Sooke|Fortis RNG|RNG|Res,MISSING_YEAR
2018,Sooke,Fortis RNG,RNG,Res,Sooke|Fortis RNG|RNG|Res,MISSING_YEAR
2019,Sooke,Fortis RNG,RNG,Res,Sooke|Fortis RNG|RNG|Res,MISSING_YEAR
2020,Sooke,Fortis RNG,RNG,Res,Sooke|Fortis RNG|RNG|Res,MISSING_YEAR
2021,Sooke,Fortis RNG,RNG,Res,Sooke|Fortis RNG|RNG|Res,MISSING_YEAR
2007,Sooke,Fortis RNG,RNG,Res,Sooke|Fortis RNG|RNG|Res,MISSING_YEAR
2010,Sooke,Fortis RNG,RNG,Res,Sooke|Fortis RNG|RNG|Res,MISSING_YEAR
2012,Sooke,Fortis RNG,RNG,Res,Sooke|Fortis RNG|RNG|Res,MISSING_YEAR
2013,Sooke,Fortis RNG,RNG,Res,Sooke|Fortis RNG|RNG|Res,MISSING_YEAR
2014,Sooke,Fortis RNG,RNG,Res,Sooke|Fortis RNG|RNG|Res,MISSING_YEAR
2015,Sooke,Fortis RNG,RNG,Res,Sooke|Fortis RNG|RNG|Res,MISSING_YEAR
2016,North Cowichan,Fortis RNG,RNG,Res,North Cowichan|Fortis RNG|RNG|Res,MISSING_YEAR
2017,North Cowichan,Fortis RNG,RNG,Res,North Cowichan|Fortis RNG|RNG|Res,MISSING_YEAR
2018,North Cowichan,Fortis RNG,RNG,Res,North Cowichan|Fortis RNG|RNG|Res,MISSING_YEAR
2019,North Cowichan,Fortis RNG,RNG,Res,North Cowichan|Fortis RNG|RNG|Res,MISSING_YEAR
2020,North Cowichan,Fortis RNG,RNG,Res,North Cowichan|Fortis RNG|RNG|Res,MISSING_YEAR
2021,North Cowichan,Fortis RNG,RNG,Res,North Cowichan|Fortis RNG|RNG|Res,MISSING_YEAR
2007,North Cowichan,Fortis RNG,RNG,Res,North Cowichan|Fortis RNG|RNG|Res,MISSING_YEAR
2010,North Cowichan,Fortis RNG,RNG,Res,North Cowichan|Fortis RNG|RNG|Res,MISSING_YEAR
2012,North Cowichan,Fortis RNG,RNG,Res,North Cowichan|Fortis RNG|RNG|Res,MISSING_YEAR
2013,North Cowichan,Fortis RNG,RNG,Res,North Cowichan|Fortis RNG|RNG|Res,MISSING_YEAR
2014,North Cowichan,Fortis RNG,RNG,Res,North Cowichan|Fortis RNG|RNG|Res,MISSING_YEAR
2015,North Cowichan,Fortis RNG,RNG,Res,North Cowichan|Fortis RNG|RNG|Res,MISSING_YEAR
2016,Duncan,Fortis RNG,RNG,Res,Duncan|Fortis RNG|RNG|Res,MISSING_YEAR
2017,Duncan,Fortis RNG,RNG,Res,Duncan|Fortis RNG|RNG|Res,MISSING_YEAR
2018,Duncan,Fortis RNG,RNG,Res,Duncan|Fortis RNG|RNG|Res,MISSING_YEAR
2019,Duncan,Fortis RNG,RNG,Res,Duncan|Fortis RNG|RNG|Res,MISSING_YEAR
2020,Duncan,Fortis RNG,RNG,Res,Duncan|Fortis RNG|RNG|Res,MISSING_YEAR
2021,Duncan,Fortis RNG,RNG,Res,Duncan|Fortis RNG|RNG|Res,MISSING_YEAR
2007,Duncan,Fortis RNG,RNG,Res,Duncan|Fortis RNG|RNG|Res,MISSING_YEAR
2010,Duncan,Fortis RNG,RNG,Res,Duncan|Fortis RNG|RNG|Res,MISSING_YEAR
2012,Duncan,Fortis RNG,RNG,Res,Duncan|Fortis RNG|RNG|Res,MISSING_YEAR
2013,Duncan,Fortis RNG,RNG,Res,Duncan|Fortis RNG|RNG|Res,MISSING_YEAR
2014,Duncan,Fortis RNG,RNG,Res,Duncan|Fortis RNG|RNG|Res,MISSING_YEAR
2015,Duncan,Fortis RNG,RNG,Res,Duncan|Fortis RNG|RNG|Res,MISSING_YEAR
2016,Lake Cowichan,Fortis RNG,RNG,Res,Lake Cowichan|Fortis RNG|RNG|Res,MISSING_YEAR
2017,Lake Cowichan,Fortis RNG,RNG,Res,Lake Cowichan|Fortis RNG|RNG|Res,MISSING_YEAR
2018,Lake Cowichan,Fortis RNG,RNG,Res,Lake Cowichan|Fortis RNG|RNG|Res,MISSING_YEAR
2019,Lake Cowichan,Fortis RNG,RNG,Res,Lake Cowichan|Fortis RNG|RNG|Res,MISSING_YEAR
2020,Lake Cowichan,Fortis RNG,RNG,Res,Lake Cowichan|Fortis RNG|RNG|Res,MISSING_YEAR
2021,Lake Cowichan,Fortis RNG,RNG,Res,Lake Cowichan|Fortis RNG|RNG|Res,MISSING_YEAR
2007,Lake Cowichan,Fortis RNG,RNG,Res,Lake Cowichan|Fortis RNG|RNG|Res,MISSING_YEAR
2010,Lake Cowichan,Fortis RNG,RNG,Res,Lake Cowichan|Fortis RNG|RNG|Res,MISSING_YEAR
2012,Lake Cowichan,Fortis RNG,RNG,Res,Lake Cowichan|Fortis RNG|RNG|Res,MISSING_YEAR
2013,Lake Cowichan,Fortis RNG,RNG,Res,Lake Cowichan|Fortis RNG|RNG|Res,MISSING_YEAR
2014,Lake Cowichan,Fortis RNG,RNG,Res,Lake Cowichan|Fortis RNG|RNG|Res,MISSING_YEAR
2015,Lake Cowichan,Fortis RNG,RNG,Res,Lake Cowichan|Fortis RNG|RNG|Res,MISSING_YEAR
2016,Ladysmith,Fortis RNG,RNG,Res,Ladysmith|Fortis RNG|RNG|Res,MISSING_YEAR
2017,Ladysmith,Fortis RNG,RNG,Res,Ladysmith|Fortis RNG|RNG|Res,MISSING_YEAR
2018,Ladysmith,Fortis RNG,RNG,Res,Ladysmith|Fortis RNG|RNG|Res,MISSING_YEAR
2019,Ladysmith,Fortis RNG,RNG,Res,Ladysmith|Fortis RNG|RNG|Res,MISSING_YEAR
2020,Ladysmith,Fortis RNG,RNG,Res,Ladysmith|Fortis RNG|RNG|Res,MISSING_YEAR
2021,Ladysmith,Fortis RNG,RNG,Res,Ladysmith|Fortis RNG|RNG|Res,MISSING_YEAR
2007,Ladysmith,Fortis RNG,RNG,Res,Ladysmith|Fortis RNG|RNG|Res,MISSING_YEAR
2010,Ladysmith,Fortis RNG,RNG,Res,Ladysmith|Fortis RNG|RNG|Res,MISSING_YEAR
2012,Ladysmith,Fortis RNG,RNG,Res,Ladysmith|Fortis RNG|RNG|Res,MISSING_YEAR
2013,Ladysmith,Fortis RNG,RNG,Res,Ladysmith|Fortis RNG|RNG|Res,MISSING_YEAR
2014,Ladysmith,Fortis RNG,RNG,Res,Ladysmith|Fortis RNG|RNG|Res,MISSING_YEAR
2015,Ladysmith,Fortis RNG,RNG,Res,Ladysmith|Fortis RNG|RNG|Res,MISSING_YEAR
2016,Nanaimo,Fortis RNG,RNG,Res,Nanaimo|Fortis RNG|RNG|Res,MISSING_YEAR
2017,Nanaimo,Fortis RNG,RNG,Res,Nanaimo|Fortis RNG|RNG|Res,MISSING_YEAR
2018,Nanaimo,Fortis RNG,RNG,Res,Nanaimo|Fortis RNG|RNG|Res,MISSING_YEAR
2019,Nanaimo,Fortis RNG,RNG,Res,Nanaimo|Fortis RNG|RNG|Res,MISSING_YEAR
2020,Nanaimo,Fortis RNG,RNG,Res,Nanaimo|Fortis RNG|RNG|Res,MISSING_YEAR
2021,Nanaimo,Fortis RNG,RNG,Res,Nanaimo|Fortis RNG|RNG|Res,MISSING_YEAR
2007,Nanaimo,Fortis RNG,RNG,Res,Nanaimo|Fortis RNG|RNG|Res,MISSING_YEAR
2010,Nanaimo,Fortis RNG,RNG,Res,Nanaimo|Fortis RNG|RNG|Res,MISSING_YEAR
2012,Nanaimo,Fortis RNG,RNG,Res,Nanaimo|Fortis RNG|RNG|Res,MISSING_YEAR
2013,Nanaimo,Fortis RNG,RNG,Res,Nanaimo|Fortis RNG|RNG|Res,MISSING_YEAR
2014,Nanaimo,Fortis RNG,RNG,Res,Nanaimo|Fortis RNG|RNG|Res,MISSING_YEAR
2015,Nanaimo,Fortis RNG,RNG,Res,Nanaimo|Fortis RNG|RNG|Res,MISSING_YEAR
2016,Lantzville,Fortis RNG,RNG,Res,Lantzville|Fortis RNG|RNG|Res,MISSING_YEAR
2017,Lantzville,Fortis RNG,RNG,Res,Lantzville|Fortis RNG|RNG|Res,MISSING_YEAR
2018,Lantzville,Fortis RNG,RNG,Res,Lantzville|Fortis RNG|RNG|Res,MISSING_YEAR
2019,Lantzville,Fortis RNG,RNG,Res,Lantzville|Fortis RNG|RNG|Res,MISSING_YEAR
2020,Lantzville,Fortis RNG,RNG,Res,Lantzville|Fortis RNG|RNG|Res,MISSING_YEAR
2021,Lantzville,Fortis RNG,RNG,Res,Lantzville|Fortis RNG|RNG|Res,MISSING_YEAR
2007,Lantzville,Fortis RNG,RNG,Res,Lantzville|Fortis RNG|RNG|Res,MISSING_YEAR
2010,Lantzville,Fortis RNG,RNG,Res,Lantzville|Fortis RNG|RNG|Res,MISSING_YEAR
2012,Lantzville,Fortis RNG,RNG,Res,Lantzville|Fortis RNG|RNG|Res,MISSING_YEAR
2013,Lantzville,Fortis RNG,RNG,Res,Lantzville|Fortis RNG|RNG|Res,MISSING_YEAR
2014,Lantzville,Fortis RNG,RNG,Res,Lantzville|Fortis RNG|RNG|Res,MISSING_YEAR
2015,Lantzville,Fortis RNG,RNG,Res,Lantzville|Fortis RNG|RNG|Res,MISSING_YEAR
2016,Parksville,Fortis RNG,RNG,Res,Parksville|Fortis RNG|RNG|Res,MISSING_YEAR
2017,Parksville,Fortis RNG,RNG,Res,Parksville|Fortis RNG|RNG|Res,MISSING_YEAR
2018,Parksville,Fortis RNG,RNG,Res,Parksville|Fortis RNG|RNG|Res,MISSING_YEAR
2019,Parksville,Fortis RNG,RNG,Res,Parksville|Fortis RNG|RNG|Res,MISSING_YEAR
2020,Parksville,Fortis RNG,RNG,Res,Parksville|Fortis RNG|RNG|Res,MISSING_YEAR
2021,Parksville,Fortis RNG,RNG,Res,Parksville|Fortis RNG|RNG|Res,MISSING_YEAR
2007,Parksville,Fortis RNG,RNG,Res,Parksville|Fortis RNG|RNG|Res,MISSING_YEAR
2010,Parksville,Fortis RNG,RNG,Res,Parksville|Fortis RNG|RNG|Res,MISSING_YEAR
2012,Parksville,Fortis RNG,RNG,Res,Parksville|Fortis RNG|RNG|Res,MISSING_YEAR
2013,Parksville,Fortis RNG,RNG,Res,Parksville|Fortis RNG|RNG|Res,MISSING_YEAR
2014,Parksville,Fortis RNG,RNG,Res,Parksville|Fortis RNG|RNG|Res,MISSING_YEAR
2015,Parksville,Fortis RNG,RNG,Res,Parksville|Fortis RNG|RNG|Res,MISSING_YEAR
2016,Qualicum Beach,Fortis RNG,RNG,Res,Qualicum Beach|Fortis RNG|RNG|Res,MISSING_YEAR
2017,Qualicum Beach,Fortis RNG,RNG,Res,Qualicum Beach|Fortis RNG|RNG|Res,MISSING_YEAR
2018,Qualicum Beach,Fortis RNG,RNG,Res,Qualicum Beach|Fortis RNG|RNG|Res,MISSING_YEAR
2019,Qualicum Beach,Fortis RNG,RNG,Res,Qualicum Beach|Fortis RNG|RNG|Res,MISSING_YEAR
2020,Qualicum Beach,Fortis RNG,RNG,Res,Qualicum Beach|Fortis RNG|RNG|Res,MISSING_YEAR
2021,Qualicum Beach,Fortis RNG,RNG,Res,Qualicum Beach|Fortis RNG|RNG|Res,MISSING_YEAR
2007,Qualicum Beach,Fortis RNG,RNG,Res,Qualicum Beach|Fortis RNG|RNG|Res,MISSING_YEAR
2010,Qualicum Beach,Fortis RNG,RNG,Res,Qualicum Beach|Fortis RNG|RNG|Res,MISSING_YEAR
2012,Qualicum Beach,Fortis RNG,RNG,Res,Qualicum Beach|Fortis RNG|RNG|Res,MISSING_YEAR
2013,Qualicum Beach,Fortis RNG,RNG,Res,Qualicum Beach|Fortis RNG|RNG|Res,MISSING_YEAR
2014,Qualicum Beach,Fortis RNG,RNG,Res,Qualicum Beach|Fortis RNG|RNG|Res,MISSING_YEAR
2015,Qualicum Beach,Fortis RNG,RNG,Res,Qualicum Beach|Fortis RNG|RNG|Res,MISSING_YEAR
2016,Port Alberni,Fortis RNG,RNG,Res,Port Alberni|Fortis RNG|RNG|Res,MISSING_YEAR
2017,Port Alberni,Fortis RNG,RNG,Res,Port Alberni|Fortis RNG|RNG|Res,MISSING_YEAR
2018,Port Alberni,Fortis RNG,RNG,Res,Port Alberni|Fortis RNG|RNG|Res,MISSING_YEAR
2019,Port Alberni,Fortis RNG,RNG,Res,Port Alberni|Fortis RNG|RNG|Res,MISSING_YEAR
2020,Port Alberni,Fortis RNG,RNG,Res,Port Alberni|Fortis RNG|RNG|Res,MISSING_YEAR
2021,Port Alberni,Fortis RNG,RNG,Res,Port Alberni|Fortis RNG|RNG|Res,MISSING_YEAR
2007,Port Alberni,Fortis RNG,RNG,Res,Port Alberni|Fortis RNG|RNG|Res,MISSING_YEAR
2010,Port Alberni,Fortis RNG,RNG,Res,Port Alberni|Fortis RNG|RNG|Res,MISSING_YEAR
2012,Port Alberni,Fortis RNG,RNG,Res,Port Alberni|Fortis RNG|RNG|Res,MISSING_YEAR
2013,Port Alberni,Fortis RNG,RNG,Res,Port Alberni|Fortis RNG|RNG|Res,MISSING_YEAR
2014,Port Alberni,Fortis RNG,RNG,Res,Port Alberni|Fortis RNG|RNG|Res,MISSING_YEAR
2015,Port Alberni,Fortis RNG,RNG,Res,Port Alberni|Fortis RNG|RNG|Res,MISSING_YEAR
2016,Ucluelet,Fortis RNG,RNG,Res,Ucluelet|Fortis RNG|RNG|Res,MISSING_YEAR
2017,Ucluelet,Fortis RNG,RNG,Res,Ucluelet|Fortis RNG|RNG|Res,MISSING_YEAR
2018,Ucluelet,Fortis RNG,RNG,Res,Ucluelet|Fortis RNG|RNG|Res,MISSING_YEAR
2019,Ucluelet,Fortis RNG,RNG,Res,Ucluelet|Fortis RNG|RNG|Res,MISSING_YEAR
2020,Ucluelet,Fortis RNG,RNG,Res,Ucluelet|Fortis RNG|RNG|Res,MISSING_YEAR
2021,Ucluelet,Fortis RNG,RNG,Res,Ucluelet|Fortis RNG|RNG|Res,MISSING_YEAR
2007,Ucluelet,Fortis RNG,RNG,Res,Ucluelet|Fortis RNG|RNG|Res,MISSING_YEAR
2010,Ucluelet,Fortis RNG,RNG,Res,Ucluelet|Fortis RNG|RNG|Res,MISSING_YEAR
2012,Ucluelet,Fortis RNG,RNG,Res,Ucluelet|Fortis RNG|RNG|Res,MISSING_YEAR
2013,Ucluelet,Fortis RNG,RNG,Res,Ucluelet|Fortis RNG|RNG|Res,MISSING_YEAR
2014,Ucluelet,Fortis RNG,RNG,Res,Ucluelet|Fortis RNG|RNG|Res,MISSING_YEAR
2015,Ucluelet,Fortis RNG,RNG,Res,Ucluelet|Fortis RNG|RNG|Res,MISSING_YEAR
2016,Tofino,Fortis RNG,RNG,Res,Tofino|Fortis RNG|RNG|Res,MISSING_YEAR
2017,Tofino,Fortis RNG,RNG,Res,Tofino|Fortis RNG|RNG|Res,MISSING_YEAR
2018,Tofino,Fortis RNG,RNG,Res,Tofino|Fortis RNG|RNG|Res,MISSING_YEAR
2019,Tofino,Fortis RNG,RNG,Res,Tofino|Fortis RNG|RNG|Res,MISSING_YEAR
2020,Tofino,Fortis RNG,RNG,Res,Tofino|Fortis RNG|RNG|Res,MISSING_YEAR
2021,Tofino,Fortis RNG,RNG,Res,Tofino|Fortis RNG|RNG|Res,MISSING_YEAR
2007,Tofino,Fortis RNG,RNG,Res,Tofino|Fortis RNG|RNG|Res,MISSING_YEAR
2010,Tofino,Fortis RNG,RNG,Res,Tofino|Fortis RNG|RNG|Res,MISSING_YEAR
2012,Tofino,Fortis RNG,RNG,Res,Tofino|Fortis RNG|RNG|Res,MISSING_YEAR
2013,Tofino,Fortis RNG,RNG,Res,Tofino|Fortis RNG|RNG|Res,MISSING_YEAR
2014,Tofino,Fortis RNG,RNG,Res,Tofino|Fortis RNG|RNG|Res,MISSING_YEAR
2015,Tofino,Fortis RNG,RNG,Res,Tofino|Fortis RNG|RNG|Res,MISSING_YEAR
2016,Gold River,Fortis RNG,RNG,Res,Gold River|Fortis RNG|RNG|Res,MISSING_YEAR
2017,Gold River,Fortis RNG,RNG,Res,Gold River|Fortis RNG|RNG|Res,MISSING_YEAR
2018,Gold River,Fortis RNG,RNG,Res,Gold River|Fortis RNG|RNG|Res,MISSING_YEAR
2019,Gold River,Fortis RNG,RNG,Res,Gold River|Fortis RNG|RNG|Res,MISSING_YEAR
2020,Gold River,Fortis RNG,RNG,Res,Gold River|Fortis RNG|RNG|Res,MISSING_YEAR
2021,Gold River,Fortis RNG,RNG,Res,Gold River|Fortis RNG|RNG|Res,MISSING_YEAR
2007,Gold River,Fortis RNG,RNG,Res,Gold River|Fortis RNG|RNG|Res,MISSING_YEAR
2010,Gold River,Fortis RNG,RNG,Res,Gold River|Fortis RNG|RNG|Res,MISSING_YEAR
2012,Gold River,Fortis RNG,RNG,Res,Gold River|Fortis RNG|RNG|Res,MISSING_YEAR
2013,Gold River,Fortis RNG,RNG,Res,Gold River|Fortis RNG|RNG|Res,MISSING_YEAR
2014,Gold River,Fortis RNG,RNG,Res,Gold River|Fortis RNG|RNG|Res,MISSING_YEAR
2015,Gold River,Fortis RNG,RNG,Res,Gold River|Fortis RNG|RNG|Res,MISSING_YEAR
2016,Zeballos,Fortis RNG,RNG,Res,Zeballos|Fortis RNG|RNG|Res,MISSING_YEAR
2017,Zeballos,Fortis RNG,RNG,Res,Zeballos|Fortis RNG|RNG|Res,MISSING_YEAR
2018,Zeballos,Fortis RNG,RNG,Res,Zeballos|Fortis RNG|RNG|Res,MISSING_YEAR
2019,Zeballos,Fortis RNG,RNG,Res,Zeballos|Fortis RNG|RNG|Res,MISSING_YEAR
2020,Zeballos,Fortis RNG,RNG,Res,Zeballos|Fortis RNG|RNG|Res,MISSING_YEAR
2021,Zeballos,Fortis RNG,RNG,Res,Zeballos|Fortis RNG|RNG|Res,MISSING_YEAR
2007,Zeballos,Fortis RNG,RNG,Res,Zeballos|Fortis RNG|RNG|Res,MISSING_YEAR
2010,Zeballos,Fortis RNG,RNG,Res,Zeballos|Fortis RNG|RNG|Res,MISSING_YEAR
2012,Zeballos,Fortis RNG,RNG,Res,Zeballos|Fortis RNG|RNG|Res,MISSING_YEAR
2013,Zeballos,Fortis RNG,RNG,Res,Zeballos|Fortis RNG|RNG|Res,MISSING_YEAR
2014,Zeballos,Fortis RNG,RNG,Res,Zeballos|Fortis RNG|RNG|Res,MISSING_YEAR
2015,Zeballos,Fortis RNG,RNG,Res,Zeballos|Fortis RNG|RNG|Res,MISSING_YEAR
2016,Tahsis,Fortis RNG,RNG,Res,Tahsis|Fortis RNG|RNG|Res,MISSING_YEAR
2017,Tahsis,Fortis RNG,RNG,Res,Tahsis|Fortis RNG|RNG|Res,MISSING_YEAR
2018,Tahsis,Fortis RNG,RNG,Res,Tahsis|Fortis RNG|RNG|Res,MISSING_YEAR
2019,Tahsis,Fortis RNG,RNG,Res,Tahsis|Fortis RNG|RNG|Res,MISSING_YEAR
2020,Tahsis,Fortis RNG,RNG,Res,Tahsis|Fortis RNG|RNG|Res,MISSING_YEAR
2021,Tahsis,Fortis RNG,RNG,Res,Tahsis|Fortis RNG|RNG|Res,MISSING_YEAR
2007,Tahsis,Fortis RNG,RNG,Res,Tahsis|Fortis RNG|RNG|Res,MISSING_YEAR
2010,Tahsis,Fortis RNG,RNG,Res,Tahsis|Fortis RNG|RNG|Res,MISSING_YEAR
2012,Tahsis,Fortis RNG,RNG,Res,Tahsis|Fortis RNG|RNG|Res,MISSING_YEAR
2013,Tahsis,Fortis RNG,RNG,Res,Tahsis|Fortis RNG|RNG|Res,MISSING_YEAR
2014,Tahsis,Fortis RNG,RNG,Res,Tahsis|Fortis RNG|RNG|Res,MISSING_YEAR
2015,Tahsis,Fortis RNG,RNG,Res,Tahsis|Fortis RNG|RNG|Res,MISSING_YEAR
2016,Campbell River,Fortis RNG,RNG,Res,Campbell River|Fortis RNG|RNG|Res,MISSING_YEAR
2017,Campbell River,Fortis RNG,RNG,Res,Campbell River|Fortis RNG|RNG|Res,MISSING_YEAR
2018,Campbell River,Fortis RNG,RNG,Res,Campbell River|Fortis RNG|RNG|Res,MISSING_YEAR
2019,Campbell River,Fortis RNG,RNG,Res,Campbell River|Fortis RNG|RNG|Res,MISSING_YEAR
2020,Campbell River,Fortis RNG,RNG,Res,Campbell River|Fortis RNG|RNG|Res,MISSING_YEAR
2021,Campbell River,Fortis RNG,RNG,Res,Campbell River|Fortis RNG|RNG|Res,MISSING_YEAR
2007,Campbell River,Fortis RNG,RNG,Res,Campbell River|Fortis RNG|RNG|Res,MISSING_YEAR
2010,Campbell River,Fortis RNG,RNG,Res,Campbell River|Fortis RNG|RNG|Res,MISSING_YEAR
2012,Campbell River,Fortis RNG,RNG,Res,Campbell River|Fortis RNG|RNG|Res,MISSING_YEAR
2013,Campbell River,Fortis RNG,RNG,Res,Campbell River|Fortis RNG|RNG|Res,MISSING_YEAR
2014,Campbell River,Fortis RNG,RNG,Res,Campbell River|Fortis RNG|RNG|Res,MISSING_YEAR
2015,Campbell River,Fortis RNG,RNG,Res,Campbell River|Fortis RNG|RNG|Res,MISSING_YEAR
2016,Sayward,Fortis RNG,RNG,Res,Sayward|Fortis RNG|RNG|Res,MISSING_YEAR
2017,Sayward,Fortis RNG,RNG,Res,Sayward|Fortis RNG|RNG|Res,MISSING_YEAR
2018,Sayward,Fortis RNG,RNG,Res,Sayward|Fortis RNG|RNG|Res,MISSING_YEAR
2019,Sayward,Fortis RNG,RNG,Res,Sayward|Fortis RNG|RNG|Res,MISSING_YEAR
2020,Sayward,Fortis RNG,RNG,Res,Sayward|Fortis RNG|RNG|Res,MISSING_YEAR
2021,Sayward,Fortis RNG,RNG,Res,Sayward|Fortis RNG|RNG|Res,MISSING_YEAR
2007,Sayward,Fortis RNG,RNG,Res,Sayward|Fortis RNG|RNG|Res,MISSING_YEAR
2010,Sayward,Fortis RNG,RNG,Res,Sayward|Fortis RNG|RNG|Res,MISSING_YEAR
2012,Sayward,Fortis RNG,RNG,Res,Sayward|Fortis RNG|RNG|Res,MISSING_YEAR
2013,Sayward,Fortis RNG,RNG,Res,Sayward|Fortis RNG|RNG|Res,MISSING_YEAR
2014,Sayward,Fortis RNG,RNG,Res,Sayward|Fortis RNG|RNG|Res,MISSING_YEAR
2015,Sayward,Fortis RNG,RNG,Res,Sayward|Fortis RNG|RNG|Res,MISSING_YEAR
2016,Comox,Fortis RNG,RNG,Res,Comox|Fortis RNG|RNG|Res,MISSING_YEAR
2017,Comox,Fortis RNG,RNG,Res,Comox|Fortis RNG|RNG|Res,MISSING_YEAR
2018,Comox,Fortis RNG,RNG,Res,Comox|Fortis RNG|RNG|Res,MISSING_YEAR
2019,Comox,Fortis RNG,RNG,Res,Comox|Fortis RNG|RNG|Res,MISSING_YEAR
2020,Comox,Fortis RNG,RNG,Res,Comox|Fortis RNG|RNG|Res,MISSING_YEAR
2021,Comox,Fortis RNG,RNG,Res,Comox|Fortis RNG|RNG|Res,MISSING_YEAR
2007,Comox,Fortis RNG,RNG,Res,Comox|Fortis RNG|RNG|Res,MISSING_YEAR
2010,Comox,Fortis RNG,RNG,Res,Comox|Fortis RNG|RNG|Res,MISSING_YEAR
2012,Comox,Fortis RNG,RNG,Res,Comox|Fortis RNG|RNG|Res,MISSING_YEAR
2013,Comox,Fortis RNG,RNG,Res,Comox|Fortis RNG|RNG|Res,MISSING_YEAR
2014,Comox,Fortis RNG,RNG,Res,Comox|Fortis RNG|RNG|Res,MISSING_YEAR
2015,Comox,Fortis RNG,RNG,Res,Comox|Fortis RNG|RNG|Res,MISSING_YEAR
2016,Courtenay,Fortis RNG,RNG,Res,Courtenay|Fortis RNG|RNG|Res,MISSING_YEAR
2017,Courtenay,Fortis RNG,RNG,Res,Courtenay|Fortis RNG|RNG|Res,MISSING_YEAR
2018,Courtenay,Fortis RNG,RNG,Res,Courtenay|Fortis RNG|RNG|Res,MISSING_YEAR
2019,Courtenay,Fortis RNG,RNG,Res,Courtenay|Fortis RNG|RNG|Res,MISSING_YEAR
2020,Courtenay,Fortis RNG,RNG,Res,Courtenay|Fortis RNG|RNG|Res,MISSING_YEAR
2021,Courtenay,Fortis RNG,RNG,Res,Courtenay|Fortis RNG|RNG|Res,MISSING_YEAR
2007,Courtenay,Fortis RNG,RNG,Res,Courtenay|Fortis RNG|RNG|Res,MISSING_YEAR
2010,Courtenay,Fortis RNG,RNG,Res,Courtenay|Fortis RNG|RNG|Res,MISSING_YEAR
2012,Courtenay,Fortis RNG,RNG,Res,Courtenay|Fortis RNG|RNG|Res,MISSING_YEAR
2013,Courtenay,Fortis RNG,RNG,Res,Courtenay|Fortis RNG|RNG|Res,MISSING_YEAR
2014,Courtenay,Fortis RNG,RNG,Res,Courtenay|Fortis RNG|RNG|Res,MISSING_YEAR
2015,Courtenay,Fortis RNG,RNG,Res,Courtenay|Fortis RNG|RNG|Res,MISSING_YEAR
2016,Cumberland,Fortis RNG,RNG,Res,Cumberland|Fortis RNG|RNG|Res,MISSING_YEAR
2017,Cumberland,Fortis RNG,RNG,Res,Cumberland|Fortis RNG|RNG|Res,MISSING_YEAR
2018,Cumberland,Fortis RNG,RNG,Res,Cumberland|Fortis RNG|RNG|Res,MISSING_YEAR
2019,Cumberland,Fortis RNG,RNG,Res,Cumberland|Fortis RNG|RNG|Res,MISSING_YEAR
2020,Cumberland,Fortis RNG,RNG,Res,Cumberland|Fortis RNG|RNG|Res,MISSING_YEAR
2021,Cumberland,Fortis RNG,RNG,Res,Cumberland|Fortis RNG|RNG|Res,MISSING_YEAR
2007,Cumberland,Fortis RNG,RNG,Res,Cumberland|Fortis RNG|RNG|Res,MISSING_YEAR
2010,Cumberland,Fortis RNG,RNG,Res,Cumberland|Fortis RNG|RNG|Res,MISSING_YEAR
2012,Cumberland,Fortis RNG,RNG,Res,Cumberland|Fortis RNG|RNG|Res,MISSING_YEAR
2013,Cumberland,Fortis RNG,RNG,Res,Cumberland|Fortis RNG|RNG|Res,MISSING_YEAR
2014,Cumberland,Fortis RNG,RNG,Res,Cumberland|Fortis RNG|RNG|Res,MISSING_YEAR
2015,Cumberland,Fortis RNG,RNG,Res,Cumberland|Fortis RNG|RNG|Res,MISSING_YEAR
2016,Gibsons,Fortis RNG,RNG,Res,Gibsons|Fortis RNG|RNG|Res,MISSING_YEAR
2017,Gibsons,Fortis RNG,RNG,Res,Gibsons|Fortis RNG|RNG|Res,MISSING_YEAR
2018,Gibsons,Fortis RNG,RNG,Res,Gibsons|Fortis RNG|RNG|Res,MISSING_YEAR
2019,Gibsons,Fortis RNG,RNG,Res,Gibsons|Fortis RNG|RNG|Res,MISSING_YEAR
2020,Gibsons,Fortis RNG,RNG,Res,Gibsons|Fortis RNG|RNG|Res,MISSING_YEAR
2021,Gibsons,Fortis RNG,RNG,Res,Gibsons|Fortis RNG|RNG|Res,MISSING_YEAR
2007,Gibsons,Fortis RNG,RNG,Res,Gibsons|Fortis RNG|RNG|Res,MISSING_YEAR
2010,Gibsons,Fortis RNG,RNG,Res,Gibsons|Fortis RNG|RNG|Res,MISSING_YEAR
2012,Gibsons,Fortis RNG,RNG,Res,Gibsons|Fortis RNG|RNG|Res,MISSING_YEAR
2013,Gibsons,Fortis RNG,RNG,Res,Gibsons|Fortis RNG|RNG|Res,MISSING_YEAR
2014,Gibsons,Fortis RNG,RNG,Res,Gibsons|Fortis RNG|RNG|Res,MISSING_YEAR
2015,Gibsons,Fortis RNG,RNG,Res,Gibsons|Fortis RNG|RNG|Res,MISSING_YEAR
2016,Sechelt,Fortis RNG,RNG,Res,Sechelt|Fortis RNG|RNG|Res,MISSING_YEAR
2017,Sechelt,Fortis RNG,RNG,Res,Sechelt|Fortis RNG|RNG|Res,MISSING_YEAR
2018,Sechelt,Fortis RNG,RNG,Res,Sechelt|Fortis RNG|RNG|Res,MISSING_YEAR
2019,Sechelt,Fortis RNG,RNG,Res,Sechelt|Fortis RNG|RNG|Res,MISSING_YEAR
2020,Sechelt,Fortis RNG,RNG,Res,Sechelt|Fortis RNG|RNG|Res,MISSING_YEAR
2021,Sechelt,Fortis RNG,RNG,Res,Sechelt|Fortis RNG|RNG|Res,MISSING_YEAR
2007,Sechelt,Fortis RNG,RNG,Res,Sechelt|Fortis RNG|RNG|Res,MISSING_YEAR
2010,Sechelt,Fortis RNG,RNG,Res,Sechelt|Fortis RNG|RNG|Res,MISSING_YEAR
2012,Sechelt,Fortis RNG,RNG,Res,Sechelt|Fortis RNG|RNG|Res,MISSING_YEAR
2013,Sechelt,Fortis RNG,RNG,Res,Sechelt|Fortis RNG|RNG|Res,MISSING_YEAR
2014,Sechelt,Fortis RNG,RNG,Res,Sechelt|Fortis RNG|RNG|Res,MISSING_YEAR
2015,Sechelt,Fortis RNG,RNG,Res,Sechelt|Fortis RNG|RNG|Res,MISSING_YEAR
2016,Sechelt IGD,Fortis RNG,RNG,Res,Sechelt IGD|Fortis RNG|RNG|Res,MISSING_YEAR
2017,Sechelt IGD,Fortis RNG,RNG,Res,Sechelt IGD|Fortis RNG|RNG|Res,MISSING_YEAR
2018,Sechelt IGD,Fortis RNG,RNG,Res,Sechelt IGD|Fortis RNG|RNG|Res,MISSING_YEAR
2019,Sechelt IGD,Fortis RNG,RNG,Res,Sechelt IGD|Fortis RNG|RNG|Res,MISSING_YEAR
2020,Sechelt IGD,Fortis RNG,RNG,Res,Sechelt IGD|Fortis RNG|RNG|Res,MISSING_YEAR
2021,Sechelt IGD,Fortis RNG,RNG,Res,Sechelt IGD|Fortis RNG|RNG|Res,MISSING_YEAR
2007,Sechelt IGD,Fortis RNG,RNG,Res,Sechelt IGD|Fortis RNG|RNG|Res,MISSING_YEAR
2010,Sechelt IGD,Fortis RNG,RNG,Res,Sechelt IGD|Fortis RNG|RNG|Res,MISSING_YEAR
2012,Sechelt IGD,Fortis RNG,RNG,Res,Sechelt IGD|Fortis RNG|RNG|Res,MISSING_YEAR
2013,Sechelt IGD,Fortis RNG,RNG,Res,Sechelt IGD|Fortis RNG|RNG|Res,MISSING_YEAR
2014,Sechelt IGD,Fortis RNG,RNG,Res,Sechelt IGD|Fortis RNG|RNG|Res,MISSING_YEAR
2015,Sechelt IGD,Fortis RNG,RNG,Res,Sechelt IGD|Fortis RNG|RNG|Res,MISSING_YEAR
2016,Squamish,Fortis RNG,RNG,Res,Squamish|Fortis RNG|RNG|Res,MISSING_YEAR
2017,Squamish,Fortis RNG,RNG,Res,Squamish|Fortis RNG|RNG|Res,MISSING_YEAR
2018,Squamish,Fortis RNG,RNG,Res,Squamish|Fortis RNG|RNG|Res,MISSING_YEAR
2019,Squamish,Fortis RNG,RNG,Res,Squamish|Fortis RNG|RNG|Res,MISSING_YEAR
2020,Squamish,Fortis RNG,RNG,Res,Squamish|Fortis RNG|RNG|Res,MISSING_YEAR
2021,Squamish,Fortis RNG,RNG,Res,Squamish|Fortis RNG|RNG|Res,MISSING_YEAR
2007,Squamish,Fortis RNG,RNG,Res,Squamish|Fortis RNG|RNG|Res,MISSING_YEAR
2010,Squamish,Fortis RNG,RNG,Res,Squamish|Fortis RNG|RNG|Res,MISSING_YEAR
2012,Squamish,Fortis RNG,RNG,Res,Squamish|Fortis RNG|RNG|Res,MISSING_YEAR
2013,Squamish,Fortis RNG,RNG,Res,Squamish|Fortis RNG|RNG|Res,MISSING_YEAR
2014,Squamish,Fortis RNG,RNG,Res,Squamish|Fortis RNG|RNG|Res,MISSING_YEAR
2015,Squamish,Fortis RNG,RNG,Res,Squamish|Fortis RNG|RNG|Res,MISSING_YEAR
2016,Pemberton,Fortis RNG,RNG,Res,Pemberton|Fortis RNG|RNG|Res,MISSING_YEAR
2017,Pemberton,Fortis RNG,RNG,Res,Pemberton|Fortis RNG|RNG|Res,MISSING_YEAR
2018,Pemberton,Fortis RNG,RNG,Res,Pemberton|Fortis RNG|RNG|Res,MISSING_YEAR
2019,Pemberton,Fortis RNG,RNG,Res,Pemberton|Fortis RNG|RNG|Res,MISSING_YEAR
2020,Pemberton,Fortis RNG,RNG,Res,Pemberton|Fortis RNG|RNG|Res,MISSING_YEAR
2021,Pemberton,Fortis RNG,RNG,Res,Pemberton|Fortis RNG|RNG|Res,MISSING_YEAR
2007,Pemberton,Fortis RNG,RNG,Res,Pemberton|Fortis RNG|RNG|Res,MISSING_YEAR
2010,Pemberton,Fortis RNG,RNG,Res,Pemberton|Fortis RNG|RNG|Res,MISSING_YEAR
2012,Pemberton,Fortis RNG,RNG,Res,Pemberton|Fortis RNG|RNG|Res,MISSING_YEAR
2013,Pemberton,Fortis RNG,RNG,Res,Pemberton|Fortis RNG|RNG|Res,MISSING_YEAR
2014,Pemberton,Fortis RNG,RNG,Res,Pemberton|Fortis RNG|RNG|Res,MISSING_YEAR
2015,Pemberton,Fortis RNG,RNG,Res,Pemberton|Fortis RNG|RNG|Res,MISSING_YEAR
2016,Whistler,Fortis RNG,RNG,Res,Whistler|Fortis RNG|RNG|Res,MISSING_YEAR
2017,Whistler,Fortis RNG,RNG,Res,Whistler|Fortis RNG|RNG|Res,MISSING_YEAR
2018,Whistler,Fortis RNG,RNG,Res,Whistler|Fortis RNG|RNG|Res,MISSING_YEAR
2019,Whistler,Fortis RNG,RNG,Res,Whistler|Fortis RNG|RNG|Res,MISSING_YEAR
2020,Whistler,Fortis RNG,RNG,Res,Whistler|Fortis RNG|RNG|Res,MISSING_YEAR
2021,Whistler,Fortis RNG,RNG,Res,Whistler|Fortis RNG|RNG|Res,MISSING_YEAR
2007,Whistler,Fortis RNG,RNG,Res,Whistler|Fortis RNG|RNG|Res,MISSING_YEAR
2010,Whistler,Fortis RNG,RNG,Res,Whistler|Fortis RNG|RNG|Res,MISSING_YEAR
2012,Whistler,Fortis RNG,RNG,Res,Whistler|Fortis RNG|RNG|Res,MISSING_YEAR
2013,Whistler,Fortis RNG,RNG,Res,Whistler|Fortis RNG|RNG|Res,MISSING_YEAR
2014,Whistler,Fortis RNG,RNG,Res,Whistler|Fortis RNG|RNG|Res,MISSING_YEAR
2015,Whistler,Fortis RNG,RNG,Res,Whistler|Fortis RNG|RNG|Res,MISSING_YEAR
2016,Lillooet,Fortis RNG,RNG,Res,Lillooet|Fortis RNG|RNG|Res,MISSING_YEAR
2017,Lillooet,Fortis RNG,RNG,Res,Lillooet|Fortis RNG|RNG|Res,MISSING_YEAR
2018,Lillooet,Fortis RNG,RNG,Res,Lillooet|Fortis RNG|RNG|Res,MISSING_YEAR
2019,Lillooet,Fortis RNG,RNG,Res,Lillooet|Fortis RNG|RNG|Res,MISSING_YEAR
2020,Lillooet,Fortis RNG,RNG,Res,Lillooet|Fortis RNG|RNG|Res,MISSING_YEAR
2021,Lillooet,Fortis RNG,RNG,Res,Lillooet|Fortis RNG|RNG|Res,MISSING_YEAR
2007,Lillooet,Fortis RNG,RNG,Res,Lillooet|Fortis RNG|RNG|Res,MISSING_YEAR
2010,Lillooet,Fortis RNG,RNG,Res,Lillooet|Fortis RNG|RNG|Res,MISSING_YEAR
2012,Lillooet,Fortis RNG,RNG,Res,Lillooet|Fortis RNG|RNG|Res,MISSING_YEAR
2013,Lillooet,Fortis RNG,RNG,Res,Lillooet|Fortis RNG|RNG|Res,MISSING_YEAR
2014,Lillooet,Fortis RNG,RNG,Res,Lillooet|Fortis RNG|RNG|Res,MISSING_YEAR
2015,Lillooet,Fortis RNG,RNG,Res,Lillooet|Fortis RNG|RNG|Res,MISSING_YEAR
2016,Merritt,Fortis RNG,RNG,Res,Merritt|Fortis RNG|RNG|Res,MISSING_YEAR
2017,Merritt,Fortis RNG,RNG,Res,Merritt|Fortis RNG|RNG|Res,MISSING_YEAR
2018,Merritt,Fortis RNG,RNG,Res,Merritt|Fortis RNG|RNG|Res,MISSING_YEAR
2019,Merritt,Fortis RNG,RNG,Res,Merritt|Fortis RNG|RNG|Res,MISSING_YEAR
2020,Merritt,Fortis RNG,RNG,Res,Merritt|Fortis RNG|RNG|Res,MISSING_YEAR
2021,Merritt,Fortis RNG,RNG,Res,Merritt|Fortis RNG|RNG|Res,MISSING_YEAR
2007,Merritt,Fortis RNG,RNG,Res,Merritt|Fortis RNG|RNG|Res,MISSING_YEAR
2010,Merritt,Fortis RNG,RNG,Res,Merritt|Fortis RNG|RNG|Res,MISSING_YEAR
2012,Merritt,Fortis RNG,RNG,Res,Merritt|Fortis RNG|RNG|Res,MISSING_YEAR
2013,Merritt,Fortis RNG,RNG,Res,Merritt|Fortis RNG|RNG|Res,MISSING_YEAR
2014,Merritt,Fortis RNG,RNG,Res,Merritt|Fortis RNG|RNG|Res,MISSING_YEAR
2015,Merritt,Fortis RNG,RNG,Res,Merritt|Fortis RNG|RNG|Res,MISSING_YEAR
2016,Lytton,Fortis RNG,RNG,Res,Lytton|Fortis RNG|RNG|Res,MISSING_YEAR
2017,Lytton,Fortis RNG,RNG,Res,Lytton|Fortis RNG|RNG|Res,MISSING_YEAR
2018,Lytton,Fortis RNG,RNG,Res,Lytton|Fortis RNG|RNG|Res,MISSING_YEAR
2019,Lytton,Fortis RNG,RNG,Res,Lytton|Fortis RNG|RNG|Res,MISSING_YEAR
2020,Lytton,Fortis RNG,RNG,Res,Lytton|Fortis RNG|RNG|Res,MISSING_YEAR
2021,Lytton,Fortis RNG,RNG,Res,Lytton|Fortis RNG|RNG|Res,MISSING_YEAR
2007,Lytton,Fortis RNG,RNG,Res,Lytton|Fortis RNG|RNG|Res,MISSING_YEAR
2010,Lytton,Fortis RNG,RNG,Res,Lytton|Fortis RNG|RNG|Res,MISSING_YEAR
2012,Lytton,Fortis RNG,RNG,Res,Lytton|Fortis RNG|RNG|Res,MISSING_YEAR
2013,Lytton,Fortis RNG,RNG,Res,Lytton|Fortis RNG|RNG|Res,MISSING_YEAR
2014,Lytton,Fortis RNG,RNG,Res,Lytton|Fortis RNG|RNG|Res,MISSING_YEAR
2015,Lytton,Fortis RNG,RNG,Res,Lytton|Fortis RNG|RNG|Res,MISSING_YEAR
2016,Ashcroft,Fortis RNG,RNG,Res,Ashcroft|Fortis RNG|RNG|Res,MISSING_YEAR
2017,Ashcroft,Fortis RNG,RNG,Res,Ashcroft|Fortis RNG|RNG|Res,MISSING_YEAR
2018,Ashcroft,Fortis RNG,RNG,Res,Ashcroft|Fortis RNG|RNG|Res,MISSING_YEAR
2019,Ashcroft,Fortis RNG,RNG,Res,Ashcroft|Fortis RNG|RNG|Res,MISSING_YEAR
2020,Ashcroft,Fortis RNG,RNG,Res,Ashcroft|Fortis RNG|RNG|Res,MISSING_YEAR
2021,Ashcroft,Fortis RNG,RNG,Res,Ashcroft|Fortis RNG|RNG|Res,MISSING_YEAR
2007,Ashcroft,Fortis RNG,RNG,Res,Ashcroft|Fortis RNG|RNG|Res,MISSING_YEAR
2010,Ashcroft,Fortis RNG,RNG,Res,Ashcroft|Fortis RNG|RNG|Res,MISSING_YEAR
2012,Ashcroft,Fortis RNG,RNG,Res,Ashcroft|Fortis RNG|RNG|Res,MISSING_YEAR
2013,Ashcroft,Fortis RNG,RNG,Res,Ashcroft|Fortis RNG|RNG|Res,MISSING_YEAR
2014,Ashcroft,Fortis RNG,RNG,Res,Ashcroft|Fortis RNG|RNG|Res,MISSING_YEAR
2015,Ashcroft,Fortis RNG,RNG,Res,Ashcroft|Fortis RNG|RNG|Res,MISSING_YEAR
2016,Cache Creek,Fortis RNG,RNG,Res,Cache Creek|Fortis RNG|RNG|Res,MISSING_YEAR
2017,Cache Creek,Fortis RNG,RNG,Res,Cache Creek|Fortis RNG|RNG|Res,MISSING_YEAR
2018,Cache Creek,Fortis RNG,RNG,Res,Cache Creek|Fortis RNG|RNG|Res,MISSING_YEAR
2019,Cache Creek,Fortis RNG,RNG,Res,Cache Creek|Fortis RNG|RNG|Res,MISSING_YEAR
2020,Cache Creek,Fortis RNG,RNG,Res,Cache Creek|Fortis RNG|RNG|Res,MISSING_YEAR
2021,Cache Creek,Fortis RNG,RNG,Res,Cache Creek|Fortis RNG|RNG|Res,MISSING_YEAR
2007,Cache Creek,Fortis RNG,RNG,Res,Cache Creek|Fortis RNG|RNG|Res,MISSING_YEAR
2010,Cache Creek,Fortis RNG,RNG,Res,Cache Creek|Fortis RNG|RNG|Res,MISSING_YEAR
2012,Cache Creek,Fortis RNG,RNG,Res,Cache Creek|Fortis RNG|RNG|Res,MISSING_YEAR
2013,Cache Creek,Fortis RNG,RNG,Res,Cache Creek|Fortis RNG|RNG|Res,MISSING_YEAR
2014,Cache Creek,Fortis RNG,RNG,Res,Cache Creek|Fortis RNG|RNG|Res,MISSING_YEAR
2015,Cache Creek,Fortis RNG,RNG,Res,Cache Creek|Fortis RNG|RNG|Res,MISSING_YEAR
2016,Clinton,Fortis RNG,RNG,Res,Clinton|Fortis RNG|RNG|Res,MISSING_YEAR
2017,Clinton,Fortis RNG,RNG,Res,Clinton|Fortis RNG|RNG|Res,MISSING_YEAR
2018,Clinton,Fortis RNG,RNG,Res,Clinton|Fortis RNG|RNG|Res,MISSING_YEAR
2019,Clinton,Fortis RNG,RNG,Res,Clinton|Fortis RNG|RNG|Res,MISSING_YEAR
2020,Clinton,Fortis RNG,RNG,Res,Clinton|Fortis RNG|RNG|Res,MISSING_YEAR
2021,Clinton,Fortis RNG,RNG,Res,Clinton|Fortis RNG|RNG|Res,MISSING_YEAR
2007,Clinton,Fortis RNG,RNG,Res,Clinton|Fortis RNG|RNG|Res,MISSING_YEAR
2010,Clinton,Fortis RNG,RNG,Res,Clinton|Fortis RNG|RNG|Res,MISSING_YEAR
2012,Clinton,Fortis RNG,RNG,Res,Clinton|Fortis RNG|RNG|Res,MISSING_YEAR
2013,Clinton,Fortis RNG,RNG,Res,Clinton|Fortis RNG|RNG|Res,MISSING_YEAR
2014,Clinton,Fortis RNG,RNG,Res,Clinton|Fortis RNG|RNG|Res,MISSING_YEAR
2015,Clinton,Fortis RNG,RNG,Res,Clinton|Fortis RNG|RNG|Res,MISSING_YEAR
2016,Logan Lake,Fortis RNG,RNG,Res,Logan Lake|Fortis RNG|RNG|Res,MISSING_YEAR
2017,Logan Lake,Fortis RNG,RNG,Res,Logan Lake|Fortis RNG|RNG|Res,MISSING_YEAR
2018,Logan Lake,Fortis RNG,RNG,Res,Logan Lake|Fortis RNG|RNG|Res,MISSING_YEAR
2019,Logan Lake,Fortis RNG,RNG,Res,Logan Lake|Fortis RNG|RNG|Res,MISSING_YEAR
2020,Logan Lake,Fortis RNG,RNG,Res,Logan Lake|Fortis RNG|RNG|Res,MISSING_YEAR
2021,Logan Lake,Fortis RNG,RNG,Res,Logan Lake|Fortis RNG|RNG|Res,MISSING_YEAR
2007,Logan Lake,Fortis RNG,RNG,Res,Logan Lake|Fortis RNG|RNG|Res,MISSING_YEAR
2010,Logan Lake,Fortis RNG,RNG,Res,Logan Lake|Fortis RNG|RNG|Res,MISSING_YEAR
2012,Logan Lake,Fortis RNG,RNG,Res,Logan Lake|Fortis RNG|RNG|Res,MISSING_YEAR
2013,Logan Lake,Fortis RNG,RNG,Res,Logan Lake|Fortis RNG|RNG|Res,MISSING_YEAR
2014,Logan Lake,Fortis RNG,RNG,Res,Logan Lake|Fortis RNG|RNG|Res,MISSING_YEAR
2015,Logan Lake,Fortis RNG,RNG,Res,Logan Lake|Fortis RNG|RNG|Res,MISSING_YEAR
2016,Kamloops,Fortis RNG,RNG,Res,Kamloops|Fortis RNG|RNG|Res,MISSING_YEAR
2017,Kamloops,Fortis RNG,RNG,Res,Kamloops|Fortis RNG|RNG|Res,MISSING_YEAR
2018,Kamloops,Fortis RNG,RNG,Res,Kamloops|Fortis RNG|RNG|Res,MISSING_YEAR
2019,Kamloops,Fortis RNG,RNG,Res,Kamloops|Fortis RNG|RNG|Res,MISSING_YEAR
2020,Kamloops,Fortis RNG,RNG,Res,Kamloops|Fortis RNG|RNG|Res,MISSING_YEAR
2021,Kamloops,Fortis RNG,RNG,Res,Kamloops|Fortis RNG|RNG|Res,MISSING_YEAR
2007,Kamloops,Fortis RNG,RNG,Res,Kamloops|Fortis RNG|RNG|Res,MISSING_YEAR
2010,Kamloops,Fortis RNG,RNG,Res,Kamloops|Fortis RNG|RNG|Res,MISSING_YEAR
2012,Kamloops,Fortis RNG,RNG,Res,Kamloops|Fortis RNG|RNG|Res,MISSING_YEAR
2013,Kamloops,Fortis RNG,RNG,Res,Kamloops|Fortis RNG|RNG|Res,MISSING_YEAR
2014,Kamloops,Fortis RNG,RNG,Res,Kamloops|Fortis RNG|RNG|Res,MISSING_YEAR
2015,Kamloops,Fortis RNG,RNG,Res,Kamloops|Fortis RNG|RNG|Res,MISSING_YEAR
2016,Chase,Fortis RNG,RNG,Res,Chase|Fortis RNG|RNG|Res,MISSING_YEAR
2017,Chase,Fortis RNG,RNG,Res,Chase|Fortis RNG|RNG|Res,MISSING_YEAR
2018,Chase,Fortis RNG,RNG,Res,Chase|Fortis RNG|RNG|Res,MISSING_YEAR
2019,Chase,Fortis RNG,RNG,Res,Chase|Fortis RNG|RNG|Res,MISSING_YEAR
2020,Chase,Fortis RNG,RNG,Res,Chase|Fortis RNG|RNG|Res,MISSING_YEAR
2021,Chase,Fortis RNG,RNG,Res,Chase|Fortis RNG|RNG|Res,MISSING_YEAR
2007,Chase,Fortis RNG,RNG,Res,Chase|Fortis RNG|RNG|Res,MISSING_YEAR
2010,Chase,Fortis RNG,RNG,Res,Chase|Fortis RNG|RNG|Res,MISSING_YEAR
2012,Chase,Fortis RNG,RNG,Res,Chase|Fortis RNG|RNG|Res,MISSING_YEAR
2013,Chase,Fortis RNG,RNG,Res,Chase|Fortis RNG|RNG|Res,MISSING_YEAR
2014,Chase,Fortis RNG,RNG,Res,Chase|Fortis RNG|RNG|Res,MISSING_YEAR
2015,Chase,Fortis RNG,RNG,Res,Chase|Fortis RNG|RNG|Res,MISSING_YEAR
2016,Kelowna,Fortis RNG,RNG,Res,Kelowna|Fortis RNG|RNG|Res,MISSING_YEAR
2017,Kelowna,Fortis RNG,RNG,Res,Kelowna|Fortis RNG|RNG|Res,MISSING_YEAR
2018,Kelowna,Fortis RNG,RNG,Res,Kelowna|Fortis RNG|RNG|Res,MISSING_YEAR
2019,Kelowna,Fortis RNG,RNG,Res,Kelowna|Fortis RNG|RNG|Res,MISSING_YEAR
2020,Kelowna,Fortis RNG,RNG,Res,Kelowna|Fortis RNG|RNG|Res,MISSING_YEAR
2021,Kelowna,Fortis RNG,RNG,Res,Kelowna|Fortis RNG|RNG|Res,MISSING_YEAR
2007,Kelowna,Fortis RNG,RNG,Res,Kelowna|Fortis RNG|RNG|Res,MISSING_YEAR
2010,Kelowna,Fortis RNG,RNG,Res,Kelowna|Fortis RNG|RNG|Res,MISSING_YEAR
2012,Kelowna,Fortis RNG,RNG,Res,Kelowna|Fortis RNG|RNG|Res,MISSING_YEAR
2013,Kelowna,Fortis RNG,RNG,Res,Kelowna|Fortis RNG|RNG|Res,MISSING_YEAR
2014,Kelowna,Fortis RNG,RNG,Res,Kelowna|Fortis RNG|RNG|Res,MISSING_YEAR
2015,Kelowna,Fortis RNG,RNG,Res,Kelowna|Fortis RNG|RNG|Res,MISSING_YEAR
2016,Lake Country,Fortis RNG,RNG,Res,Lake Country|Fortis RNG|RNG|Res,MISSING_YEAR
2017,Lake Country,Fortis RNG,RNG,Res,Lake Country|Fortis RNG|RNG|Res,MISSING_YEAR
2018,Lake Country,Fortis RNG,RNG,Res,Lake Country|Fortis RNG|RNG|Res,MISSING_YEAR
2019,Lake Country,Fortis RNG,RNG,Res,Lake Country|Fortis RNG|RNG|Res,MISSING_YEAR
2020,Lake Country,Fortis RNG,RNG,Res,Lake Country|Fortis RNG|RNG|Res,MISSING_YEAR
2021,Lake Country,Fortis RNG,RNG,Res,Lake Country|Fortis RNG|RNG|Res,MISSING_YEAR
2007,Lake Country,Fortis RNG,RNG,Res,Lake Country|Fortis RNG|RNG|Res,MISSING_YEAR
2010,Lake Country,Fortis RNG,RNG,Res,Lake Country|Fortis RNG|RNG|Res,MISSING_YEAR
2012,Lake Country,Fortis RNG,RNG,Res,Lake Country|Fortis RNG|RNG|Res,MISSING_YEAR
2013,Lake Country,Fortis RNG,RNG,Res,Lake Country|Fortis RNG|RNG|Res,MISSING_YEAR
2014,Lake Country,Fortis RNG,RNG,Res,Lake Country|Fortis RNG|RNG|Res,MISSING_YEAR
2015,Lake Country,Fortis RNG,RNG,Res,Lake Country|Fortis RNG|RNG|Res,MISSING_YEAR
2016,Peachland,Fortis RNG,RNG,Res,Peachland|Fortis RNG|RNG|Res,MISSING_YEAR
2017,Peachland,Fortis RNG,RNG,Res,Peachland|Fortis RNG|RNG|Res,MISSING_YEAR
2018,Peachland,Fortis RNG,RNG,Res,Peachland|Fortis RNG|RNG|Res,MISSING_YEAR
2019,Peachland,Fortis RNG,RNG,Res,Peachland|Fortis RNG|RNG|Res,MISSING_YEAR
2020,Peachland,Fortis RNG,RNG,Res,Peachland|Fortis RNG|RNG|Res,MISSING_YEAR
2021,Peachland,Fortis RNG,RNG,Res,Peachland|Fortis RNG|RNG|Res,MISSING_YEAR
2007,Peachland,Fortis RNG,RNG,Res,Peachland|Fortis RNG|RNG|Res,MISSING_YEAR
2010,Peachland,Fortis RNG,RNG,Res,Peachland|Fortis RNG|RNG|Res,MISSING_YEAR
2012,Peachland,Fortis RNG,RNG,Res,Peachland|Fortis RNG|RNG|Res,MISSING_YEAR
2013,Peachland,Fortis RNG,RNG,Res,Peachland|Fortis RNG|RNG|Res,MISSING_YEAR
2014,Peachland,Fortis RNG,RNG,Res,Peachland|Fortis RNG|RNG|Res,MISSING_YEAR
2015,Peachland,Fortis RNG,RNG,Res,Peachland|Fortis RNG|RNG|Res,MISSING_YEAR
2016,Lumby,Fortis RNG,RNG,Res,Lumby|Fortis RNG|RNG|Res,MISSING_YEAR
2017,Lumby,Fortis RNG,RNG,Res,Lumby|Fortis RNG|RNG|Res,MISSING_YEAR
2018,Lumby,Fortis RNG,RNG,Res,Lumby|Fortis RNG|RNG|Res,MISSING_YEAR
2019,Lumby,Fortis RNG,RNG,Res,Lumby|Fortis RNG|RNG|Res,MISSING_YEAR
2020,Lumby,Fortis RNG,RNG,Res,Lumby|Fortis RNG|RNG|Res,MISSING_YEAR
2021,Lumby,Fortis RNG,RNG,Res,Lumby|Fortis RNG|RNG|Res,MISSING_YEAR
2007,Lumby,Fortis RNG,RNG,Res,Lumby|Fortis RNG|RNG|Res,MISSING_YEAR
2010,Lumby,Fortis RNG,RNG,Res,Lumby|Fortis RNG|RNG|Res,MISSING_YEAR
2012,Lumby,Fortis RNG,RNG,Res,Lumby|Fortis RNG|RNG|Res,MISSING_YEAR
2013,Lumby,Fortis RNG,RNG,Res,Lumby|Fortis RNG|RNG|Res,MISSING_YEAR
2014,Lumby,Fortis RNG,RNG,Res,Lumby|Fortis RNG|RNG|Res,MISSING_YEAR
2015,Lumby,Fortis RNG,RNG,Res,Lumby|Fortis RNG|RNG|Res,MISSING_YEAR
2016,Coldstream,Fortis RNG,RNG,Res,Coldstream|Fortis RNG|RNG|Res,MISSING_YEAR
2017,Coldstream,Fortis RNG,RNG,Res,Coldstream|Fortis RNG|RNG|Res,MISSING_YEAR
2018,Coldstream,Fortis RNG,RNG,Res,Coldstream|Fortis RNG|RNG|Res,MISSING_YEAR
2019,Coldstream,Fortis RNG,RNG,Res,Coldstream|Fortis RNG|RNG|Res,MISSING_YEAR
2020,Coldstream,Fortis RNG,RNG,Res,Coldstream|Fortis RNG|RNG|Res,MISSING_YEAR
2021,Coldstream,Fortis RNG,RNG,Res,Coldstream|Fortis RNG|RNG|Res,MISSING_YEAR
2007,Coldstream,Fortis RNG,RNG,Res,Coldstream|Fortis RNG|RNG|Res,MISSING_YEAR
2010,Coldstream,Fortis RNG,RNG,Res,Coldstream|Fortis RNG|RNG|Res,MISSING_YEAR
2012,Coldstream,Fortis RNG,RNG,Res,Coldstream|Fortis RNG|RNG|Res,MISSING_YEAR
2013,Coldstream,Fortis RNG,RNG,Res,Coldstream|Fortis RNG|RNG|Res,MISSING_YEAR
2014,Coldstream,Fortis RNG,RNG,Res,Coldstream|Fortis RNG|RNG|Res,MISSING_YEAR
2015,Coldstream,Fortis RNG,RNG,Res,Coldstream|Fortis RNG|RNG|Res,MISSING_YEAR
2016,Vernon,Fortis RNG,RNG,Res,Vernon|Fortis RNG|RNG|Res,MISSING_YEAR
2017,Vernon,Fortis RNG,RNG,Res,Vernon|Fortis RNG|RNG|Res,MISSING_YEAR
2018,Vernon,Fortis RNG,RNG,Res,Vernon|Fortis RNG|RNG|Res,MISSING_YEAR
2019,Vernon,Fortis RNG,RNG,Res,Vernon|Fortis RNG|RNG|Res,MISSING_YEAR
2020,Vernon,Fortis RNG,RNG,Res,Vernon|Fortis RNG|RNG|Res,MISSING_YEAR
2021,Vernon,Fortis RNG,RNG,Res,Vernon|Fortis RNG|RNG|Res,MISSING_YEAR
2007,Vernon,Fortis RNG,RNG,Res,Vernon|Fortis RNG|RNG|Res,MISSING_YEAR
2010,Vernon,Fortis RNG,RNG,Res,Vernon|Fortis RNG|RNG|Res,MISSING_YEAR
2012,Vernon,Fortis RNG,RNG,Res,Vernon|Fortis RNG|RNG|Res,MISSING_YEAR
2013,Vernon,Fortis RNG,RNG,Res,Vernon|Fortis RNG|RNG|Res,MISSING_YEAR
2014,Vernon,Fortis RNG,RNG,Res,Vernon|Fortis RNG|RNG|Res,MISSING_YEAR
2015,Vernon,Fortis RNG,RNG,Res,Vernon|Fortis RNG|RNG|Res,MISSING_YEAR
2016,Spallumcheen,Fortis RNG,RNG,Res,Spallumcheen|Fortis RNG|RNG|Res,MISSING_YEAR
2017,Spallumcheen,Fortis RNG,RNG,Res,Spallumcheen|Fortis RNG|RNG|Res,MISSING_YEAR
2018,Spallumcheen,Fortis RNG,RNG,Res,Spallumcheen|Fortis RNG|RNG|Res,MISSING_YEAR
2019,Spallumcheen,Fortis RNG,RNG,Res,Spallumcheen|Fortis RNG|RNG|Res,MISSING_YEAR
2020,Spallumcheen,Fortis RNG,RNG,Res,Spallumcheen|Fortis RNG|RNG|Res,MISSING_YEAR
2021,Spallumcheen,Fortis RNG,RNG,Res,Spallumcheen|Fortis RNG|RNG|Res,MISSING_YEAR
2007,Spallumcheen,Fortis RNG,RNG,Res,Spallumcheen|Fortis RNG|RNG|Res,MISSING_YEAR
2010,Spallumcheen,Fortis RNG,RNG,Res,Spallumcheen|Fortis RNG|RNG|Res,MISSING_YEAR
2012,Spallumcheen,Fortis RNG,RNG,Res,Spallumcheen|Fortis RNG|RNG|Res,MISSING_YEAR
2013,Spallumcheen,Fortis RNG,RNG,Res,Spallumcheen|Fortis RNG|RNG|Res,MISSING_YEAR
2014,Spallumcheen,Fortis RNG,RNG,Res,Spallumcheen|Fortis RNG|RNG|Res,MISSING_YEAR
2015,Spallumcheen,Fortis RNG,RNG,Res,Spallumcheen|Fortis RNG|RNG|Res,MISSING_YEAR
2016,Armstrong,Fortis RNG,RNG,Res,Armstrong|Fortis RNG|RNG|Res,MISSING_YEAR
2017,Armstrong,Fortis RNG,RNG,Res,Armstrong|Fortis RNG|RNG|Res,MISSING_YEAR
2018,Armstrong,Fortis RNG,RNG,Res,Armstrong|Fortis RNG|RNG|Res,MISSING_YEAR
2019,Armstrong,Fortis RNG,RNG,Res,Armstrong|Fortis RNG|RNG|Res,MISSING_YEAR
2020,Armstrong,Fortis RNG,RNG,Res,Armstrong|Fortis RNG|RNG|Res,MISSING_YEAR
2021,Armstrong,Fortis RNG,RNG,Res,Armstrong|Fortis RNG|RNG|Res,MISSING_YEAR
2007,Armstrong,Fortis RNG,RNG,Res,Armstrong|Fortis RNG|RNG|Res,MISSING_YEAR
2010,Armstrong,Fortis RNG,RNG,Res,Armstrong|Fortis RNG|RNG|Res,MISSING_YEAR
2012,Armstrong,Fortis RNG,RNG,Res,Armstrong|Fortis RNG|RNG|Res,MISSING_YEAR
2013,Armstrong,Fortis RNG,RNG,Res,Armstrong|Fortis RNG|RNG|Res,MISSING_YEAR
2014,Armstrong,Fortis RNG,RNG,Res,Armstrong|Fortis RNG|RNG|Res,MISSING_YEAR
2015,Armstrong,Fortis RNG,RNG,Res,Armstrong|Fortis RNG|RNG|Res,MISSING_YEAR
2016,Enderby,Fortis RNG,RNG,Res,Enderby|Fortis RNG|RNG|Res,MISSING_YEAR
2017,Enderby,Fortis RNG,RNG,Res,Enderby|Fortis RNG|RNG|Res,MISSING_YEAR
2018,Enderby,Fortis RNG,RNG,Res,Enderby|Fortis RNG|RNG|Res,MISSING_YEAR
2019,Enderby,Fortis RNG,RNG,Res,Enderby|Fortis RNG|RNG|Res,MISSING_YEAR
2020,Enderby,Fortis RNG,RNG,Res,Enderby|Fortis RNG|RNG|Res,MISSING_YEAR
2021,Enderby,Fortis RNG,RNG,Res,Enderby|Fortis RNG|RNG|Res,MISSING_YEAR
2007,Enderby,Fortis RNG,RNG,Res,Enderby|Fortis RNG|RNG|Res,MISSING_YEAR
2010,Enderby,Fortis RNG,RNG,Res,Enderby|Fortis RNG|RNG|Res,MISSING_YEAR
2012,Enderby,Fortis RNG,RNG,Res,Enderby|Fortis RNG|RNG|Res,MISSING_YEAR
2013,Enderby,Fortis RNG,RNG,Res,Enderby|Fortis RNG|RNG|Res,MISSING_YEAR
2014,Enderby,Fortis RNG,RNG,Res,Enderby|Fortis RNG|RNG|Res,MISSING_YEAR
2015,Enderby,Fortis RNG,RNG,Res,Enderby|Fortis RNG|RNG|Res,MISSING_YEAR
2016,Golden,Fortis RNG,RNG,Res,Golden|Fortis RNG|RNG|Res,MISSING_YEAR
2017,Golden,Fortis RNG,RNG,Res,Golden|Fortis RNG|RNG|Res,MISSING_YEAR
2018,Golden,Fortis RNG,RNG,Res,Golden|Fortis RNG|RNG|Res,MISSING_YEAR
2019,Golden,Fortis RNG,RNG,Res,Golden|Fortis RNG|RNG|Res,MISSING_YEAR
2020,Golden,Fortis RNG,RNG,Res,Golden|Fortis RNG|RNG|Res,MISSING_YEAR
2021,Golden,Fortis RNG,RNG,Res,Golden|Fortis RNG|RNG|Res,MISSING_YEAR
2007,Golden,Fortis RNG,RNG,Res,Golden|Fortis RNG|RNG|Res,MISSING_YEAR
2010,Golden,Fortis RNG,RNG,Res,Golden|Fortis RNG|RNG|Res,MISSING_YEAR
2012,Golden,Fortis RNG,RNG,Res,Golden|Fortis RNG|RNG|Res,MISSING_YEAR
2013,Golden,Fortis RNG,RNG,Res,Golden|Fortis RNG|RNG|Res,MISSING_YEAR
2014,Golden,Fortis RNG,RNG,Res,Golden|Fortis RNG|RNG|Res,MISSING_YEAR
2015,Golden,Fortis RNG,RNG,Res,Golden|Fortis RNG|RNG|Res,MISSING_YEAR
2016,Revelstoke,Fortis RNG,RNG,Res,Revelstoke|Fortis RNG|RNG|Res,MISSING_YEAR
2017,Revelstoke,Fortis RNG,RNG,Res,Revelstoke|Fortis RNG|RNG|Res,MISSING_YEAR
2018,Revelstoke,Fortis RNG,RNG,Res,Revelstoke|Fortis RNG|RNG|Res,MISSING_YEAR
2019,Revelstoke,Fortis RNG,RNG,Res,Revelstoke|Fortis RNG|RNG|Res,MISSING_YEAR
2020,Revelstoke,Fortis RNG,RNG,Res,Revelstoke|Fortis RNG|RNG|Res,MISSING_YEAR
2021,Revelstoke,Fortis RNG,RNG,Res,Revelstoke|Fortis RNG|RNG|Res,MISSING_YEAR
2007,Revelstoke,Fortis RNG,RNG,Res,Revelstoke|Fortis RNG|RNG|Res,MISSING_YEAR
2010,Revelstoke,Fortis RNG,RNG,Res,Revelstoke|Fortis RNG|RNG|Res,MISSING_YEAR
2012,Revelstoke,Fortis RNG,RNG,Res,Revelstoke|Fortis RNG|RNG|Res,MISSING_YEAR
2013,Revelstoke,Fortis RNG,RNG,Res,Revelstoke|Fortis RNG|RNG|Res,MISSING_YEAR
2014,Revelstoke,Fortis RNG,RNG,Res,Revelstoke|Fortis RNG|RNG|Res,MISSING_YEAR
2015,Revelstoke,Fortis RNG,RNG,Res,Revelstoke|Fortis RNG|RNG|Res,MISSING_YEAR
2016,Salmon Arm,Fortis RNG,RNG,Res,Salmon Arm|Fortis RNG|RNG|Res,MISSING_YEAR
2017,Salmon Arm,Fortis RNG,RNG,Res,Salmon Arm|Fortis RNG|RNG|Res,MISSING_YEAR
2018,Salmon Arm,Fortis RNG,RNG,Res,Salmon Arm|Fortis RNG|RNG|Res,MISSING_YEAR
2019,Salmon Arm,Fortis RNG,RNG,Res,Salmon Arm|Fortis RNG|RNG|Res,MISSING_YEAR
2020,Salmon Arm,Fortis RNG,RNG,Res,Salmon Arm|Fortis RNG|RNG|Res,MISSING_YEAR
2021,Salmon Arm,Fortis RNG,RNG,Res,Salmon Arm|Fortis RNG|RNG|Res,MISSING_YEAR
2007,Salmon Arm,Fortis RNG,RNG,Res,Salmon Arm|Fortis RNG|RNG|Res,MISSING_YEAR
2010,Salmon Arm,Fortis RNG,RNG,Res,Salmon Arm|Fortis RNG|RNG|Res,MISSING_YEAR
2012,Salmon Arm,Fortis RNG,RNG,Res,Salmon Arm|Fortis RNG|RNG|Res,MISSING_YEAR
2013,Salmon Arm,Fortis RNG,RNG,Res,Salmon Arm|Fortis RNG|RNG|Res,MISSING_YEAR
2014,Salmon Arm,Fortis RNG,RNG,Res,Salmon Arm|Fortis RNG|RNG|Res,MISSING_YEAR
2015,Salmon Arm,Fortis RNG,RNG,Res,Salmon Arm|Fortis RNG|RNG|Res,MISSING_YEAR
2016,Sicamous,Fortis RNG,RNG,Res,Sicamous|Fortis RNG|RNG|Res,MISSING_YEAR
2017,Sicamous,Fortis RNG,RNG,Res,Sicamous|Fortis RNG|RNG|Res,MISSING_YEAR
2018,Sicamous,Fortis RNG,RNG,Res,Sicamous|Fortis RNG|RNG|Res,MISSING_YEAR
2019,Sicamous,Fortis RNG,RNG,Res,Sicamous|Fortis RNG|RNG|Res,MISSING_YEAR
2020,Sicamous,Fortis RNG,RNG,Res,Sicamous|Fortis RNG|RNG|Res,MISSING_YEAR
2021,Sicamous,Fortis RNG,RNG,Res,Sicamous|Fortis RNG|RNG|Res,MISSING_YEAR
2007,Sicamous,Fortis RNG,RNG,Res,Sicamous|Fortis RNG|RNG|Res,MISSING_YEAR
2010,Sicamous,Fortis RNG,RNG,Res,Sicamous|Fortis RNG|RNG|Res,MISSING_YEAR
2012,Sicamous,Fortis RNG,RNG,Res,Sicamous|Fortis RNG|RNG|Res,MISSING_YEAR
2013,Sicamous,Fortis RNG,RNG,Res,Sicamous|Fortis RNG|RNG|Res,MISSING_YEAR
2014,Sicamous,Fortis RNG,RNG,Res,Sicamous|Fortis RNG|RNG|Res,MISSING_YEAR
2015,Sicamous,Fortis RNG,RNG,Res,Sicamous|Fortis RNG|RNG|Res,MISSING_YEAR
2016,One Hundred Mile House,Fortis RNG,RNG,Res,One Hundred Mile House|Fortis RNG|RNG|Res,MISSING_YEAR
2017,One Hundred Mile House,Fortis RNG,RNG,Res,One Hundred Mile House|Fortis RNG|RNG|Res,MISSING_YEAR
2018,One Hundred Mile House,Fortis RNG,RNG,Res,One Hundred Mile House|Fortis RNG|RNG|Res,MISSING_YEAR
2019,One Hundred Mile House,Fortis RNG,RNG,Res,One Hundred Mile House|Fortis RNG|RNG|Res,MISSING_YEAR
2020,One Hundred Mile House,Fortis RNG,RNG,Res,One Hundred Mile House|Fortis RNG|RNG|Res,MISSING_YEAR
2021,One Hundred Mile House,Fortis RNG,RNG,Res,One Hundred Mile House|Fortis RNG|RNG|Res,MISSING_YEAR
2007,One Hundred Mile House,Fortis RNG,RNG,Res,One Hundred Mile House|Fortis RNG|RNG|Res,MISSING_YEAR
2010,One Hundred Mile House,Fortis RNG,RNG,Res,One Hundred Mile House|Fortis RNG|RNG|Res,MISSING_YEAR
2012,One Hundred Mile House,Fortis RNG,RNG,Res,One Hundred Mile House|Fortis RNG|RNG|Res,MISSING_YEAR
2013,One Hundred Mile House,Fortis RNG,RNG,Res,One Hundred Mile House|Fortis RNG|RNG|Res,MISSING_YEAR
2014,One Hundred Mile House,Fortis RNG,RNG,Res,One Hundred Mile House|Fortis RNG|RNG|Res,MISSING_YEAR
2015,One Hundred Mile House,Fortis RNG,RNG,Res,One Hundred Mile House|Fortis RNG|RNG|Res,MISSING_YEAR
2016,Williams Lake,Fortis RNG,RNG,Res,Williams Lake|Fortis RNG|RNG|Res,MISSING_YEAR
2017,Williams Lake,Fortis RNG,RNG,Res,Williams Lake|Fortis RNG|RNG|Res,MISSING_YEAR
2018,Williams Lake,Fortis RNG,RNG,Res,Williams Lake|Fortis RNG|RNG|Res,MISSING_YEAR
2019,Williams Lake,Fortis RNG,RNG,Res,Williams Lake|Fortis RNG|RNG|Res,MISSING_YEAR
2020,Williams Lake,Fortis RNG,RNG,Res,Williams Lake|Fortis RNG|RNG|Res,MISSING_YEAR
2021,Williams Lake,Fortis RNG,RNG,Res,Williams Lake|Fortis RNG|RNG|Res,MISSING_YEAR
2007,Williams Lake,Fortis RNG,RNG,Res,Williams Lake|Fortis RNG|RNG|Res,MISSING_YEAR
2010,Williams Lake,Fortis RNG,RNG,Res,Williams Lake|Fortis RNG|RNG|Res,MISSING_YEAR
2012,Williams Lake,Fortis RNG,RNG,Res,Williams Lake|Fortis RNG|RNG|Res,MISSING_YEAR
2013,Williams Lake,Fortis RNG,RNG,Res,Williams Lake|Fortis RNG|RNG|Res,MISSING_YEAR
2014,Williams Lake,Fortis RNG,RNG,Res,Williams Lake|Fortis RNG|RNG|Res,MISSING_YEAR
2015,Williams Lake,Fortis RNG,RNG,Res,Williams Lake|Fortis RNG|RNG|Res,MISSING_YEAR
2016,Quesnel,Fortis RNG,RNG,Res,Quesnel|Fortis RNG|RNG|Res,MISSING_YEAR
2017,Quesnel,Fortis RNG,RNG,Res,Quesnel|Fortis RNG|RNG|Res,MISSING_YEAR
2018,Quesnel,Fortis RNG,RNG,Res,Quesnel|Fortis RNG|RNG|Res,MISSING_YEAR
2019,Quesnel,Fortis RNG,RNG,Res,Quesnel|Fortis RNG|RNG|Res,MISSING_YEAR
2020,Quesnel,Fortis RNG,RNG,Res,Quesnel|Fortis RNG|RNG|Res,MISSING_YEAR
2021,Quesnel,Fortis RNG,RNG,Res,Quesnel|Fortis RNG|RNG|Res,MISSING_YEAR
2007,Quesnel,Fortis RNG,RNG,Res,Quesnel|Fortis RNG|RNG|Res,MISSING_YEAR
2010,Quesnel,Fortis RNG,RNG,Res,Quesnel|Fortis RNG|RNG|Res,MISSING_YEAR
2012,Quesnel,Fortis RNG,RNG,Res,Quesnel|Fortis RNG|RNG|Res,MISSING_YEAR
2013,Quesnel,Fortis RNG,RNG,Res,Quesnel|Fortis RNG|RNG|Res,MISSING_YEAR
2014,Quesnel,Fortis RNG,RNG,Res,Quesnel|Fortis RNG|RNG|Res,MISSING_YEAR
2015,Quesnel,Fortis RNG,RNG,Res,Quesnel|Fortis RNG|RNG|Res,MISSING_YEAR
2016,Wells,Fortis RNG,RNG,Res,Wells|Fortis RNG|RNG|Res,MISSING_YEAR
2017,Wells,Fortis RNG,RNG,Res,Wells|Fortis RNG|RNG|Res,MISSING_YEAR
2018,Wells,Fortis RNG,RNG,Res,Wells|Fortis RNG|RNG|Res,MISSING_YEAR
2019,Wells,Fortis RNG,RNG,Res,Wells|Fortis RNG|RNG|Res,MISSING_YEAR
2020,Wells,Fortis RNG,RNG,Res,Wells|Fortis RNG|RNG|Res,MISSING_YEAR
2021,Wells,Fortis RNG,RNG,Res,Wells|Fortis RNG|RNG|Res,MISSING_YEAR
2007,Wells,Fortis RNG,RNG,Res,Wells|Fortis RNG|RNG|Res,MISSING_YEAR
2010,Wells,Fortis RNG,RNG,Res,Wells|Fortis RNG|RNG|Res,MISSING_YEAR
2012,Wells,Fortis RNG,RNG,Res,Wells|Fortis RNG|RNG|Res,MISSING_YEAR
2013,Wells,Fortis RNG,RNG,Res,Wells|Fortis RNG|RNG|Res,MISSING_YEAR
2014,Wells,Fortis RNG,RNG,Res,Wells|Fortis RNG|RNG|Res,MISSING_YEAR
2015,Wells,Fortis RNG,RNG,Res,Wells|Fortis RNG|RNG|Res,MISSING_YEAR
2016,Alert Bay,Fortis RNG,RNG,Res,Alert Bay|Fortis RNG|RNG|Res,MISSING_YEAR
2017,Alert Bay,Fortis RNG,RNG,Res,Alert Bay|Fortis RNG|RNG|Res,MISSING_YEAR
2018,Alert Bay,Fortis RNG,RNG,Res,Alert Bay|Fortis RNG|RNG|Res,MISSING_YEAR
2019,Alert Bay,Fortis RNG,RNG,Res,Alert Bay|Fortis RNG|RNG|Res,MISSING_YEAR
2020,Alert Bay,Fortis RNG,RNG,Res,Alert Bay|Fortis RNG|RNG|Res,MISSING_YEAR
2021,Alert Bay,Fortis RNG,RNG,Res,Alert Bay|Fortis RNG|RNG|Res,MISSING_YEAR
2007,Alert Bay,Fortis RNG,RNG,Res,Alert Bay|Fortis RNG|RNG|Res,MISSING_YEAR
2010,Alert Bay,Fortis RNG,RNG,Res,Alert Bay|Fortis RNG|RNG|Res,MISSING_YEAR
2012,Alert Bay,Fortis RNG,RNG,Res,Alert Bay|Fortis RNG|RNG|Res,MISSING_YEAR
2013,Alert Bay,Fortis RNG,RNG,Res,Alert Bay|Fortis RNG|RNG|Res,MISSING_YEAR
2014,Alert Bay,Fortis RNG,RNG,Res,Alert Bay|Fortis RNG|RNG|Res,MISSING_YEAR
2015,Alert Bay,Fortis RNG,RNG,Res,Alert Bay|Fortis RNG|RNG|Res,MISSING_YEAR
2016,Port McNeill,Fortis RNG,RNG,Res,Port McNeill|Fortis RNG|RNG|Res,MISSING_YEAR
2017,Port McNeill,Fortis RNG,RNG,Res,Port McNeill|Fortis RNG|RNG|Res,MISSING_YEAR
2018,Port McNeill,Fortis RNG,RNG,Res,Port McNeill|Fortis RNG|RNG|Res,MISSING_YEAR
2019,Port McNeill,Fortis RNG,RNG,Res,Port McNeill|Fortis RNG|RNG|Res,MISSING_YEAR
2020,Port McNeill,Fortis RNG,RNG,Res,Port McNeill|Fortis RNG|RNG|Res,MISSING_YEAR
2021,Port McNeill,Fortis RNG,RNG,Res,Port McNeill|Fortis RNG|RNG|Res,MISSING_YEAR
2007,Port McNeill,Fortis RNG,RNG,Res,Port McNeill|Fortis RNG|RNG|Res,MISSING_YEAR
2010,Port McNeill,Fortis RNG,RNG,Res,Port McNeill|Fortis RNG|RNG|Res,MISSING_YEAR
2012,Port McNeill,Fortis RNG,RNG,Res,Port McNeill|Fortis RNG|RNG|Res,MISSING_YEAR
2013,Port McNeill,Fortis RNG,RNG,Res,Port McNeill|Fortis RNG|RNG|Res,MISSING_YEAR
2014,Port McNeill,Fortis RNG,RNG,Res,Port McNeill|Fortis RNG|RNG|Res,MISSING_YEAR
2015,Port McNeill,Fortis RNG,RNG,Res,Port McNeill|Fortis RNG|RNG|Res,MISSING_YEAR
2016,Port Alice,Fortis RNG,RNG,Res,Port Alice|Fortis RNG|RNG|Res,MISSING_YEAR
2017,Port Alice,Fortis RNG,RNG,Res,Port Alice|Fortis RNG|RNG|Res,MISSING_YEAR
2018,Port Alice,Fortis RNG,RNG,Res,Port Alice|Fortis RNG|RNG|Res,MISSING_YEAR
2019,Port Alice,Fortis RNG,RNG,Res,Port Alice|Fortis RNG|RNG|Res,MISSING_YEAR
2020,Port Alice,Fortis RNG,RNG,Res,Port Alice|Fortis RNG|RNG|Res,MISSING_YEAR
2021,Port Alice,Fortis RNG,RNG,Res,Port Alice|Fortis RNG|RNG|Res,MISSING_YEAR
2007,Port Alice,Fortis RNG,RNG,Res,Port Alice|Fortis RNG|RNG|Res,MISSING_YEAR
2010,Port Alice,Fortis RNG,RNG,Res,Port Alice|Fortis RNG|RNG|Res,MISSING_YEAR
2012,Port Alice,Fortis RNG,RNG,Res,Port Alice|Fortis RNG|RNG|Res,MISSING_YEAR
2013,Port Alice,Fortis RNG,RNG,Res,Port Alice|Fortis RNG|RNG|Res,MISSING_YEAR
2014,Port Alice,Fortis RNG,RNG,Res,Port Alice|Fortis RNG|RNG|Res,MISSING_YEAR
2015,Port Alice,Fortis RNG,RNG,Res,Port Alice|Fortis RNG|RNG|Res,MISSING_YEAR
2016,Port Hardy,Fortis RNG,RNG,Res,Port Hardy|Fortis RNG|RNG|Res,MISSING_YEAR
2017,Port Hardy,Fortis RNG,RNG,Res,Port Hardy|Fortis RNG|RNG|Res,MISSING_YEAR
2018,Port Hardy,Fortis RNG,RNG,Res,Port Hardy|Fortis RNG|RNG|Res,MISSING_YEAR
2019,Port Hardy,Fortis RNG,RNG,Res,Port Hardy|Fortis RNG|RNG|Res,MISSING_YEAR
2020,Port Hardy,Fortis RNG,RNG,Res,Port Hardy|Fortis RNG|RNG|Res,MISSING_YEAR
2021,Port Hardy,Fortis RNG,RNG,Res,Port Hardy|Fortis RNG|RNG|Res,MISSING_YEAR
2007,Port Hardy,Fortis RNG,RNG,Res,Port Hardy|Fortis RNG|RNG|Res,MISSING_YEAR
2010,Port Hardy,Fortis RNG,RNG,Res,Port Hardy|Fortis RNG|RNG|Res,MISSING_YEAR
2012,Port Hardy,Fortis RNG,RNG,Res,Port Hardy|Fortis RNG|RNG|Res,MISSING_YEAR
2013,Port Hardy,Fortis RNG,RNG,Res,Port Hardy|Fortis RNG|RNG|Res,MISSING_YEAR
2014,Port Hardy,Fortis RNG,RNG,Res,Port Hardy|Fortis RNG|RNG|Res,MISSING_YEAR
2015,Port Hardy,Fortis RNG,RNG,Res,Port Hardy|Fortis RNG|RNG|Res,MISSING_YEAR
2016,Port Edward,Fortis RNG,RNG,Res,Port Edward|Fortis RNG|RNG|Res,MISSING_YEAR
2017,Port Edward,Fortis RNG,RNG,Res,Port Edward|Fortis RNG|RNG|Res,MISSING_YEAR
2018,Port Edward,Fortis RNG,RNG,Res,Port Edward|Fortis RNG|RNG|Res,MISSING_YEAR
2019,Port Edward,Fortis RNG,RNG,Res,Port Edward|Fortis RNG|RNG|Res,MISSING_YEAR
2020,Port Edward,Fortis RNG,RNG,Res,Port Edward|Fortis RNG|RNG|Res,MISSING_YEAR
2021,Port Edward,Fortis RNG,RNG,Res,Port Edward|Fortis RNG|RNG|Res,MISSING_YEAR
2007,Port Edward,Fortis RNG,RNG,Res,Port Edward|Fortis RNG|RNG|Res,MISSING_YEAR
2010,Port Edward,Fortis RNG,RNG,Res,Port Edward|Fortis RNG|RNG|Res,MISSING_YEAR
2012,Port Edward,Fortis RNG,RNG,Res,Port Edward|Fortis RNG|RNG|Res,MISSING_YEAR
2013,Port Edward,Fortis RNG,RNG,Res,Port Edward|Fortis RNG|RNG|Res,MISSING_YEAR
2014,Port Edward,Fortis RNG,RNG,Res,Port Edward|Fortis RNG|RNG|Res,MISSING_YEAR
2015,Port Edward,Fortis RNG,RNG,Res,Port Edward|Fortis RNG|RNG|Res,MISSING_YEAR
2016,Prince Rupert,Fortis RNG,RNG,Res,Prince Rupert|Fortis RNG|RNG|Res,MISSING_YEAR
2017,Prince Rupert,Fortis RNG,RNG,Res,Prince Rupert|Fortis RNG|RNG|Res,MISSING_YEAR
2018,Prince Rupert,Fortis RNG,RNG,Res,Prince Rupert|Fortis RNG|RNG|Res,MISSING_YEAR
2019,Prince Rupert,Fortis RNG,RNG,Res,Prince Rupert|Fortis RNG|RNG|Res,MISSING_YEAR
2020,Prince Rupert,Fortis RNG,RNG,Res,Prince Rupert|Fortis RNG|RNG|Res,MISSING_YEAR
2021,Prince Rupert,Fortis RNG,RNG,Res,Prince Rupert|Fortis RNG|RNG|Res,MISSING_YEAR
2007,Prince Rupert,Fortis RNG,RNG,Res,Prince Rupert|Fortis RNG|RNG|Res,MISSING_YEAR
2010,Prince Rupert,Fortis RNG,RNG,Res,Prince Rupert|Fortis RNG|RNG|Res,MISSING_YEAR
2012,Prince Rupert,Fortis RNG,RNG,Res,Prince Rupert|Fortis RNG|RNG|Res,MISSING_YEAR
2013,Prince Rupert,Fortis RNG,RNG,Res,Prince Rupert|Fortis RNG|RNG|Res,MISSING_YEAR
2014,Prince Rupert,Fortis RNG,RNG,Res,Prince Rupert|Fortis RNG|RNG|Res,MISSING_YEAR
2015,Prince Rupert,Fortis RNG,RNG,Res,Prince Rupert|Fortis RNG|RNG|Res,MISSING_YEAR
2016,Masset,Fortis RNG,RNG,Res,Masset|Fortis RNG|RNG|Res,MISSING_YEAR
2017,Masset,Fortis RNG,RNG,Res,Masset|Fortis RNG|RNG|Res,MISSING_YEAR
2018,Masset,Fortis RNG,RNG,Res,Masset|Fortis RNG|RNG|Res,MISSING_YEAR
2019,Masset,Fortis RNG,RNG,Res,Masset|Fortis RNG|RNG|Res,MISSING_YEAR
2020,Masset,Fortis RNG,RNG,Res,Masset|Fortis RNG|RNG|Res,MISSING_YEAR
2021,Masset,Fortis RNG,RNG,Res,Masset|Fortis RNG|RNG|Res,MISSING_YEAR
2007,Masset,Fortis RNG,RNG,Res,Masset|Fortis RNG|RNG|Res,MISSING_YEAR
2010,Masset,Fortis RNG,RNG,Res,Masset|Fortis RNG|RNG|Res,MISSING_YEAR
2012,Masset,Fortis RNG,RNG,Res,Masset|Fortis RNG|RNG|Res,MISSING_YEAR
2013,Masset,Fortis RNG,RNG,Res,Masset|Fortis RNG|RNG|Res,MISSING_YEAR
2014,Masset,Fortis RNG,RNG,Res,Masset|Fortis RNG|RNG|Res,MISSING_YEAR
2015,Masset,Fortis RNG,RNG,Res,Masset|Fortis RNG|RNG|Res,MISSING_YEAR
2016,Queen Charlotte,Fortis RNG,RNG,Res,Queen Charlotte|Fortis RNG|RNG|Res,MISSING_YEAR
2017,Queen Charlotte,Fortis RNG,RNG,Res,Queen Charlotte|Fortis RNG|RNG|Res,MISSING_YEAR
2018,Queen Charlotte,Fortis RNG,RNG,Res,Queen Charlotte|Fortis RNG|RNG|Res,MISSING_YEAR
2019,Queen Charlotte,Fortis RNG,RNG,Res,Queen Charlotte|Fortis RNG|RNG|Res,MISSING_YEAR
2020,Queen Charlotte,Fortis RNG,RNG,Res,Queen Charlotte|Fortis RNG|RNG|Res,MISSING_YEAR
2021,Queen Charlotte,Fortis RNG,RNG,Res,Queen Charlotte|Fortis RNG|RNG|Res,MISSING_YEAR
2007,Queen Charlotte,Fortis RNG,RNG,Res,Queen Charlotte|Fortis RNG|RNG|Res,MISSING_YEAR
2010,Queen Charlotte,Fortis RNG,RNG,Res,Queen Charlotte|Fortis RNG|RNG|Res,MISSING_YEAR
2012,Queen Charlotte,Fortis RNG,RNG,Res,Queen Charlotte|Fortis RNG|RNG|Res,MISSING_YEAR
2013,Queen Charlotte,Fortis RNG,RNG,Res,Queen Charlotte|Fortis RNG|RNG|Res,MISSING_YEAR
2014,Queen Charlotte,Fortis RNG,RNG,Res,Queen Charlotte|Fortis RNG|RNG|Res,MISSING_YEAR
2015,Queen Charlotte,Fortis RNG,RNG,Res,Queen Charlotte|Fortis RNG|RNG|Res,MISSING_YEAR
2016,Port Clements,Fortis RNG,RNG,Res,Port Clements|Fortis RNG|RNG|Res,MISSING_YEAR
2017,Port Clements,Fortis RNG,RNG,Res,Port Clements|Fortis RNG|RNG|Res,MISSING_YEAR
2018,Port Clements,Fortis RNG,RNG,Res,Port Clements|Fortis RNG|RNG|Res,MISSING_YEAR
2019,Port Clements,Fortis RNG,RNG,Res,Port Clements|Fortis RNG|RNG|Res,MISSING_YEAR
2020,Port Clements,Fortis RNG,RNG,Res,Port Clements|Fortis RNG|RNG|Res,MISSING_YEAR
2021,Port Clements,Fortis RNG,RNG,Res,Port Clements|Fortis RNG|RNG|Res,MISSING_YEAR
2007,Port Clements,Fortis RNG,RNG,Res,Port Clements|Fortis RNG|RNG|Res,MISSING_YEAR
2010,Port Clements,Fortis RNG,RNG,Res,Port Clements|Fortis RNG|RNG|Res,MISSING_YEAR
2012,Port Clements,Fortis RNG,RNG,Res,Port Clements|Fortis RNG|RNG|Res,MISSING_YEAR
2013,Port Clements,Fortis RNG,RNG,Res,Port Clements|Fortis RNG|RNG|Res,MISSING_YEAR
2014,Port Clements,Fortis RNG,RNG,Res,Port Clements|Fortis RNG|RNG|Res,MISSING_YEAR
2015,Port Clements,Fortis RNG,RNG,Res,Port Clements|Fortis RNG|RNG|Res,MISSING_YEAR
2016,Kitimat,Fortis RNG,RNG,Res,Kitimat|Fortis RNG|RNG|Res,MISSING_YEAR
2017,Kitimat,Fortis RNG,RNG,Res,Kitimat|Fortis RNG|RNG|Res,MISSING_YEAR
2018,Kitimat,Fortis RNG,RNG,Res,Kitimat|Fortis RNG|RNG|Res,MISSING_YEAR
2019,Kitimat,Fortis RNG,RNG,Res,Kitimat|Fortis RNG|RNG|Res,MISSING_YEAR
2020,Kitimat,Fortis RNG,RNG,Res,Kitimat|Fortis RNG|RNG|Res,MISSING_YEAR
2021,Kitimat,Fortis RNG,RNG,Res,Kitimat|Fortis RNG|RNG|Res,MISSING_YEAR
2007,Kitimat,Fortis RNG,RNG,Res,Kitimat|Fortis RNG|RNG|Res,MISSING_YEAR
2010,Kitimat,Fortis RNG,RNG,Res,Kitimat|Fortis RNG|RNG|Res,MISSING_YEAR
2012,Kitimat,Fortis RNG,RNG,Res,Kitimat|Fortis RNG|RNG|Res,MISSING_YEAR
2013,Kitimat,Fortis RNG,RNG,Res,Kitimat|Fortis RNG|RNG|Res,MISSING_YEAR
2014,Kitimat,Fortis RNG,RNG,Res,Kitimat|Fortis RNG|RNG|Res,MISSING_YEAR
2015,Kitimat,Fortis RNG,RNG,Res,Kitimat|Fortis RNG|RNG|Res,MISSING_YEAR
2016,Terrace,Fortis RNG,RNG,Res,Terrace|Fortis RNG|RNG|Res,MISSING_YEAR
2017,Terrace,Fortis RNG,RNG,Res,Terrace|Fortis RNG|RNG|Res,MISSING_YEAR
2018,Terrace,Fortis RNG,RNG,Res,Terrace|Fortis RNG|RNG|Res,MISSING_YEAR
2019,Terrace,Fortis RNG,RNG,Res,Terrace|Fortis RNG|RNG|Res,MISSING_YEAR
2020,Terrace,Fortis RNG,RNG,Res,Terrace|Fortis RNG|RNG|Res,MISSING_YEAR
2021,Terrace,Fortis RNG,RNG,Res,Terrace|Fortis RNG|RNG|Res,MISSING_YEAR
2007,Terrace,Fortis RNG,RNG,Res,Terrace|Fortis RNG|RNG|Res,MISSING_YEAR
2010,Terrace,Fortis RNG,RNG,Res,Terrace|Fortis RNG|RNG|Res,MISSING_YEAR
2012,Terrace,Fortis RNG,RNG,Res,Terrace|Fortis RNG|RNG|Res,MISSING_YEAR
2013,Terrace,Fortis RNG,RNG,Res,Terrace|Fortis RNG|RNG|Res,MISSING_YEAR
2014,Terrace,Fortis RNG,RNG,Res,Terrace|Fortis RNG|RNG|Res,MISSING_YEAR
2015,Terrace,Fortis RNG,RNG,Res,Terrace|Fortis RNG|RNG|Res,MISSING_YEAR
2016,Hazelton,Fortis RNG,RNG,Res,Hazelton|Fortis RNG|RNG|Res,MISSING_YEAR
2017,Hazelton,Fortis RNG,RNG,Res,Hazelton|Fortis RNG|RNG|Res,MISSING_YEAR
2018,Hazelton,Fortis RNG,RNG,Res,Hazelton|Fortis RNG|RNG|Res,MISSING_YEAR
2019,Hazelton,Fortis RNG,RNG,Res,Hazelton|Fortis RNG|RNG|Res,MISSING_YEAR
2020,Hazelton,Fortis RNG,RNG,Res,Hazelton|Fortis RNG|RNG|Res,MISSING_YEAR
2021,Hazelton,Fortis RNG,RNG,Res,Hazelton|Fortis RNG|RNG|Res,MISSING_YEAR
2007,Hazelton,Fortis RNG,RNG,Res,Hazelton|Fortis RNG|RNG|Res,MISSING_YEAR
2010,Hazelton,Fortis RNG,RNG,Res,Hazelton|Fortis RNG|RNG|Res,MISSING_YEAR
2012,Hazelton,Fortis RNG,RNG,Res,Hazelton|Fortis RNG|RNG|Res,MISSING_YEAR
2013,Hazelton,Fortis RNG,RNG,Res,Hazelton|Fortis RNG|RNG|Res,MISSING_YEAR
2014,Hazelton,Fortis RNG,RNG,Res,Hazelton|Fortis RNG|RNG|Res,MISSING_YEAR
2015,Hazelton,Fortis RNG,RNG,Res,Hazelton|Fortis RNG|RNG|Res,MISSING_YEAR
2016,New Hazelton,Fortis RNG,RNG,Res,New Hazelton|Fortis RNG|RNG|Res,MISSING_YEAR
2017,New Hazelton,Fortis RNG,RNG,Res,New Hazelton|Fortis RNG|RNG|Res,MISSING_YEAR
2018,New Hazelton,Fortis RNG,RNG,Res,New Hazelton|Fortis RNG|RNG|Res,MISSING_YEAR
2019,New Hazelton,Fortis RNG,RNG,Res,New Hazelton|Fortis RNG|RNG|Res,MISSING_YEAR
2020,New Hazelton,Fortis RNG,RNG,Res,New Hazelton|Fortis RNG|RNG|Res,MISSING_YEAR
2021,New Hazelton,Fortis RNG,RNG,Res,New Hazelton|Fortis RNG|RNG|Res,MISSING_YEAR
2007,New Hazelton,Fortis RNG,RNG,Res,New Hazelton|Fortis RNG|RNG|Res,MISSING_YEAR
2010,New Hazelton,Fortis RNG,RNG,Res,New Hazelton|Fortis RNG|RNG|Res,MISSING_YEAR
2012,New Hazelton,Fortis RNG,RNG,Res,New Hazelton|Fortis RNG|RNG|Res,MISSING_YEAR
2013,New Hazelton,Fortis RNG,RNG,Res,New Hazelton|Fortis RNG|RNG|Res,MISSING_YEAR
2014,New Hazelton,Fortis RNG,RNG,Res,New Hazelton|Fortis RNG|RNG|Res,MISSING_YEAR
2015,New Hazelton,Fortis RNG,RNG,Res,New Hazelton|Fortis RNG|RNG|Res,MISSING_YEAR
2016,Stewart,Fortis RNG,RNG,Res,Stewart|Fortis RNG|RNG|Res,MISSING_YEAR
2017,Stewart,Fortis RNG,RNG,Res,Stewart|Fortis RNG|RNG|Res,MISSING_YEAR
2018,Stewart,Fortis RNG,RNG,Res,Stewart|Fortis RNG|RNG|Res,MISSING_YEAR
2019,Stewart,Fortis RNG,RNG,Res,Stewart|Fortis RNG|RNG|Res,MISSING_YEAR
2020,Stewart,Fortis RNG,RNG,Res,Stewart|Fortis RNG|RNG|Res,MISSING_YEAR
2021,Stewart,Fortis RNG,RNG,Res,Stewart|Fortis RNG|RNG|Res,MISSING_YEAR
2007,Stewart,Fortis RNG,RNG,Res,Stewart|Fortis RNG|RNG|Res,MISSING_YEAR
2010,Stewart,Fortis RNG,RNG,Res,Stewart|Fortis RNG|RNG|Res,MISSING_YEAR
2012,Stewart,Fortis RNG,RNG,Res,Stewart|Fortis RNG|RNG|Res,MISSING_YEAR
2013,Stewart,Fortis RNG,RNG,Res,Stewart|Fortis RNG|RNG|Res,MISSING_YEAR
2014,Stewart,Fortis RNG,RNG,Res,Stewart|Fortis RNG|RNG|Res,MISSING_YEAR
2015,Stewart,Fortis RNG,RNG,Res,Stewart|Fortis RNG|RNG|Res,MISSING_YEAR
2016,Vanderhoof,Fortis RNG,RNG,Res,Vanderhoof|Fortis RNG|RNG|Res,MISSING_YEAR
2017,Vanderhoof,Fortis RNG,RNG,Res,Vanderhoof|Fortis RNG|RNG|Res,MISSING_YEAR
2018,Vanderhoof,Fortis RNG,RNG,Res,Vanderhoof|Fortis RNG|RNG|Res,MISSING_YEAR
2019,Vanderhoof,Fortis RNG,RNG,Res,Vanderhoof|Fortis RNG|RNG|Res,MISSING_YEAR
2020,Vanderhoof,Fortis RNG,RNG,Res,Vanderhoof|Fortis RNG|RNG|Res,MISSING_YEAR
2021,Vanderhoof,Fortis RNG,RNG,Res,Vanderhoof|Fortis RNG|RNG|Res,MISSING_YEAR
2007,Vanderhoof,Fortis RNG,RNG,Res,Vanderhoof|Fortis RNG|RNG|Res,MISSING_YEAR
2010,Vanderhoof,Fortis RNG,RNG,Res,Vanderhoof|Fortis RNG|RNG|Res,MISSING_YEAR
2012,Vanderhoof,Fortis RNG,RNG,Res,Vanderhoof|Fortis RNG|RNG|Res,MISSING_YEAR
2013,Vanderhoof,Fortis RNG,RNG,Res,Vanderhoof|Fortis RNG|RNG|Res,MISSING_YEAR
2014,Vanderhoof,Fortis RNG,RNG,Res,Vanderhoof|Fortis RNG|RNG|Res,MISSING_YEAR
2015,Vanderhoof,Fortis RNG,RNG,Res,Vanderhoof|Fortis RNG|RNG|Res,MISSING_YEAR
2016,Fraser Lake,Fortis RNG,RNG,Res,Fraser Lake|Fortis RNG|RNG|Res,MISSING_YEAR
2017,Fraser Lake,Fortis RNG,RNG,Res,Fraser Lake|Fortis RNG|RNG|Res,MISSING_YEAR
2018,Fraser Lake,Fortis RNG,RNG,Res,Fraser Lake|Fortis RNG|RNG|Res,MISSING_YEAR
2019,Fraser Lake,Fortis RNG,RNG,Res,Fraser Lake|Fortis RNG|RNG|Res,MISSING_YEAR
2020,Fraser Lake,Fortis RNG,RNG,Res,Fraser Lake|Fortis RNG|RNG|Res,MISSING_YEAR
2021,Fraser Lake,Fortis RNG,RNG,Res,Fraser Lake|Fortis RNG|RNG|Res,MISSING_YEAR
2007,Fraser Lake,Fortis RNG,RNG,Res,Fraser Lake|Fortis RNG|RNG|Res,MISSING_YEAR
2010,Fraser Lake,Fortis RNG,RNG,Res,Fraser Lake|Fortis RNG|RNG|Res,MISSING_YEAR
2012,Fraser Lake,Fortis RNG,RNG,Res,Fraser Lake|Fortis RNG|RNG|Res,MISSING_YEAR
2013,Fraser Lake,Fortis RNG,RNG,Res,Fraser Lake|Fortis RNG|RNG|Res,MISSING_YEAR
2014,Fraser Lake,Fortis RNG,RNG,Res,Fraser Lake|Fortis RNG|RNG|Res,MISSING_YEAR
2015,Fraser Lake,Fortis RNG,RNG,Res,Fraser Lake|Fortis RNG|RNG|Res,MISSING_YEAR
2016,Fort St. James,Fortis RNG,RNG,Res,Fort St. James|Fortis RNG|RNG|Res,MISSING_YEAR
2017,Fort St. James,Fortis RNG,RNG,Res,Fort St. James|Fortis RNG|RNG|Res,MISSING_YEAR
2018,Fort St. James,Fortis RNG,RNG,Res,Fort St. James|Fortis RNG|RNG|Res,MISSING_YEAR
2019,Fort St. James,Fortis RNG,RNG,Res,Fort St. James|Fortis RNG|RNG|Res,MISSING_YEAR
2020,Fort St. James,Fortis RNG,RNG,Res,Fort St. James|Fortis RNG|RNG|Res,MISSING_YEAR
2021,Fort St. James,Fortis RNG,RNG,Res,Fort St. James|Fortis RNG|RNG|Res,MISSING_YEAR
2007,Fort St. James,Fortis RNG,RNG,Res,Fort St. James|Fortis RNG|RNG|Res,MISSING_YEAR
2010,Fort St. James,Fortis RNG,RNG,Res,Fort St. James|Fortis RNG|RNG|Res,MISSING_YEAR
2012,Fort St. James,Fortis RNG,RNG,Res,Fort St. James|Fortis RNG|RNG|Res,MISSING_YEAR
2013,Fort St. James,Fortis RNG,RNG,Res,Fort St. James|Fortis RNG|RNG|Res,MISSING_YEAR
2014,Fort St. James,Fortis RNG,RNG,Res,Fort St. James|Fortis RNG|RNG|Res,MISSING_YEAR
2015,Fort St. James,Fortis RNG,RNG,Res,Fort St. James|Fortis RNG|RNG|Res,MISSING_YEAR
2016,Burns Lake,Fortis RNG,RNG,Res,Burns Lake|Fortis RNG|RNG|Res,MISSING_YEAR
2017,Burns Lake,Fortis RNG,RNG,Res,Burns Lake|Fortis RNG|RNG|Res,MISSING_YEAR
2018,Burns Lake,Fortis RNG,RNG,Res,Burns Lake|Fortis RNG|RNG|Res,MISSING_YEAR
2019,Burns Lake,Fortis RNG,RNG,Res,Burns Lake|Fortis RNG|RNG|Res,MISSING_YEAR
2020,Burns Lake,Fortis RNG,RNG,Res,Burns Lake|Fortis RNG|RNG|Res,MISSING_YEAR
2021,Burns Lake,Fortis RNG,RNG,Res,Burns Lake|Fortis RNG|RNG|Res,MISSING_YEAR
2007,Burns Lake,Fortis RNG,RNG,Res,Burns Lake|Fortis RNG|RNG|Res,MISSING_YEAR
2010,Burns Lake,Fortis RNG,RNG,Res,Burns Lake|Fortis RNG|RNG|Res,MISSING_YEAR
2012,Burns Lake,Fortis RNG,RNG,Res,Burns Lake|Fortis RNG|RNG|Res,MISSING_YEAR
2013,Burns Lake,Fortis RNG,RNG,Res,Burns Lake|Fortis RNG|RNG|Res,MISSING_YEAR
2014,Burns Lake,Fortis RNG,RNG,Res,Burns Lake|Fortis RNG|RNG|Res,MISSING_YEAR
2015,Burns Lake,Fortis RNG,RNG,Res,Burns Lake|Fortis RNG|RNG|Res,MISSING_YEAR
2016,Granisle,Fortis RNG,RNG,Res,Granisle|Fortis RNG|RNG|Res,MISSING_YEAR
2017,Granisle,Fortis RNG,RNG,Res,Granisle|Fortis RNG|RNG|Res,MISSING_YEAR
2018,Granisle,Fortis RNG,RNG,Res,Granisle|Fortis RNG|RNG|Res,MISSING_YEAR
2019,Granisle,Fortis RNG,RNG,Res,Granisle|Fortis RNG|RNG|Res,MISSING_YEAR
2020,Granisle,Fortis RNG,RNG,Res,Granisle|Fortis RNG|RNG|Res,MISSING_YEAR
2021,Granisle,Fortis RNG,RNG,Res,Granisle|Fortis RNG|RNG|Res,MISSING_YEAR
2007,Granisle,Fortis RNG,RNG,Res,Granisle|Fortis RNG|RNG|Res,MISSING_YEAR
2010,Granisle,Fortis RNG,RNG,Res,Granisle|Fortis RNG|RNG|Res,MISSING_YEAR
2012,Granisle,Fortis RNG,RNG,Res,Granisle|Fortis RNG|RNG|Res,MISSING_YEAR
2013,Granisle,Fortis RNG,RNG,Res,Granisle|Fortis RNG|RNG|Res,MISSING_YEAR
2014,Granisle,Fortis RNG,RNG,Res,Granisle|Fortis RNG|RNG|Res,MISSING_YEAR
2015,Granisle,Fortis RNG,RNG,Res,Granisle|Fortis RNG|RNG|Res,MISSING_YEAR
2016,Houston,Fortis RNG,RNG,Res,Houston|Fortis RNG|RNG|Res,MISSING_YEAR
2017,Houston,Fortis RNG,RNG,Res,Houston|Fortis RNG|RNG|Res,MISSING_YEAR
2018,Houston,Fortis RNG,RNG,Res,Houston|Fortis RNG|RNG|Res,MISSING_YEAR
2019,Houston,Fortis RNG,RNG,Res,Houston|Fortis RNG|RNG|Res,MISSING_YEAR
2020,Houston,Fortis RNG,RNG,Res,Houston|Fortis RNG|RNG|Res,MISSING_YEAR
2021,Houston,Fortis RNG,RNG,Res,Houston|Fortis RNG|RNG|Res,MISSING_YEAR
2007,Houston,Fortis RNG,RNG,Res,Houston|Fortis RNG|RNG|Res,MISSING_YEAR
2010,Houston,Fortis RNG,RNG,Res,Houston|Fortis RNG|RNG|Res,MISSING_YEAR
2012,Houston,Fortis RNG,RNG,Res,Houston|Fortis RNG|RNG|Res,MISSING_YEAR
2013,Houston,Fortis RNG,RNG,Res,Houston|Fortis RNG|RNG|Res,MISSING_YEAR
2014,Houston,Fortis RNG,RNG,Res,Houston|Fortis RNG|RNG|Res,MISSING_YEAR
2015,Houston,Fortis RNG,RNG,Res,Houston|Fortis RNG|RNG|Res,MISSING_YEAR
2016,Telkwa,Fortis RNG,RNG,Res,Telkwa|Fortis RNG|RNG|Res,MISSING_YEAR
2017,Telkwa,Fortis RNG,RNG,Res,Telkwa|Fortis RNG|RNG|Res,MISSING_YEAR
2018,Telkwa,Fortis RNG,RNG,Res,Telkwa|Fortis RNG|RNG|Res,MISSING_YEAR
2019,Telkwa,Fortis RNG,RNG,Res,Telkwa|Fortis RNG|RNG|Res,MISSING_YEAR
2020,Telkwa,Fortis RNG,RNG,Res,Telkwa|Fortis RNG|RNG|Res,MISSING_YEAR
2021,Telkwa,Fortis RNG,RNG,Res,Telkwa|Fortis RNG|RNG|Res,MISSING_YEAR
2007,Telkwa,Fortis RNG,RNG,Res,Telkwa|Fortis RNG|RNG|Res,MISSING_YEAR
2010,Telkwa,Fortis RNG,RNG,Res,Telkwa|Fortis RNG|RNG|Res,MISSING_YEAR
2012,Telkwa,Fortis RNG,RNG,Res,Telkwa|Fortis RNG|RNG|Res,MISSING_YEAR
2013,Telkwa,Fortis RNG,RNG,Res,Telkwa|Fortis RNG|RNG|Res,MISSING_YEAR
2014,Telkwa,Fortis RNG,RNG,Res,Telkwa|Fortis RNG|RNG|Res,MISSING_YEAR
2015,Telkwa,Fortis RNG,RNG,Res,Telkwa|Fortis RNG|RNG|Res,MISSING_YEAR
2016,Smithers,Fortis RNG,RNG,Res,Smithers|Fortis RNG|RNG|Res,MISSING_YEAR
2017,Smithers,Fortis RNG,RNG,Res,Smithers|Fortis RNG|RNG|Res,MISSING_YEAR
2018,Smithers,Fortis RNG,RNG,Res,Smithers|Fortis RNG|RNG|Res,MISSING_YEAR
2019,Smithers,Fortis RNG,RNG,Res,Smithers|Fortis RNG|RNG|Res,MISSING_YEAR
2020,Smithers,Fortis RNG,RNG,Res,Smithers|Fortis RNG|RNG|Res,MISSING_YEAR
2021,Smithers,Fortis RNG,RNG,Res,Smithers|Fortis RNG|RNG|Res,MISSING_YEAR
2007,Smithers,Fortis RNG,RNG,Res,Smithers|Fortis RNG|RNG|Res,MISSING_YEAR
2010,Smithers,Fortis RNG,RNG,Res,Smithers|Fortis RNG|RNG|Res,MISSING_YEAR
2012,Smithers,Fortis RNG,RNG,Res,Smithers|Fortis RNG|RNG|Res,MISSING_YEAR
2013,Smithers,Fortis RNG,RNG,Res,Smithers|Fortis RNG|RNG|Res,MISSING_YEAR
2014,Smithers,Fortis RNG,RNG,Res,Smithers|Fortis RNG|RNG|Res,MISSING_YEAR
2015,Smithers,Fortis RNG,RNG,Res,Smithers|Fortis RNG|RNG|Res,MISSING_YEAR
2016,Valemount,Fortis RNG,RNG,Res,Valemount|Fortis RNG|RNG|Res,MISSING_YEAR
2017,Valemount,Fortis RNG,RNG,Res,Valemount|Fortis RNG|RNG|Res,MISSING_YEAR
2018,Valemount,Fortis RNG,RNG,Res,Valemount|Fortis RNG|RNG|Res,MISSING_YEAR
2019,Valemount,Fortis RNG,RNG,Res,Valemount|Fortis RNG|RNG|Res,MISSING_YEAR
2020,Valemount,Fortis RNG,RNG,Res,Valemount|Fortis RNG|RNG|Res,MISSING_YEAR
2021,Valemount,Fortis RNG,RNG,Res,Valemount|Fortis RNG|RNG|Res,MISSING_YEAR
2007,Valemount,Fortis RNG,RNG,Res,Valemount|Fortis RNG|RNG|Res,MISSING_YEAR
2010,Valemount,Fortis RNG,RNG,Res,Valemount|Fortis RNG|RNG|Res,MISSING_YEAR
2012,Valemount,Fortis RNG,RNG,Res,Valemount|Fortis RNG|RNG|Res,MISSING_YEAR
2013,Valemount,Fortis RNG,RNG,Res,Valemount|Fortis RNG|RNG|Res,MISSING_YEAR
2014,Valemount,Fortis RNG,RNG,Res,Valemount|Fortis RNG|RNG|Res,MISSING_YEAR
2015,Valemount,Fortis RNG,RNG,Res,Valemount|Fortis RNG|RNG|Res,MISSING_YEAR
2016,McBride,Fortis RNG,RNG,Res,McBride|Fortis RNG|RNG|Res,MISSING_YEAR
2017,McBride,Fortis RNG,RNG,Res,McBride|Fortis RNG|RNG|Res,MISSING_YEAR
2018,McBride,Fortis RNG,RNG,Res,McBride|Fortis RNG|RNG|Res,MISSING_YEAR
2019,McBride,Fortis RNG,RNG,Res,McBride|Fortis RNG|RNG|Res,MISSING_YEAR
2020,McBride,Fortis RNG,RNG,Res,McBride|Fortis RNG|RNG|Res,MISSING_YEAR
2021,McBride,Fortis RNG,RNG,Res,McBride|Fortis RNG|RNG|Res,MISSING_YEAR
2007,McBride,Fortis RNG,RNG,Res,McBride|Fortis RNG|RNG|Res,MISSING_YEAR
2010,McBride,Fortis RNG,RNG,Res,McBride|Fortis RNG|RNG|Res,MISSING_YEAR
2012,McBride,Fortis RNG,RNG,Res,McBride|Fortis RNG|RNG|Res,MISSING_YEAR
2013,McBride,Fortis RNG,RNG,Res,McBride|Fortis RNG|RNG|Res,MISSING_YEAR
2014,McBride,Fortis RNG,RNG,Res,McBride|Fortis RNG|RNG|Res,MISSING_YEAR
2015,McBride,Fortis RNG,RNG,Res,McBride|Fortis RNG|RNG|Res,MISSING_YEAR
2016,Prince George,Fortis RNG,RNG,Res,Prince George|Fortis RNG|RNG|Res,MISSING_YEAR
2017,Prince George,Fortis RNG,RNG,Res,Prince George|Fortis RNG|RNG|Res,MISSING_YEAR
2018,Prince George,Fortis RNG,RNG,Res,Prince George|Fortis RNG|RNG|Res,MISSING_YEAR
2019,Prince George,Fortis RNG,RNG,Res,Prince George|Fortis RNG|RNG|Res,MISSING_YEAR
2020,Prince George,Fortis RNG,RNG,Res,Prince George|Fortis RNG|RNG|Res,MISSING_YEAR
2021,Prince George,Fortis RNG,RNG,Res,Prince George|Fortis RNG|RNG|Res,MISSING_YEAR
2007,Prince George,Fortis RNG,RNG,Res,Prince George|Fortis RNG|RNG|Res,MISSING_YEAR
2010,Prince George,Fortis RNG,RNG,Res,Prince George|Fortis RNG|RNG|Res,MISSING_YEAR
2012,Prince George,Fortis RNG,RNG,Res,Prince George|Fortis RNG|RNG|Res,MISSING_YEAR
2013,Prince George,Fortis RNG,RNG,Res,Prince George|Fortis RNG|RNG|Res,MISSING_YEAR
2014,Prince George,Fortis RNG,RNG,Res,Prince George|Fortis RNG|RNG|Res,MISSING_YEAR
2015,Prince George,Fortis RNG,RNG,Res,Prince George|Fortis RNG|RNG|Res,MISSING_YEAR
2016,Mackenzie,Fortis RNG,RNG,Res,Mackenzie|Fortis RNG|RNG|Res,MISSING_YEAR
2017,Mackenzie,Fortis RNG,RNG,Res,Mackenzie|Fortis RNG|RNG|Res,MISSING_YEAR
2018,Mackenzie,Fortis RNG,RNG,Res,Mackenzie|Fortis RNG|RNG|Res,MISSING_YEAR
2019,Mackenzie,Fortis RNG,RNG,Res,Mackenzie|Fortis RNG|RNG|Res,MISSING_YEAR
2020,Mackenzie,Fortis RNG,RNG,Res,Mackenzie|Fortis RNG|RNG|Res,MISSING_YEAR
2021,Mackenzie,Fortis RNG,RNG,Res,Mackenzie|Fortis RNG|RNG|Res,MISSING_YEAR
2007,Mackenzie,Fortis RNG,RNG,Res,Mackenzie|Fortis RNG|RNG|Res,MISSING_YEAR
2010,Mackenzie,Fortis RNG,RNG,Res,Mackenzie|Fortis RNG|RNG|Res,MISSING_YEAR
2012,Mackenzie,Fortis RNG,RNG,Res,Mackenzie|Fortis RNG|RNG|Res,MISSING_YEAR
2013,Mackenzie,Fortis RNG,RNG,Res,Mackenzie|Fortis RNG|RNG|Res,MISSING_YEAR
2014,Mackenzie,Fortis RNG,RNG,Res,Mackenzie|Fortis RNG|RNG|Res,MISSING_YEAR
2015,Mackenzie,Fortis RNG,RNG,Res,Mackenzie|Fortis RNG|RNG|Res,MISSING_YEAR
2016,Tumbler Ridge,Fortis RNG,RNG,Res,Tumbler Ridge|Fortis RNG|RNG|Res,MISSING_YEAR
2017,Tumbler Ridge,Fortis RNG,RNG,Res,Tumbler Ridge|Fortis RNG|RNG|Res,MISSING_YEAR
2018,Tumbler Ridge,Fortis RNG,RNG,Res,Tumbler Ridge|Fortis RNG|RNG|Res,MISSING_YEAR
2019,Tumbler Ridge,Fortis RNG,RNG,Res,Tumbler Ridge|Fortis RNG|RNG|Res,MISSING_YEAR
2020,Tumbler Ridge,Fortis RNG,RNG,Res,Tumbler Ridge|Fortis RNG|RNG|Res,MISSING_YEAR
2021,Tumbler Ridge,Fortis RNG,RNG,Res,Tumbler Ridge|Fortis RNG|RNG|Res,MISSING_YEAR
2007,Tumbler Ridge,Fortis RNG,RNG,Res,Tumbler Ridge|Fortis RNG|RNG|Res,MISSING_YEAR
2010,Tumbler Ridge,Fortis RNG,RNG,Res,Tumbler Ridge|Fortis RNG|RNG|Res,MISSING_YEAR
2012,Tumbler Ridge,Fortis RNG,RNG,Res,Tumbler Ridge|Fortis RNG|RNG|Res,MISSING_YEAR
2013,Tumbler Ridge,Fortis RNG,RNG,Res,Tumbler Ridge|Fortis RNG|RNG|Res,MISSING_YEAR
2014,Tumbler Ridge,Fortis RNG,RNG,Res,Tumbler Ridge|Fortis RNG|RNG|Res,MISSING_YEAR
2015,Tumbler Ridge,Fortis RNG,RNG,Res,Tumbler Ridge|Fortis RNG|RNG|Res,MISSING_YEAR
2016,Pouce Coupe,Fortis RNG,RNG,Res,Pouce Coupe|Fortis RNG|RNG|Res,MISSING_YEAR
2017,Pouce Coupe,Fortis RNG,RNG,Res,Pouce Coupe|Fortis RNG|RNG|Res,MISSING_YEAR
2018,Pouce Coupe,Fortis RNG,RNG,Res,Pouce Coupe|Fortis RNG|RNG|Res,MISSING_YEAR
2019,Pouce Coupe,Fortis RNG,RNG,Res,Pouce Coupe|Fortis RNG|RNG|Res,MISSING_YEAR
2020,Pouce Coupe,Fortis RNG,RNG,Res,Pouce Coupe|Fortis RNG|RNG|Res,MISSING_YEAR
2021,Pouce Coupe,Fortis RNG,RNG,Res,Pouce Coupe|Fortis RNG|RNG|Res,MISSING_YEAR
2007,Pouce Coupe,Fortis RNG,RNG,Res,Pouce Coupe|Fortis RNG|RNG|Res,MISSING_YEAR
2010,Pouce Coupe,Fortis RNG,RNG,Res,Pouce Coupe|Fortis RNG|RNG|Res,MISSING_YEAR
2012,Pouce Coupe,Fortis RNG,RNG,Res,Pouce Coupe|Fortis RNG|RNG|Res,MISSING_YEAR
2013,Pouce Coupe,Fortis RNG,RNG,Res,Pouce Coupe|Fortis RNG|RNG|Res,MISSING_YEAR
2014,Pouce Coupe,Fortis RNG,RNG,Res,Pouce Coupe|Fortis RNG|RNG|Res,MISSING_YEAR
2015,Pouce Coupe,Fortis RNG,RNG,Res,Pouce Coupe|Fortis RNG|RNG|Res,MISSING_YEAR
2016,Chetwynd,Fortis RNG,RNG,Res,Chetwynd|Fortis RNG|RNG|Res,MISSING_YEAR
2017,Chetwynd,Fortis RNG,RNG,Res,Chetwynd|Fortis RNG|RNG|Res,MISSING_YEAR
2018,Chetwynd,Fortis RNG,RNG,Res,Chetwynd|Fortis RNG|RNG|Res,MISSING_YEAR
2019,Chetwynd,Fortis RNG,RNG,Res,Chetwynd|Fortis RNG|RNG|Res,MISSING_YEAR
2020,Chetwynd,Fortis RNG,RNG,Res,Chetwynd|Fortis RNG|RNG|Res,MISSING_YEAR
2021,Chetwynd,Fortis RNG,RNG,Res,Chetwynd|Fortis RNG|RNG|Res,MISSING_YEAR
2007,Chetwynd,Fortis RNG,RNG,Res,Chetwynd|Fortis RNG|RNG|Res,MISSING_YEAR
2010,Chetwynd,Fortis RNG,RNG,Res,Chetwynd|Fortis RNG|RNG|Res,MISSING_YEAR
2012,Chetwynd,Fortis RNG,RNG,Res,Chetwynd|Fortis RNG|RNG|Res,MISSING_YEAR
2013,Chetwynd,Fortis RNG,RNG,Res,Chetwynd|Fortis RNG|RNG|Res,MISSING_YEAR
2014,Chetwynd,Fortis RNG,RNG,Res,Chetwynd|Fortis RNG|RNG|Res,MISSING_YEAR
2015,Chetwynd,Fortis RNG,RNG,Res,Chetwynd|Fortis RNG|RNG|Res,MISSING_YEAR
2016,Dawson Creek,Fortis RNG,RNG,Res,Dawson Creek|Fortis RNG|RNG|Res,MISSING_YEAR
2017,Dawson Creek,Fortis RNG,RNG,Res,Dawson Creek|Fortis RNG|RNG|Res,MISSING_YEAR
2018,Dawson Creek,Fortis RNG,RNG,Res,Dawson Creek|Fortis RNG|RNG|Res,MISSING_YEAR
2019,Dawson Creek,Fortis RNG,RNG,Res,Dawson Creek|Fortis RNG|RNG|Res,MISSING_YEAR
2020,Dawson Creek,Fortis RNG,RNG,Res,Dawson Creek|Fortis RNG|RNG|Res,MISSING_YEAR
2021,Dawson Creek,Fortis RNG,RNG,Res,Dawson Creek|Fortis RNG|RNG|Res,MISSING_YEAR
2007,Dawson Creek,Fortis RNG,RNG,Res,Dawson Creek|Fortis RNG|RNG|Res,MISSING_YEAR
2010,Dawson Creek,Fortis RNG,RNG,Res,Dawson Creek|Fortis RNG|RNG|Res,MISSING_YEAR
2012,Dawson Creek,Fortis RNG,RNG,Res,Dawson Creek|Fortis RNG|RNG|Res,MISSING_YEAR
2013,Dawson Creek,Fortis RNG,RNG,Res,Dawson Creek|Fortis RNG|RNG|Res,MISSING_YEAR
2014,Dawson Creek,Fortis RNG,RNG,Res,Dawson Creek|Fortis RNG|RNG|Res,MISSING_YEAR
2015,Dawson Creek,Fortis RNG,RNG,Res,Dawson Creek|Fortis RNG|RNG|Res,MISSING_YEAR
2016,Hudson's Hope,Fortis RNG,RNG,Res,Hudson's Hope|Fortis RNG|RNG|Res,MISSING_YEAR
2017,Hudson's Hope,Fortis RNG,RNG,Res,Hudson's Hope|Fortis RNG|RNG|Res,MISSING_YEAR
2018,Hudson's Hope,Fortis RNG,RNG,Res,Hudson's Hope|Fortis RNG|RNG|Res,MISSING_YEAR
2019,Hudson's Hope,Fortis RNG,RNG,Res,Hudson's Hope|Fortis RNG|RNG|Res,MISSING_YEAR
2020,Hudson's Hope,Fortis RNG,RNG,Res,Hudson's Hope|Fortis RNG|RNG|Res,MISSING_YEAR
2021,Hudson's Hope,Fortis RNG,RNG,Res,Hudson's Hope|Fortis RNG|RNG|Res,MISSING_YEAR
2007,Hudson's Hope,Fortis RNG,RNG,Res,Hudson's Hope|Fortis RNG|RNG|Res,MISSING_YEAR
2010,Hudson's Hope,Fortis RNG,RNG,Res,Hudson's Hope|Fortis RNG|RNG|Res,MISSING_YEAR
2012,Hudson's Hope,Fortis RNG,RNG,Res,Hudson's Hope|Fortis RNG|RNG|Res,MISSING_YEAR
2013,Hudson's Hope,Fortis RNG,RNG,Res,Hudson's Hope|Fortis RNG|RNG|Res,MISSING_YEAR
2014,Hudson's Hope,Fortis RNG,RNG,Res,Hudson's Hope|Fortis RNG|RNG|Res,MISSING_YEAR
2015,Hudson's Hope,Fortis RNG,RNG,Res,Hudson's Hope|Fortis RNG|RNG|Res,MISSING_YEAR
2016,Taylor,Fortis RNG,RNG,Res,Taylor|Fortis RNG|RNG|Res,MISSING_YEAR
2017,Taylor,Fortis RNG,RNG,Res,Taylor|Fortis RNG|RNG|Res,MISSING_YEAR
2018,Taylor,Fortis RNG,RNG,Res,Taylor|Fortis RNG|RNG|Res,MISSING_YEAR
2019,Taylor,Fortis RNG,RNG,Res,Taylor|Fortis RNG|RNG|Res,MISSING_YEAR
2020,Taylor,Fortis RNG,RNG,Res,Taylor|Fortis RNG|RNG|Res,MISSING_YEAR
2021,Taylor,Fortis RNG,RNG,Res,Taylor|Fortis RNG|RNG|Res,MISSING_YEAR
2007,Taylor,Fortis RNG,RNG,Res,Taylor|Fortis RNG|RNG|Res,MISSING_YEAR
2010,Taylor,Fortis RNG,RNG,Res,Taylor|Fortis RNG|RNG|Res,MISSING_YEAR
2012,Taylor,Fortis RNG,RNG,Res,Taylor|Fortis RNG|RNG|Res,MISSING_YEAR
2013,Taylor,Fortis RNG,RNG,Res,Taylor|Fortis RNG|RNG|Res,MISSING_YEAR
2014,Taylor,Fortis RNG,RNG,Res,Taylor|Fortis RNG|RNG|Res,MISSING_YEAR
2015,Taylor,Fortis RNG,RNG,Res,Taylor|Fortis RNG|RNG|Res,MISSING_YEAR
2016,Fort St. John,Fortis RNG,RNG,Res,Fort St. John|Fortis RNG|RNG|Res,MISSING_YEAR
2017,Fort St. John,Fortis RNG,RNG,Res,Fort St. John|Fortis RNG|RNG|Res,MISSING_YEAR
2018,Fort St. John,Fortis RNG,RNG,Res,Fort St. John|Fortis RNG|RNG|Res,MISSING_YEAR
2019,Fort St. John,Fortis RNG,RNG,Res,Fort St. John|Fortis RNG|RNG|Res,MISSING_YEAR
2020,Fort St. John,Fortis RNG,RNG,Res,Fort St. John|Fortis RNG|RNG|Res,MISSING_YEAR
2021,Fort St. John,Fortis RNG,RNG,Res,Fort St. John|Fortis RNG|RNG|Res,MISSING_YEAR
2007,Fort St. John,Fortis RNG,RNG,Res,Fort St. John|Fortis RNG|RNG|Res,MISSING_YEAR
2010,Fort St. John,Fortis RNG,RNG,Res,Fort St. John|Fortis RNG|RNG|Res,MISSING_YEAR
2012,Fort St. John,Fortis RNG,RNG,Res,Fort St. John|Fortis RNG|RNG|Res,MISSING_YEAR
2013,Fort St. John,Fortis RNG,RNG,Res,Fort St. John|Fortis RNG|RNG|Res,MISSING_YEAR
2014,Fort St. John,Fortis RNG,RNG,Res,Fort St. John|Fortis RNG|RNG|Res,MISSING_YEAR
2015,Fort St. John,Fortis RNG,RNG,Res,Fort St. John|Fortis RNG|RNG|Res,MISSING_YEAR
2016,Powell River,Fortis RNG,RNG,CSMI,Powell River|Fortis RNG|RNG|CSMI,MISSING_YEAR
2017,Powell River,Fortis RNG,RNG,CSMI,Powell River|Fortis RNG|RNG|CSMI,MISSING_YEAR
2018,Powell River,Fortis RNG,RNG,CSMI,Powell River|Fortis RNG|RNG|CSMI,MISSING_YEAR
2019,Powell River,Fortis RNG,RNG,CSMI,Powell River|Fortis RNG|RNG|CSMI,MISSING_YEAR
2020,Powell River,Fortis RNG,RNG,CSMI,Powell River|Fortis RNG|RNG|CSMI,MISSING_YEAR
2021,Powell River,Fortis RNG,RNG,CSMI,Powell River|Fortis RNG|RNG|CSMI,MISSING_YEAR
2007,Powell River,Fortis RNG,RNG,CSMI,Powell River|Fortis RNG|RNG|CSMI,MISSING_YEAR
2010,Powell River,Fortis RNG,RNG,CSMI,Powell River|Fortis RNG|RNG|CSMI,MISSING_YEAR
2012,Powell River,Fortis RNG,RNG,CSMI,Powell River|Fortis RNG|RNG|CSMI,MISSING_YEAR
2013,Powell River,Fortis RNG,RNG,CSMI,Powell River|Fortis RNG|RNG|CSMI,MISSING_YEAR
2014,Powell River,Fortis RNG,RNG,CSMI,Powell River|Fortis RNG|RNG|CSMI,MISSING_YEAR
2015,Powell River,Fortis RNG,RNG,CSMI,Powell River|Fortis RNG|RNG|CSMI,MISSING_YEAR
2016,Elkford,Fortis RNG,RNG,CSMI,Elkford|Fortis RNG|RNG|CSMI,MISSING_YEAR
2017,Elkford,Fortis RNG,RNG,CSMI,Elkford|Fortis RNG|RNG|CSMI,MISSING_YEAR
2018,Elkford,Fortis RNG,RNG,CSMI,Elkford|Fortis RNG|RNG|CSMI,MISSING_YEAR
2019,Elkford,Fortis RNG,RNG,CSMI,Elkford|Fortis RNG|RNG|CSMI,MISSING_YEAR
2020,Elkford,Fortis RNG,RNG,CSMI,Elkford|Fortis RNG|RNG|CSMI,MISSING_YEAR
2021,Elkford,Fortis RNG,RNG,CSMI,Elkford|Fortis RNG|RNG|CSMI,MISSING_YEAR
2007,Elkford,Fortis RNG,RNG,CSMI,Elkford|Fortis RNG|RNG|CSMI,MISSING_YEAR
2010,Elkford,Fortis RNG,RNG,CSMI,Elkford|Fortis RNG|RNG|CSMI,MISSING_YEAR
2012,Elkford,Fortis RNG,RNG,CSMI,Elkford|Fortis RNG|RNG|CSMI,MISSING_YEAR
2013,Elkford,Fortis RNG,RNG,CSMI,Elkford|Fortis RNG|RNG|CSMI,MISSING_YEAR
2014,Elkford,Fortis RNG,RNG,CSMI,Elkford|Fortis RNG|RNG|CSMI,MISSING_YEAR
2015,Elkford,Fortis RNG,RNG,CSMI,Elkford|Fortis RNG|RNG|CSMI,MISSING_YEAR
2016,Sparwood,Fortis RNG,RNG,CSMI,Sparwood|Fortis RNG|RNG|CSMI,MISSING_YEAR
2017,Sparwood,Fortis RNG,RNG,CSMI,Sparwood|Fortis RNG|RNG|CSMI,MISSING_YEAR
2018,Sparwood,Fortis RNG,RNG,CSMI,Sparwood|Fortis RNG|RNG|CSMI,MISSING_YEAR
2019,Sparwood,Fortis RNG,RNG,CSMI,Sparwood|Fortis RNG|RNG|CSMI,MISSING_YEAR
2020,Sparwood,Fortis RNG,RNG,CSMI,Sparwood|Fortis RNG|RNG|CSMI,MISSING_YEAR
2021,Sparwood,Fortis RNG,RNG,CSMI,Sparwood|Fortis RNG|RNG|CSMI,MISSING_YEAR
2007,Sparwood,Fortis RNG,RNG,CSMI,Sparwood|Fortis RNG|RNG|CSMI,MISSING_YEAR
2010,Sparwood,Fortis RNG,RNG,CSMI,Sparwood|Fortis RNG|RNG|CSMI,MISSING_YEAR
2012,Sparwood,Fortis RNG,RNG,CSMI,Sparwood|Fortis RNG|RNG|CSMI,MISSING_YEAR
2013,Sparwood,Fortis RNG,RNG,CSMI,Sparwood|Fortis RNG|RNG|CSMI,MISSING_YEAR
2014,Sparwood,Fortis RNG,RNG,CSMI,Sparwood|Fortis RNG|RNG|CSMI,MISSING_YEAR
2015,Sparwood,Fortis RNG,RNG,CSMI,Sparwood|Fortis RNG|RNG|CSMI,MISSING_YEAR
2016,Fernie,Fortis RNG,RNG,CSMI,Fernie|Fortis RNG|RNG|CSMI,MISSING_YEAR
2017,Fernie,Fortis RNG,RNG,CSMI,Fernie|Fortis RNG|RNG|CSMI,MISSING_YEAR
2018,Fernie,Fortis RNG,RNG,CSMI,Fernie|Fortis RNG|RNG|CSMI,MISSING_YEAR
2019,Fernie,Fortis RNG,RNG,CSMI,Fernie|Fortis RNG|RNG|CSMI,MISSING_YEAR
2020,Fernie,Fortis RNG,RNG,CSMI,Fernie|Fortis RNG|RNG|CSMI,MISSING_YEAR
2021,Fernie,Fortis RNG,RNG,CSMI,Fernie|Fortis RNG|RNG|CSMI,MISSING_YEAR
2007,Fernie,Fortis RNG,RNG,CSMI,Fernie|Fortis RNG|RNG|CSMI,MISSING_YEAR
2010,Fernie,Fortis RNG,RNG,CSMI,Fernie|Fortis RNG|RNG|CSMI,MISSING_YEAR
2012,Fernie,Fortis RNG,RNG,CSMI,Fernie|Fortis RNG|RNG|CSMI,MISSING_YEAR
2013,Fernie,Fortis RNG,RNG,CSMI,Fernie|Fortis RNG|RNG|CSMI,MISSING_YEAR
2014,Fernie,Fortis RNG,RNG,CSMI,Fernie|Fortis RNG|RNG|CSMI,MISSING_YEAR
2015,Fernie,Fortis RNG,RNG,CSMI,Fernie|Fortis RNG|RNG|CSMI,MISSING_YEAR
2016,Cranbrook,Fortis RNG,RNG,CSMI,Cranbrook|Fortis RNG|RNG|CSMI,MISSING_YEAR
2017,Cranbrook,Fortis RNG,RNG,CSMI,Cranbrook|Fortis RNG|RNG|CSMI,MISSING_YEAR
2018,Cranbrook,Fortis RNG,RNG,CSMI,Cranbrook|Fortis RNG|RNG|CSMI,MISSING_YEAR
2019,Cranbrook,Fortis RNG,RNG,CSMI,Cranbrook|Fortis RNG|RNG|CSMI,MISSING_YEAR
2020,Cranbrook,Fortis RNG,RNG,CSMI,Cranbrook|Fortis RNG|RNG|CSMI,MISSING_YEAR
2021,Cranbrook,Fortis RNG,RNG,CSMI,Cranbrook|Fortis RNG|RNG|CSMI,MISSING_YEAR
2007,Cranbrook,Fortis RNG,RNG,CSMI,Cranbrook|Fortis RNG|RNG|CSMI,MISSING_YEAR
2010,Cranbrook,Fortis RNG,RNG,CSMI,Cranbrook|Fortis RNG|RNG|CSMI,MISSING_YEAR
2012,Cranbrook,Fortis RNG,RNG,CSMI,Cranbrook|Fortis RNG|RNG|CSMI,MISSING_YEAR
2013,Cranbrook,Fortis RNG,RNG,CSMI,Cranbrook|Fortis RNG|RNG|CSMI,MISSING_YEAR
2014,Cranbrook,Fortis RNG,RNG,CSMI,Cranbrook|Fortis RNG|RNG|CSMI,MISSING_YEAR
2015,Cranbrook,Fortis RNG,RNG,CSMI,Cranbrook|Fortis RNG|RNG|CSMI,MISSING_YEAR
2016,Kimberley,Fortis RNG,RNG,CSMI,Kimberley|Fortis RNG|RNG|CSMI,MISSING_YEAR
2017,Kimberley,Fortis RNG,RNG,CSMI,Kimberley|Fortis RNG|RNG|CSMI,MISSING_YEAR
2018,Kimberley,Fortis RNG,RNG,CSMI,Kimberley|Fortis RNG|RNG|CSMI,MISSING_YEAR
2019,Kimberley,Fortis RNG,RNG,CSMI,Kimberley|Fortis RNG|RNG|CSMI,MISSING_YEAR
2020,Kimberley,Fortis RNG,RNG,CSMI,Kimberley|Fortis RNG|RNG|CSMI,MISSING_YEAR
2021,Kimberley,Fortis RNG,RNG,CSMI,Kimberley|Fortis RNG|RNG|CSMI,MISSING_YEAR
2007,Kimberley,Fortis RNG,RNG,CSMI,Kimberley|Fortis RNG|RNG|CSMI,MISSING_YEAR
2010,Kimberley,Fortis RNG,RNG,CSMI,Kimberley|Fortis RNG|RNG|CSMI,MISSING_YEAR
2012,Kimberley,Fortis RNG,RNG,CSMI,Kimberley|Fortis RNG|RNG|CSMI,MISSING_YEAR
2013,Kimberley,Fortis RNG,RNG,CSMI,Kimberley|Fortis RNG|RNG|CSMI,MISSING_YEAR
2014,Kimberley,Fortis RNG,RNG,CSMI,Kimberley|Fortis RNG|RNG|CSMI,MISSING_YEAR
2015,Kimberley,Fortis RNG,RNG,CSMI,Kimberley|Fortis RNG|RNG|CSMI,MISSING_YEAR
2016,Invermere,Fortis RNG,RNG,CSMI,Invermere|Fortis RNG|RNG|CSMI,MISSING_YEAR
2017,Invermere,Fortis RNG,RNG,CSMI,Invermere|Fortis RNG|RNG|CSMI,MISSING_YEAR
2018,Invermere,Fortis RNG,RNG,CSMI,Invermere|Fortis RNG|RNG|CSMI,MISSING_YEAR
2019,Invermere,Fortis RNG,RNG,CSMI,Invermere|Fortis RNG|RNG|CSMI,MISSING_YEAR
2020,Invermere,Fortis RNG,RNG,CSMI,Invermere|Fortis RNG|RNG|CSMI,MISSING_YEAR
2021,Invermere,Fortis RNG,RNG,CSMI,Invermere|Fortis RNG|RNG|CSMI,MISSING_YEAR
2007,Invermere,Fortis RNG,RNG,CSMI,Invermere|Fortis RNG|RNG|CSMI,MISSING_YEAR
2010,Invermere,Fortis RNG,RNG,CSMI,Invermere|Fortis RNG|RNG|CSMI,MISSING_YEAR
2012,Invermere,Fortis RNG,RNG,CSMI,Invermere|Fortis RNG|RNG|CSMI,MISSING_YEAR
2013,Invermere,Fortis RNG,RNG,CSMI,Invermere|Fortis RNG|RNG|CSMI,MISSING_YEAR
2014,Invermere,Fortis RNG,RNG,CSMI,Invermere|Fortis RNG|RNG|CSMI,MISSING_YEAR
2015,Invermere,Fortis RNG,RNG,CSMI,Invermere|Fortis RNG|RNG|CSMI,MISSING_YEAR
2016,Radium Hot Springs,Fortis RNG,RNG,CSMI,Radium Hot Springs|Fortis RNG|RNG|CSMI,MISSING_YEAR
2017,Radium Hot Springs,Fortis RNG,RNG,CSMI,Radium Hot Springs|Fortis RNG|RNG|CSMI,MISSING_YEAR
2018,Radium Hot Springs,Fortis RNG,RNG,CSMI,Radium Hot Springs|Fortis RNG|RNG|CSMI,MISSING_YEAR
2019,Radium Hot Springs,Fortis RNG,RNG,CSMI,Radium Hot Springs|Fortis RNG|RNG|CSMI,MISSING_YEAR
2020,Radium Hot Springs,Fortis RNG,RNG,CSMI,Radium Hot Springs|Fortis RNG|RNG|CSMI,MISSING_YEAR
2021,Radium Hot Springs,Fortis RNG,RNG,CSMI,Radium Hot Springs|Fortis RNG|RNG|CSMI,MISSING_YEAR
2007,Radium Hot Springs,Fortis RNG,RNG,CSMI,Radium Hot Springs|Fortis RNG|RNG|CSMI,MISSING_YEAR
2010,Radium Hot Springs,Fortis RNG,RNG,CSMI,Radium Hot Springs|Fortis RNG|RNG|CSMI,MISSING_YEAR
2012,Radium Hot Springs,Fortis RNG,RNG,CSMI,Radium Hot Springs|Fortis RNG|RNG|CSMI,MISSING_YEAR
2013,Radium Hot Springs,Fortis RNG,RNG,CSMI,Radium Hot Springs|Fortis RNG|RNG|CSMI,MISSING_YEAR
2014,Radium Hot Springs,Fortis RNG,RNG,CSMI,Radium Hot Springs|Fortis RNG|RNG|CSMI,MISSING_YEAR
2015,Radium Hot Springs,Fortis RNG,RNG,CSMI,Radium Hot Springs|Fortis RNG|RNG|CSMI,MISSING_YEAR
2016,Canal Flats,Fortis RNG,RNG,CSMI,Canal Flats|Fortis RNG|RNG|CSMI,MISSING_YEAR
2017,Canal Flats,Fortis RNG,RNG,CSMI,Canal Flats|Fortis RNG|RNG|CSMI,MISSING_YEAR
2018,Canal Flats,Fortis RNG,RNG,CSMI,Canal Flats|Fortis RNG|RNG|CSMI,MISSING_YEAR
2019,Canal Flats,Fortis RNG,RNG,CSMI,Canal Flats|Fortis RNG|RNG|CSMI,MISSING_YEAR
2020,Canal Flats,Fortis RNG,RNG,CSMI,Canal Flats|Fortis RNG|RNG|CSMI,MISSING_YEAR
2021,Canal Flats,Fortis RNG,RNG,CSMI,Canal Flats|Fortis RNG|RNG|CSMI,MISSING_YEAR
2007,Canal Flats,Fortis RNG,RNG,CSMI,Canal Flats|Fortis RNG|RNG|CSMI,MISSING_YEAR
2010,Canal Flats,Fortis RNG,RNG,CSMI,Canal Flats|Fortis RNG|RNG|CSMI,MISSING_YEAR
2012,Canal Flats,Fortis RNG,RNG,CSMI,Canal Flats|Fortis RNG|RNG|CSMI,MISSING_YEAR
2013,Canal Flats,Fortis RNG,RNG,CSMI,Canal Flats|Fortis RNG|RNG|CSMI,MISSING_YEAR
2014,Canal Flats,Fortis RNG,RNG,CSMI,Canal Flats|Fortis RNG|RNG|CSMI,MISSING_YEAR
2015,Canal Flats,Fortis RNG,RNG,CSMI,Canal Flats|Fortis RNG|RNG|CSMI,MISSING_YEAR
2016,Creston,Fortis RNG,RNG,CSMI,Creston|Fortis RNG|RNG|CSMI,MISSING_YEAR
2017,Creston,Fortis RNG,RNG,CSMI,Creston|Fortis RNG|RNG|CSMI,MISSING_YEAR
2018,Creston,Fortis RNG,RNG,CSMI,Creston|Fortis RNG|RNG|CSMI,MISSING_YEAR
2019,Creston,Fortis RNG,RNG,CSMI,Creston|Fortis RNG|RNG|CSMI,MISSING_YEAR
2020,Creston,Fortis RNG,RNG,CSMI,Creston|Fortis RNG|RNG|CSMI,MISSING_YEAR
2021,Creston,Fortis RNG,RNG,CSMI,Creston|Fortis RNG|RNG|CSMI,MISSING_YEAR
2007,Creston,Fortis RNG,RNG,CSMI,Creston|Fortis RNG|RNG|CSMI,MISSING_YEAR
2010,Creston,Fortis RNG,RNG,CSMI,Creston|Fortis RNG|RNG|CSMI,MISSING_YEAR
2012,Creston,Fortis RNG,RNG,CSMI,Creston|Fortis RNG|RNG|CSMI,MISSING_YEAR
2013,Creston,Fortis RNG,RNG,CSMI,Creston|Fortis RNG|RNG|CSMI,MISSING_YEAR
2014,Creston,Fortis RNG,RNG,CSMI,Creston|Fortis RNG|RNG|CSMI,MISSING_YEAR
2015,Creston,Fortis RNG,RNG,CSMI,Creston|Fortis RNG|RNG|CSMI,MISSING_YEAR
2016,Salmo,Fortis RNG,RNG,CSMI,Salmo|Fortis RNG|RNG|CSMI,MISSING_YEAR
2017,Salmo,Fortis RNG,RNG,CSMI,Salmo|Fortis RNG|RNG|CSMI,MISSING_YEAR
2018,Salmo,Fortis RNG,RNG,CSMI,Salmo|Fortis RNG|RNG|CSMI,MISSING_YEAR
2019,Salmo,Fortis RNG,RNG,CSMI,Salmo|Fortis RNG|RNG|CSMI,MISSING_YEAR
2020,Salmo,Fortis RNG,RNG,CSMI,Salmo|Fortis RNG|RNG|CSMI,MISSING_YEAR
2021,Salmo,Fortis RNG,RNG,CSMI,Salmo|Fortis RNG|RNG|CSMI,MISSING_YEAR
2007,Salmo,Fortis RNG,RNG,CSMI,Salmo|Fortis RNG|RNG|CSMI,MISSING_YEAR
2010,Salmo,Fortis RNG,RNG,CSMI,Salmo|Fortis RNG|RNG|CSMI,MISSING_YEAR
2012,Salmo,Fortis RNG,RNG,CSMI,Salmo|Fortis RNG|RNG|CSMI,MISSING_YEAR
2013,Salmo,Fortis RNG,RNG,CSMI,Salmo|Fortis RNG|RNG|CSMI,MISSING_YEAR
2014,Salmo,Fortis RNG,RNG,CSMI,Salmo|Fortis RNG|RNG|CSMI,MISSING_YEAR
2015,Salmo,Fortis RNG,RNG,CSMI,Salmo|Fortis RNG|RNG|CSMI,MISSING_YEAR
2016,Nelson,Fortis RNG,RNG,CSMI,Nelson|Fortis RNG|RNG|CSMI,MISSING_YEAR
2017,Nelson,Fortis RNG,RNG,CSMI,Nelson|Fortis RNG|RNG|CSMI,MISSING_YEAR
2018,Nelson,Fortis RNG,RNG,CSMI,Nelson|Fortis RNG|RNG|CSMI,MISSING_YEAR
2019,Nelson,Fortis RNG,RNG,CSMI,Nelson|Fortis RNG|RNG|CSMI,MISSING_YEAR
2020,Nelson,Fortis RNG,RNG,CSMI,Nelson|Fortis RNG|RNG|CSMI,MISSING_YEAR
2021,Nelson,Fortis RNG,RNG,CSMI,Nelson|Fortis RNG|RNG|CSMI,MISSING_YEAR
2007,Nelson,Fortis RNG,RNG,CSMI,Nelson|Fortis RNG|RNG|CSMI,MISSING_YEAR
2010,Nelson,Fortis RNG,RNG,CSMI,Nelson|Fortis RNG|RNG|CSMI,MISSING_YEAR
2012,Nelson,Fortis RNG,RNG,CSMI,Nelson|Fortis RNG|RNG|CSMI,MISSING_YEAR
2013,Nelson,Fortis RNG,RNG,CSMI,Nelson|Fortis RNG|RNG|CSMI,MISSING_YEAR
2014,Nelson,Fortis RNG,RNG,CSMI,Nelson|Fortis RNG|RNG|CSMI,MISSING_YEAR
2015,Nelson,Fortis RNG,RNG,CSMI,Nelson|Fortis RNG|RNG|CSMI,MISSING_YEAR
2016,Slocan,Fortis RNG,RNG,CSMI,Slocan|Fortis RNG|RNG|CSMI,MISSING_YEAR
2017,Slocan,Fortis RNG,RNG,CSMI,Slocan|Fortis RNG|RNG|CSMI,MISSING_YEAR
2018,Slocan,Fortis RNG,RNG,CSMI,Slocan|Fortis RNG|RNG|CSMI,MISSING_YEAR
2019,Slocan,Fortis RNG,RNG,CSMI,Slocan|Fortis RNG|RNG|CSMI,MISSING_YEAR
2020,Slocan,Fortis RNG,RNG,CSMI,Slocan|Fortis RNG|RNG|CSMI,MISSING_YEAR
2021,Slocan,Fortis RNG,RNG,CSMI,Slocan|Fortis RNG|RNG|CSMI,MISSING_YEAR
2007,Slocan,Fortis RNG,RNG,CSMI,Slocan|Fortis RNG|RNG|CSMI,MISSING_YEAR
2010,Slocan,Fortis RNG,RNG,CSMI,Slocan|Fortis RNG|RNG|CSMI,MISSING_YEAR
2012,Slocan,Fortis RNG,RNG,CSMI,Slocan|Fortis RNG|RNG|CSMI,MISSING_YEAR
2013,Slocan,Fortis RNG,RNG,CSMI,Slocan|Fortis RNG|RNG|CSMI,MISSING_YEAR
2014,Slocan,Fortis RNG,RNG,CSMI,Slocan|Fortis RNG|RNG|CSMI,MISSING_YEAR
2015,Slocan,Fortis RNG,RNG,CSMI,Slocan|Fortis RNG|RNG|CSMI,MISSING_YEAR
2016,Kaslo,Fortis RNG,RNG,CSMI,Kaslo|Fortis RNG|RNG|CSMI,MISSING_YEAR
2017,Kaslo,Fortis RNG,RNG,CSMI,Kaslo|Fortis RNG|RNG|CSMI,MISSING_YEAR
2018,Kaslo,Fortis RNG,RNG,CSMI,Kaslo|Fortis RNG|RNG|CSMI,MISSING_YEAR
2019,Kaslo,Fortis RNG,RNG,CSMI,Kaslo|Fortis RNG|RNG|CSMI,MISSING_YEAR
2020,Kaslo,Fortis RNG,RNG,CSMI,Kaslo|Fortis RNG|RNG|CSMI,MISSING_YEAR
2021,Kaslo,Fortis RNG,RNG,CSMI,Kaslo|Fortis RNG|RNG|CSMI,MISSING_YEAR
2007,Kaslo,Fortis RNG,RNG,CSMI,Kaslo|Fortis RNG|RNG|CSMI,MISSING_YEAR
2010,Kaslo,Fortis RNG,RNG,CSMI,Kaslo|Fortis RNG|RNG|CSMI,MISSING_YEAR
2012,Kaslo,Fortis RNG,RNG,CSMI,Kaslo|Fortis RNG|RNG|CSMI,MISSING_YEAR
2013,Kaslo,Fortis RNG,RNG,CSMI,Kaslo|Fortis RNG|RNG|CSMI,MISSING_YEAR
2014,Kaslo,Fortis RNG,RNG,CSMI,Kaslo|Fortis RNG|RNG|CSMI,MISSING_YEAR
2015,Kaslo,Fortis RNG,RNG,CSMI,Kaslo|Fortis RNG|RNG|CSMI,MISSING_YEAR
2016,Silverton,Fortis RNG,RNG,CSMI,Silverton|Fortis RNG|RNG|CSMI,MISSING_YEAR
2017,Silverton,Fortis RNG,RNG,CSMI,Silverton|Fortis RNG|RNG|CSMI,MISSING_YEAR
2018,Silverton,Fortis RNG,RNG,CSMI,Silverton|Fortis RNG|RNG|CSMI,MISSING_YEAR
2019,Silverton,Fortis RNG,RNG,CSMI,Silverton|Fortis RNG|RNG|CSMI,MISSING_YEAR
2020,Silverton,Fortis RNG,RNG,CSMI,Silverton|Fortis RNG|RNG|CSMI,MISSING_YEAR
2021,Silverton,Fortis RNG,RNG,CSMI,Silverton|Fortis RNG|RNG|CSMI,MISSING_YEAR
2007,Silverton,Fortis RNG,RNG,CSMI,Silverton|Fortis RNG|RNG|CSMI,MISSING_YEAR
2010,Silverton,Fortis RNG,RNG,CSMI,Silverton|Fortis RNG|RNG|CSMI,MISSING_YEAR
2012,Silverton,Fortis RNG,RNG,CSMI,Silverton|Fortis RNG|RNG|CSMI,MISSING_YEAR
2013,Silverton,Fortis RNG,RNG,CSMI,Silverton|Fortis RNG|RNG|CSMI,MISSING_YEAR
2014,Silverton,Fortis RNG,RNG,CSMI,Silverton|Fortis RNG|RNG|CSMI,MISSING_YEAR
2015,Silverton,Fortis RNG,RNG,CSMI,Silverton|Fortis RNG|RNG|CSMI,MISSING_YEAR
2016,New Denver,Fortis RNG,RNG,CSMI,New Denver|Fortis RNG|RNG|CSMI,MISSING_YEAR
2017,New Denver,Fortis RNG,RNG,CSMI,New Denver|Fortis RNG|RNG|CSMI,MISSING_YEAR
2018,New Denver,Fortis RNG,RNG,CSMI,New Denver|Fortis RNG|RNG|CSMI,MISSING_YEAR
2019,New Denver,Fortis RNG,RNG,CSMI,New Denver|Fortis RNG|RNG|CSMI,MISSING_YEAR
2020,New Denver,Fortis RNG,RNG,CSMI,New Denver|Fortis RNG|RNG|CSMI,MISSING_YEAR
2021,New Denver,Fortis RNG,RNG,CSMI,New Denver|Fortis RNG|RNG|CSMI,MISSING_YEAR
2007,New Denver,Fortis RNG,RNG,CSMI,New Denver|Fortis RNG|RNG|CSMI,MISSING_YEAR
2010,New Denver,Fortis RNG,RNG,CSMI,New Denver|Fortis RNG|RNG|CSMI,MISSING_YEAR
2012,New Denver,Fortis RNG,RNG,CSMI,New Denver|Fortis RNG|RNG|CSMI,MISSING_YEAR
2013,New Denver,Fortis RNG,RNG,CSMI,New Denver|Fortis RNG|RNG|CSMI,MISSING_YEAR
2014,New Denver,Fortis RNG,RNG,CSMI,New Denver|Fortis RNG|RNG|CSMI,MISSING_YEAR
2015,New Denver,Fortis RNG,RNG,CSMI,New Denver|Fortis RNG|RNG|CSMI,MISSING_YEAR
2016,Castlegar,Fortis RNG,RNG,CSMI,Castlegar|Fortis RNG|RNG|CSMI,MISSING_YEAR
2017,Castlegar,Fortis RNG,RNG,CSMI,Castlegar|Fortis RNG|RNG|CSMI,MISSING_YEAR
2018,Castlegar,Fortis RNG,RNG,CSMI,Castlegar|Fortis RNG|RNG|CSMI,MISSING_YEAR
2019,Castlegar,Fortis RNG,RNG,CSMI,Castlegar|Fortis RNG|RNG|CSMI,MISSING_YEAR
2020,Castlegar,Fortis RNG,RNG,CSMI,Castlegar|Fortis RNG|RNG|CSMI,MISSING_YEAR
2021,Castlegar,Fortis RNG,RNG,CSMI,Castlegar|Fortis RNG|RNG|CSMI,MISSING_YEAR
2007,Castlegar,Fortis RNG,RNG,CSMI,Castlegar|Fortis RNG|RNG|CSMI,MISSING_YEAR
2010,Castlegar,Fortis RNG,RNG,CSMI,Castlegar|Fortis RNG|RNG|CSMI,MISSING_YEAR
2012,Castlegar,Fortis RNG,RNG,CSMI,Castlegar|Fortis RNG|RNG|CSMI,MISSING_YEAR
2013,Castlegar,Fortis RNG,RNG,CSMI,Castlegar|Fortis RNG|RNG|CSMI,MISSING_YEAR
2014,Castlegar,Fortis RNG,RNG,CSMI,Castlegar|Fortis RNG|RNG|CSMI,MISSING_YEAR
2015,Castlegar,Fortis RNG,RNG,CSMI,Castlegar|Fortis RNG|RNG|CSMI,MISSING_YEAR
2016,Nakusp,Fortis RNG,RNG,CSMI,Nakusp|Fortis RNG|RNG|CSMI,MISSING_YEAR
2017,Nakusp,Fortis RNG,RNG,CSMI,Nakusp|Fortis RNG|RNG|CSMI,MISSING_YEAR
2018,Nakusp,Fortis RNG,RNG,CSMI,Nakusp|Fortis RNG|RNG|CSMI,MISSING_YEAR
2019,Nakusp,Fortis RNG,RNG,CSMI,Nakusp|Fortis RNG|RNG|CSMI,MISSING_YEAR
2020,Nakusp,Fortis RNG,RNG,CSMI,Nakusp|Fortis RNG|RNG|CSMI,MISSING_YEAR
2021,Nakusp,Fortis RNG,RNG,CSMI,Nakusp|Fortis RNG|RNG|CSMI,MISSING_YEAR
2007,Nakusp,Fortis RNG,RNG,CSMI,Nakusp|Fortis RNG|RNG|CSMI,MISSING_YEAR
2010,Nakusp,Fortis RNG,RNG,CSMI,Nakusp|Fortis RNG|RNG|CSMI,MISSING_YEAR
2012,Nakusp,Fortis RNG,RNG,CSMI,Nakusp|Fortis RNG|RNG|CSMI,MISSING_YEAR
2013,Nakusp,Fortis RNG,RNG,CSMI,Nakusp|Fortis RNG|RNG|CSMI,MISSING_YEAR
2014,Nakusp,Fortis RNG,RNG,CSMI,Nakusp|Fortis RNG|RNG|CSMI,MISSING_YEAR
2015,Nakusp,Fortis RNG,RNG,CSMI,Nakusp|Fortis RNG|RNG|CSMI,MISSING_YEAR
2016,Fruitvale,Fortis RNG,RNG,CSMI,Fruitvale|Fortis RNG|RNG|CSMI,MISSING_YEAR
2017,Fruitvale,Fortis RNG,RNG,CSMI,Fruitvale|Fortis RNG|RNG|CSMI,MISSING_YEAR
2018,Fruitvale,Fortis RNG,RNG,CSMI,Fruitvale|Fortis RNG|RNG|CSMI,MISSING_YEAR
2019,Fruitvale,Fortis RNG,RNG,CSMI,Fruitvale|Fortis RNG|RNG|CSMI,MISSING_YEAR
2020,Fruitvale,Fortis RNG,RNG,CSMI,Fruitvale|Fortis RNG|RNG|CSMI,MISSING_YEAR
2021,Fruitvale,Fortis RNG,RNG,CSMI,Fruitvale|Fortis RNG|RNG|CSMI,MISSING_YEAR
2007,Fruitvale,Fortis RNG,RNG,CSMI,Fruitvale|Fortis RNG|RNG|CSMI,MISSING_YEAR
2010,Fruitvale,Fortis RNG,RNG,CSMI,Fruitvale|Fortis RNG|RNG|CSMI,MISSING_YEAR
2012,Fruitvale,Fortis RNG,RNG,CSMI,Fruitvale|Fortis RNG|RNG|CSMI,MISSING_YEAR
2013,Fruitvale,Fortis RNG,RNG,CSMI,Fruitvale|Fortis RNG|RNG|CSMI,MISSING_YEAR
2014,Fruitvale,Fortis RNG,RNG,CSMI,Fruitvale|Fortis RNG|RNG|CSMI,MISSING_YEAR
2015,Fruitvale,Fortis RNG,RNG,CSMI,Fruitvale|Fortis RNG|RNG|CSMI,MISSING_YEAR
2016,Montrose,Fortis RNG,RNG,CSMI,Montrose|Fortis RNG|RNG|CSMI,MISSING_YEAR
2017,Montrose,Fortis RNG,RNG,CSMI,Montrose|Fortis RNG|RNG|CSMI,MISSING_YEAR
2018,Montrose,Fortis RNG,RNG,CSMI,Montrose|Fortis RNG|RNG|CSMI,MISSING_YEAR
2019,Montrose,Fortis RNG,RNG,CSMI,Montrose|Fortis RNG|RNG|CSMI,MISSING_YEAR
2020,Montrose,Fortis RNG,RNG,CSMI,Montrose|Fortis RNG|RNG|CSMI,MISSING_YEAR
2021,Montrose,Fortis RNG,RNG,CSMI,Montrose|Fortis RNG|RNG|CSMI,MISSING_YEAR
2007,Montrose,Fortis RNG,RNG,CSMI,Montrose|Fortis RNG|RNG|CSMI,MISSING_YEAR
2010,Montrose,Fortis RNG,RNG,CSMI,Montrose|Fortis RNG|RNG|CSMI,MISSING_YEAR
2012,Montrose,Fortis RNG,RNG,CSMI,Montrose|Fortis RNG|RNG|CSMI,MISSING_YEAR
2013,Montrose,Fortis RNG,RNG,CSMI,Montrose|Fortis RNG|RNG|CSMI,MISSING_YEAR
2014,Montrose,Fortis RNG,RNG,CSMI,Montrose|Fortis RNG|RNG|CSMI,MISSING_YEAR
2015,Montrose,Fortis RNG,RNG,CSMI,Montrose|Fortis RNG|RNG|CSMI,MISSING_YEAR
2016,Trail,Fortis RNG,RNG,CSMI,Trail|Fortis RNG|RNG|CSMI,MISSING_YEAR
2017,Trail,Fortis RNG,RNG,CSMI,Trail|Fortis RNG|RNG|CSMI,MISSING_YEAR
2018,Trail,Fortis RNG,RNG,CSMI,Trail|Fortis RNG|RNG|CSMI,MISSING_YEAR
2019,Trail,Fortis RNG,RNG,CSMI,Trail|Fortis RNG|RNG|CSMI,MISSING_YEAR
2020,Trail,Fortis RNG,RNG,CSMI,Trail|Fortis RNG|RNG|CSMI,MISSING_YEAR
2021,Trail,Fortis RNG,RNG,CSMI,Trail|Fortis RNG|RNG|CSMI,MISSING_YEAR
2007,Trail,Fortis RNG,RNG,CSMI,Trail|Fortis RNG|RNG|CSMI,MISSING_YEAR
2010,Trail,Fortis RNG,RNG,CSMI,Trail|Fortis RNG|RNG|CSMI,MISSING_YEAR
2012,Trail,Fortis RNG,RNG,CSMI,Trail|Fortis RNG|RNG|CSMI,MISSING_YEAR
2013,Trail,Fortis RNG,RNG,CSMI,Trail|Fortis RNG|RNG|CSMI,MISSING_YEAR
2014,Trail,Fortis RNG,RNG,CSMI,Trail|Fortis RNG|RNG|CSMI,MISSING_YEAR
2015,Trail,Fortis RNG,RNG,CSMI,Trail|Fortis RNG|RNG|CSMI,MISSING_YEAR
2016,Warfield,Fortis RNG,RNG,CSMI,Warfield|Fortis RNG|RNG|CSMI,MISSING_YEAR
2017,Warfield,Fortis RNG,RNG,CSMI,Warfield|Fortis RNG|RNG|CSMI,MISSING_YEAR
2018,Warfield,Fortis RNG,RNG,CSMI,Warfield|Fortis RNG|RNG|CSMI,MISSING_YEAR
2019,Warfield,Fortis RNG,RNG,CSMI,Warfield|Fortis RNG|RNG|CSMI,MISSING_YEAR
2020,Warfield,Fortis RNG,RNG,CSMI,Warfield|Fortis RNG|RNG|CSMI,MISSING_YEAR
2021,Warfield,Fortis RNG,RNG,CSMI,Warfield|Fortis RNG|RNG|CSMI,MISSING_YEAR
2007,Warfield,Fortis RNG,RNG,CSMI,Warfield|Fortis RNG|RNG|CSMI,MISSING_YEAR
2010,Warfield,Fortis RNG,RNG,CSMI,Warfield|Fortis RNG|RNG|CSMI,MISSING_YEAR
2012,Warfield,Fortis RNG,RNG,CSMI,Warfield|Fortis RNG|RNG|CSMI,MISSING_YEAR
2013,Warfield,Fortis RNG,RNG,CSMI,Warfield|Fortis RNG|RNG|CSMI,MISSING_YEAR
2014,Warfield,Fortis RNG,RNG,CSMI,Warfield|Fortis RNG|RNG|CSMI,MISSING_YEAR
2015,Warfield,Fortis RNG,RNG,CSMI,Warfield|Fortis RNG|RNG|CSMI,MISSING_YEAR
2016,Rossland,Fortis RNG,RNG,CSMI,Rossland|Fortis RNG|RNG|CSMI,MISSING_YEAR
2017,Rossland,Fortis RNG,RNG,CSMI,Rossland|Fortis RNG|RNG|CSMI,MISSING_YEAR
2018,Rossland,Fortis RNG,RNG,CSMI,Rossland|Fortis RNG|RNG|CSMI,MISSING_YEAR
2019,Rossland,Fortis RNG,RNG,CSMI,Rossland|Fortis RNG|RNG|CSMI,MISSING_YEAR
2020,Rossland,Fortis RNG,RNG,CSMI,Rossland|Fortis RNG|RNG|CSMI,MISSING_YEAR
2021,Rossland,Fortis RNG,RNG,CSMI,Rossland|Fortis RNG|RNG|CSMI,MISSING_YEAR
2007,Rossland,Fortis RNG,RNG,CSMI,Rossland|Fortis RNG|RNG|CSMI,MISSING_YEAR
2010,Rossland,Fortis RNG,RNG,CSMI,Rossland|Fortis RNG|RNG|CSMI,MISSING_YEAR
2012,Rossland,Fortis RNG,RNG,CSMI,Rossland|Fortis RNG|RNG|CSMI,MISSING_YEAR
2013,Rossland,Fortis RNG,RNG,CSMI,Rossland|Fortis RNG|RNG|CSMI,MISSING_YEAR
2014,Rossland,Fortis RNG,RNG,CSMI,Rossland|Fortis RNG|RNG|CSMI,MISSING_YEAR
2015,Rossland,Fortis RNG,RNG,CSMI,Rossland|Fortis RNG|RNG|CSMI,MISSING_YEAR
2016,Grand Forks,Fortis RNG,RNG,CSMI,Grand Forks|Fortis RNG|RNG|CSMI,MISSING_YEAR
2017,Grand Forks,Fortis RNG,RNG,CSMI,Grand Forks|Fortis RNG|RNG|CSMI,MISSING_YEAR
2018,Grand Forks,Fortis RNG,RNG,CSMI,Grand Forks|Fortis RNG|RNG|CSMI,MISSING_YEAR
2019,Grand Forks,Fortis RNG,RNG,CSMI,Grand Forks|Fortis RNG|RNG|CSMI,MISSING_YEAR
2020,Grand Forks,Fortis RNG,RNG,CSMI,Grand Forks|Fortis RNG|RNG|CSMI,MISSING_YEAR
2021,Grand Forks,Fortis RNG,RNG,CSMI,Grand Forks|Fortis RNG|RNG|CSMI,MISSING_YEAR
2007,Grand Forks,Fortis RNG,RNG,CSMI,Grand Forks|Fortis RNG|RNG|CSMI,MISSING_YEAR
2010,Grand Forks,Fortis RNG,RNG,CSMI,Grand Forks|Fortis RNG|RNG|CSMI,MISSING_YEAR
2012,Grand Forks,Fortis RNG,RNG,CSMI,Grand Forks|Fortis RNG|RNG|CSMI,MISSING_YEAR
2013,Grand Forks,Fortis RNG,RNG,CSMI,Grand Forks|Fortis RNG|RNG|CSMI,MISSING_YEAR
2014,Grand Forks,Fortis RNG,RNG,CSMI,Grand Forks|Fortis RNG|RNG|CSMI,MISSING_YEAR
2015,Grand Forks,Fortis RNG,RNG,CSMI,Grand Forks|Fortis RNG|RNG|CSMI,MISSING_YEAR
2016,Midway,Fortis RNG,RNG,CSMI,Midway|Fortis RNG|RNG|CSMI,MISSING_YEAR
2017,Midway,Fortis RNG,RNG,CSMI,Midway|Fortis RNG|RNG|CSMI,MISSING_YEAR
2018,Midway,Fortis RNG,RNG,CSMI,Midway|Fortis RNG|RNG|CSMI,MISSING_YEAR
2019,Midway,Fortis RNG,RNG,CSMI,Midway|Fortis RNG|RNG|CSMI,MISSING_YEAR
2020,Midway,Fortis RNG,RNG,CSMI,Midway|Fortis RNG|RNG|CSMI,MISSING_YEAR
2021,Midway,Fortis RNG,RNG,CSMI,Midway|Fortis RNG|RNG|CSMI,MISSING_YEAR
2007,Midway,Fortis RNG,RNG,CSMI,Midway|Fortis RNG|RNG|CSMI,MISSING_YEAR
2010,Midway,Fortis RNG,RNG,CSMI,Midway|Fortis RNG|RNG|CSMI,MISSING_YEAR
2012,Midway,Fortis RNG,RNG,CSMI,Midway|Fortis RNG|RNG|CSMI,MISSING_YEAR
2013,Midway,Fortis RNG,RNG,CSMI,Midway|Fortis RNG|RNG|CSMI,MISSING_YEAR
2014,Midway,Fortis RNG,RNG,CSMI,Midway|Fortis RNG|RNG|CSMI,MISSING_YEAR
2015,Midway,Fortis RNG,RNG,CSMI,Midway|Fortis RNG|RNG|CSMI,MISSING_YEAR
2016,Greenwood,Fortis RNG,RNG,CSMI,Greenwood|Fortis RNG|RNG|CSMI,MISSING_YEAR
2017,Greenwood,Fortis RNG,RNG,CSMI,Greenwood|Fortis RNG|RNG|CSMI,MISSING_YEAR
2018,Greenwood,Fortis RNG,RNG,CSMI,Greenwood|Fortis RNG|RNG|CSMI,MISSING_YEAR
2019,Greenwood,Fortis RNG,RNG,CSMI,Greenwood|Fortis RNG|RNG|CSMI,MISSING_YEAR
2020,Greenwood,Fortis RNG,RNG,CSMI,Greenwood|Fortis RNG|RNG|CSMI,MISSING_YEAR
2021,Greenwood,Fortis RNG,RNG,CSMI,Greenwood|Fortis RNG|RNG|CSMI,MISSING_YEAR
2007,Greenwood,Fortis RNG,RNG,CSMI,Greenwood|Fortis RNG|RNG|CSMI,MISSING_YEAR
2010,Greenwood,Fortis RNG,RNG,CSMI,Greenwood|Fortis RNG|RNG|CSMI,MISSING_YEAR
2012,Greenwood,Fortis RNG,RNG,CSMI,Greenwood|Fortis RNG|RNG|CSMI,MISSING_YEAR
2013,Greenwood,Fortis RNG,RNG,CSMI,Greenwood|Fortis RNG|RNG|CSMI,MISSING_YEAR
2014,Greenwood,Fortis RNG,RNG,CSMI,Greenwood|Fortis RNG|RNG|CSMI,MISSING_YEAR
2015,Greenwood,Fortis RNG,RNG,CSMI,Greenwood|Fortis RNG|RNG|CSMI,MISSING_YEAR
2016,Osoyoos,Fortis RNG,RNG,CSMI,Osoyoos|Fortis RNG|RNG|CSMI,MISSING_YEAR
2017,Osoyoos,Fortis RNG,RNG,CSMI,Osoyoos|Fortis RNG|RNG|CSMI,MISSING_YEAR
2018,Osoyoos,Fortis RNG,RNG,CSMI,Osoyoos|Fortis RNG|RNG|CSMI,MISSING_YEAR
2019,Osoyoos,Fortis RNG,RNG,CSMI,Osoyoos|Fortis RNG|RNG|CSMI,MISSING_YEAR
2020,Osoyoos,Fortis RNG,RNG,CSMI,Osoyoos|Fortis RNG|RNG|CSMI,MISSING_YEAR
2021,Osoyoos,Fortis RNG,RNG,CSMI,Osoyoos|Fortis RNG|RNG|CSMI,MISSING_YEAR
2007,Osoyoos,Fortis RNG,RNG,CSMI,Osoyoos|Fortis RNG|RNG|CSMI,MISSING_YEAR
2010,Osoyoos,Fortis RNG,RNG,CSMI,Osoyoos|Fortis RNG|RNG|CSMI,MISSING_YEAR
2012,Osoyoos,Fortis RNG,RNG,CSMI,Osoyoos|Fortis RNG|RNG|CSMI,MISSING_YEAR
2013,Osoyoos,Fortis RNG,RNG,CSMI,Osoyoos|Fortis RNG|RNG|CSMI,MISSING_YEAR
2014,Osoyoos,Fortis RNG,RNG,CSMI,Osoyoos|Fortis RNG|RNG|CSMI,MISSING_YEAR
2015,Osoyoos,Fortis RNG,RNG,CSMI,Osoyoos|Fortis RNG|RNG|CSMI,MISSING_YEAR
2016,Keremeos,Fortis RNG,RNG,CSMI,Keremeos|Fortis RNG|RNG|CSMI,MISSING_YEAR
2017,Keremeos,Fortis RNG,RNG,CSMI,Keremeos|Fortis RNG|RNG|CSMI,MISSING_YEAR
2018,Keremeos,Fortis RNG,RNG,CSMI,Keremeos|Fortis RNG|RNG|CSMI,MISSING_YEAR
2019,Keremeos,Fortis RNG,RNG,CSMI,Keremeos|Fortis RNG|RNG|CSMI,MISSING_YEAR
2020,Keremeos,Fortis RNG,RNG,CSMI,Keremeos|Fortis RNG|RNG|CSMI,MISSING_YEAR
2021,Keremeos,Fortis RNG,RNG,CSMI,Keremeos|Fortis RNG|RNG|CSMI,MISSING_YEAR
2007,Keremeos,Fortis RNG,RNG,CSMI,Keremeos|Fortis RNG|RNG|CSMI,MISSING_YEAR
2010,Keremeos,Fortis RNG,RNG,CSMI,Keremeos|Fortis RNG|RNG|CSMI,MISSING_YEAR
2012,Keremeos,Fortis RNG,RNG,CSMI,Keremeos|Fortis RNG|RNG|CSMI,MISSING_YEAR
2013,Keremeos,Fortis RNG,RNG,CSMI,Keremeos|Fortis RNG|RNG|CSMI,MISSING_YEAR
2014,Keremeos,Fortis RNG,RNG,CSMI,Keremeos|Fortis RNG|RNG|CSMI,MISSING_YEAR
2015,Keremeos,Fortis RNG,RNG,CSMI,Keremeos|Fortis RNG|RNG|CSMI,MISSING_YEAR
2016,Oliver,Fortis RNG,RNG,CSMI,Oliver|Fortis RNG|RNG|CSMI,MISSING_YEAR
2017,Oliver,Fortis RNG,RNG,CSMI,Oliver|Fortis RNG|RNG|CSMI,MISSING_YEAR
2018,Oliver,Fortis RNG,RNG,CSMI,Oliver|Fortis RNG|RNG|CSMI,MISSING_YEAR
2019,Oliver,Fortis RNG,RNG,CSMI,Oliver|Fortis RNG|RNG|CSMI,MISSING_YEAR
2020,Oliver,Fortis RNG,RNG,CSMI,Oliver|Fortis RNG|RNG|CSMI,MISSING_YEAR
2021,Oliver,Fortis RNG,RNG,CSMI,Oliver|Fortis RNG|RNG|CSMI,MISSING_YEAR
2007,Oliver,Fortis RNG,RNG,CSMI,Oliver|Fortis RNG|RNG|CSMI,MISSING_YEAR
2010,Oliver,Fortis RNG,RNG,CSMI,Oliver|Fortis RNG|RNG|CSMI,MISSING_YEAR
2012,Oliver,Fortis RNG,RNG,CSMI,Oliver|Fortis RNG|RNG|CSMI,MISSING_YEAR
2013,Oliver,Fortis RNG,RNG,CSMI,Oliver|Fortis RNG|RNG|CSMI,MISSING_YEAR
2014,Oliver,Fortis RNG,RNG,CSMI,Oliver|Fortis RNG|RNG|CSMI,MISSING_YEAR
2015,Oliver,Fortis RNG,RNG,CSMI,Oliver|Fortis RNG|RNG|CSMI,MISSING_YEAR
2016,Princeton,Fortis RNG,RNG,CSMI,Princeton|Fortis RNG|RNG|CSMI,MISSING_YEAR
2017,Princeton,Fortis RNG,RNG,CSMI,Princeton|Fortis RNG|RNG|CSMI,MISSING_YEAR
2018,Princeton,Fortis RNG,RNG,CSMI,Princeton|Fortis RNG|RNG|CSMI,MISSING_YEAR
2019,Princeton,Fortis RNG,RNG,CSMI,Princeton|Fortis RNG|RNG|CSMI,MISSING_YEAR
2020,Princeton,Fortis RNG,RNG,CSMI,Princeton|Fortis RNG|RNG|CSMI,MISSING_YEAR
2021,Princeton,Fortis RNG,RNG,CSMI,Princeton|Fortis RNG|RNG|CSMI,MISSING_YEAR
2007,Princeton,Fortis RNG,RNG,CSMI,Princeton|Fortis RNG|RNG|CSMI,MISSING_YEAR
2010,Princeton,Fortis RNG,RNG,CSMI,Princeton|Fortis RNG|RNG|CSMI,MISSING_YEAR
2012,Princeton,Fortis RNG,RNG,CSMI,Princeton|Fortis RNG|RNG|CSMI,MISSING_YEAR
2013,Princeton,Fortis RNG,RNG,CSMI,Princeton|Fortis RNG|RNG|CSMI,MISSING_YEAR
2014,Princeton,Fortis RNG,RNG,CSMI,Princeton|Fortis RNG|RNG|CSMI,MISSING_YEAR
2015,Princeton,Fortis RNG,RNG,CSMI,Princeton|Fortis RNG|RNG|CSMI,MISSING_YEAR
2016,Summerland,Fortis RNG,RNG,CSMI,Summerland|Fortis RNG|RNG|CSMI,MISSING_YEAR
2017,Summerland,Fortis RNG,RNG,CSMI,Summerland|Fortis RNG|RNG|CSMI,MISSING_YEAR
2018,Summerland,Fortis RNG,RNG,CSMI,Summerland|Fortis RNG|RNG|CSMI,MISSING_YEAR
2019,Summerland,Fortis RNG,RNG,CSMI,Summerland|Fortis RNG|RNG|CSMI,MISSING_YEAR
2020,Summerland,Fortis RNG,RNG,CSMI,Summerland|Fortis RNG|RNG|CSMI,MISSING_YEAR
2021,Summerland,Fortis RNG,RNG,CSMI,Summerland|Fortis RNG|RNG|CSMI,MISSING_YEAR
2007,Summerland,Fortis RNG,RNG,CSMI,Summerland|Fortis RNG|RNG|CSMI,MISSING_YEAR
2010,Summerland,Fortis RNG,RNG,CSMI,Summerland|Fortis RNG|RNG|CSMI,MISSING_YEAR
2012,Summerland,Fortis RNG,RNG,CSMI,Summerland|Fortis RNG|RNG|CSMI,MISSING_YEAR
2013,Summerland,Fortis RNG,RNG,CSMI,Summerland|Fortis RNG|RNG|CSMI,MISSING_YEAR
2014,Summerland,Fortis RNG,RNG,CSMI,Summerland|Fortis RNG|RNG|CSMI,MISSING_YEAR
2015,Summerland,Fortis RNG,RNG,CSMI,Summerland|Fortis RNG|RNG|CSMI,MISSING_YEAR
2016,Penticton,Fortis RNG,RNG,CSMI,Penticton|Fortis RNG|RNG|CSMI,MISSING_YEAR
2017,Penticton,Fortis RNG,RNG,CSMI,Penticton|Fortis RNG|RNG|CSMI,MISSING_YEAR
2018,Penticton,Fortis RNG,RNG,CSMI,Penticton|Fortis RNG|RNG|CSMI,MISSING_YEAR
2019,Penticton,Fortis RNG,RNG,CSMI,Penticton|Fortis RNG|RNG|CSMI,MISSING_YEAR
2020,Penticton,Fortis RNG,RNG,CSMI,Penticton|Fortis RNG|RNG|CSMI,MISSING_YEAR
2021,Penticton,Fortis RNG,RNG,CSMI,Penticton|Fortis RNG|RNG|CSMI,MISSING_YEAR
2007,Penticton,Fortis RNG,RNG,CSMI,Penticton|Fortis RNG|RNG|CSMI,MISSING_YEAR
2010,Penticton,Fortis RNG,RNG,CSMI,Penticton|Fortis RNG|RNG|CSMI,MISSING_YEAR
2012,Penticton,Fortis RNG,RNG,CSMI,Penticton|Fortis RNG|RNG|CSMI,MISSING_YEAR
2013,Penticton,Fortis RNG,RNG,CSMI,Penticton|Fortis RNG|RNG|CSMI,MISSING_YEAR
2014,Penticton,Fortis RNG,RNG,CSMI,Penticton|Fortis RNG|RNG|CSMI,MISSING_YEAR
2015,Penticton,Fortis RNG,RNG,CSMI,Penticton|Fortis RNG|RNG|CSMI,MISSING_YEAR
2016,Hope,Fortis RNG,RNG,CSMI,Hope|Fortis RNG|RNG|CSMI,MISSING_YEAR
2017,Hope,Fortis RNG,RNG,CSMI,Hope|Fortis RNG|RNG|CSMI,MISSING_YEAR
2018,Hope,Fortis RNG,RNG,CSMI,Hope|Fortis RNG|RNG|CSMI,MISSING_YEAR
2019,Hope,Fortis RNG,RNG,CSMI,Hope|Fortis RNG|RNG|CSMI,MISSING_YEAR
2020,Hope,Fortis RNG,RNG,CSMI,Hope|Fortis RNG|RNG|CSMI,MISSING_YEAR
2021,Hope,Fortis RNG,RNG,CSMI,Hope|Fortis RNG|RNG|CSMI,MISSING_YEAR
2007,Hope,Fortis RNG,RNG,CSMI,Hope|Fortis RNG|RNG|CSMI,MISSING_YEAR
2010,Hope,Fortis RNG,RNG,CSMI,Hope|Fortis RNG|RNG|CSMI,MISSING_YEAR
2012,Hope,Fortis RNG,RNG,CSMI,Hope|Fortis RNG|RNG|CSMI,MISSING_YEAR
2013,Hope,Fortis RNG,RNG,CSMI,Hope|Fortis RNG|RNG|CSMI,MISSING_YEAR
2014,Hope,Fortis RNG,RNG,CSMI,Hope|Fortis RNG|RNG|CSMI,MISSING_YEAR
2015,Hope,Fortis RNG,RNG,CSMI,Hope|Fortis RNG|RNG|CSMI,MISSING_YEAR
2016,Chilliwack,Fortis RNG,RNG,CSMI,Chilliwack|Fortis RNG|RNG|CSMI,MISSING_YEAR
2017,Chilliwack,Fortis RNG,RNG,CSMI,Chilliwack|Fortis RNG|RNG|CSMI,MISSING_YEAR
2018,Chilliwack,Fortis RNG,RNG,CSMI,Chilliwack|Fortis RNG|RNG|CSMI,MISSING_YEAR
2019,Chilliwack,Fortis RNG,RNG,CSMI,Chilliwack|Fortis RNG|RNG|CSMI,MISSING_YEAR
2020,Chilliwack,Fortis RNG,RNG,CSMI,Chilliwack|Fortis RNG|RNG|CSMI,MISSING_YEAR
2021,Chilliwack,Fortis RNG,RNG,CSMI,Chilliwack|Fortis RNG|RNG|CSMI,MISSING_YEAR
2007,Chilliwack,Fortis RNG,RNG,CSMI,Chilliwack|Fortis RNG|RNG|CSMI,MISSING_YEAR
2010,Chilliwack,Fortis RNG,RNG,CSMI,Chilliwack|Fortis RNG|RNG|CSMI,MISSING_YEAR
2012,Chilliwack,Fortis RNG,RNG,CSMI,Chilliwack|Fortis RNG|RNG|CSMI,MISSING_YEAR
2013,Chilliwack,Fortis RNG,RNG,CSMI,Chilliwack|Fortis RNG|RNG|CSMI,MISSING_YEAR
2014,Chilliwack,Fortis RNG,RNG,CSMI,Chilliwack|Fortis RNG|RNG|CSMI,MISSING_YEAR
2015,Chilliwack,Fortis RNG,RNG,CSMI,Chilliwack|Fortis RNG|RNG|CSMI,MISSING_YEAR
2016,Harrison Hot Springs,Fortis RNG,RNG,CSMI,Harrison Hot Springs|Fortis RNG|RNG|CSMI,MISSING_YEAR
2017,Harrison Hot Springs,Fortis RNG,RNG,CSMI,Harrison Hot Springs|Fortis RNG|RNG|CSMI,MISSING_YEAR
2018,Harrison Hot Springs,Fortis RNG,RNG,CSMI,Harrison Hot Springs|Fortis RNG|RNG|CSMI,MISSING_YEAR
2019,Harrison Hot Springs,Fortis RNG,RNG,CSMI,Harrison Hot Springs|Fortis RNG|RNG|CSMI,MISSING_YEAR
2020,Harrison Hot Springs,Fortis RNG,RNG,CSMI,Harrison Hot Springs|Fortis RNG|RNG|CSMI,MISSING_YEAR
2021,Harrison Hot Springs,Fortis RNG,RNG,CSMI,Harrison Hot Springs|Fortis RNG|RNG|CSMI,MISSING_YEAR
2007,Harrison Hot Springs,Fortis RNG,RNG,CSMI,Harrison Hot Springs|Fortis RNG|RNG|CSMI,MISSING_YEAR
2010,Harrison Hot Springs,Fortis RNG,RNG,CSMI,Harrison Hot Springs|Fortis RNG|RNG|CSMI,MISSING_YEAR
2012,Harrison Hot Springs,Fortis RNG,RNG,CSMI,Harrison Hot Springs|Fortis RNG|RNG|CSMI,MISSING_YEAR
2013,Harrison Hot Springs,Fortis RNG,RNG,CSMI,Harrison Hot Springs|Fortis RNG|RNG|CSMI,MISSING_YEAR
2014,Harrison Hot Springs,Fortis RNG,RNG,CSMI,Harrison Hot Springs|Fortis RNG|RNG|CSMI,MISSING_YEAR
2015,Harrison Hot Springs,Fortis RNG,RNG,CSMI,Harrison Hot Springs|Fortis RNG|RNG|CSMI,MISSING_YEAR
2016,Kent,Fortis RNG,RNG,CSMI,Kent|Fortis RNG|RNG|CSMI,MISSING_YEAR
2017,Kent,Fortis RNG,RNG,CSMI,Kent|Fortis RNG|RNG|CSMI,MISSING_YEAR
2018,Kent,Fortis RNG,RNG,CSMI,Kent|Fortis RNG|RNG|CSMI,MISSING_YEAR
2019,Kent,Fortis RNG,RNG,CSMI,Kent|Fortis RNG|RNG|CSMI,MISSING_YEAR
2020,Kent,Fortis RNG,RNG,CSMI,Kent|Fortis RNG|RNG|CSMI,MISSING_YEAR
2021,Kent,Fortis RNG,RNG,CSMI,Kent|Fortis RNG|RNG|CSMI,MISSING_YEAR
2007,Kent,Fortis RNG,RNG,CSMI,Kent|Fortis RNG|RNG|CSMI,MISSING_YEAR
2010,Kent,Fortis RNG,RNG,CSMI,Kent|Fortis RNG|RNG|CSMI,MISSING_YEAR
2012,Kent,Fortis RNG,RNG,CSMI,Kent|Fortis RNG|RNG|CSMI,MISSING_YEAR
2013,Kent,Fortis RNG,RNG,CSMI,Kent|Fortis RNG|RNG|CSMI,MISSING_YEAR
2014,Kent,Fortis RNG,RNG,CSMI,Kent|Fortis RNG|RNG|CSMI,MISSING_YEAR
2015,Kent,Fortis RNG,RNG,CSMI,Kent|Fortis RNG|RNG|CSMI,MISSING_YEAR
2016,Abbotsford,Fortis RNG,RNG,CSMI,Abbotsford|Fortis RNG|RNG|CSMI,MISSING_YEAR
2017,Abbotsford,Fortis RNG,RNG,CSMI,Abbotsford|Fortis RNG|RNG|CSMI,MISSING_YEAR
2018,Abbotsford,Fortis RNG,RNG,CSMI,Abbotsford|Fortis RNG|RNG|CSMI,MISSING_YEAR
2019,Abbotsford,Fortis RNG,RNG,CSMI,Abbotsford|Fortis RNG|RNG|CSMI,MISSING_YEAR
2020,Abbotsford,Fortis RNG,RNG,CSMI,Abbotsford|Fortis RNG|RNG|CSMI,MISSING_YEAR
2021,Abbotsford,Fortis RNG,RNG,CSMI,Abbotsford|Fortis RNG|RNG|CSMI,MISSING_YEAR
2007,Abbotsford,Fortis RNG,RNG,CSMI,Abbotsford|Fortis RNG|RNG|CSMI,MISSING_YEAR
2010,Abbotsford,Fortis RNG,RNG,CSMI,Abbotsford|Fortis RNG|RNG|CSMI,MISSING_YEAR
2012,Abbotsford,Fortis RNG,RNG,CSMI,Abbotsford|Fortis RNG|RNG|CSMI,MISSING_YEAR
2013,Abbotsford,Fortis RNG,RNG,CSMI,Abbotsford|Fortis RNG|RNG|CSMI,MISSING_YEAR
2014,Abbotsford,Fortis RNG,RNG,CSMI,Abbotsford|Fortis RNG|RNG|CSMI,MISSING_YEAR
2015,Abbotsford,Fortis RNG,RNG,CSMI,Abbotsford|Fortis RNG|RNG|CSMI,MISSING_YEAR
2016,Mission,Fortis RNG,RNG,CSMI,Mission|Fortis RNG|RNG|CSMI,MISSING_YEAR
2017,Mission,Fortis RNG,RNG,CSMI,Mission|Fortis RNG|RNG|CSMI,MISSING_YEAR
2018,Mission,Fortis RNG,RNG,CSMI,Mission|Fortis RNG|RNG|CSMI,MISSING_YEAR
2019,Mission,Fortis RNG,RNG,CSMI,Mission|Fortis RNG|RNG|CSMI,MISSING_YEAR
2020,Mission,Fortis RNG,RNG,CSMI,Mission|Fortis RNG|RNG|CSMI,MISSING_YEAR
2021,Mission,Fortis RNG,RNG,CSMI,Mission|Fortis RNG|RNG|CSMI,MISSING_YEAR
2007,Mission,Fortis RNG,RNG,CSMI,Mission|Fortis RNG|RNG|CSMI,MISSING_YEAR
2010,Mission,Fortis RNG,RNG,CSMI,Mission|Fortis RNG|RNG|CSMI,MISSING_YEAR
2012,Mission,Fortis RNG,RNG,CSMI,Mission|Fortis RNG|RNG|CSMI,MISSING_YEAR
2013,Mission,Fortis RNG,RNG,CSMI,Mission|Fortis RNG|RNG|CSMI,MISSING_YEAR
2014,Mission,Fortis RNG,RNG,CSMI,Mission|Fortis RNG|RNG|CSMI,MISSING_YEAR
2015,Mission,Fortis RNG,RNG,CSMI,Mission|Fortis RNG|RNG|CSMI,MISSING_YEAR
2016,Langley Township,Fortis RNG,RNG,CSMI,Langley Township|Fortis RNG|RNG|CSMI,MISSING_YEAR
2017,Langley Township,Fortis RNG,RNG,CSMI,Langley Township|Fortis RNG|RNG|CSMI,MISSING_YEAR
2018,Langley Township,Fortis RNG,RNG,CSMI,Langley Township|Fortis RNG|RNG|CSMI,MISSING_YEAR
2019,Langley Township,Fortis RNG,RNG,CSMI,Langley Township|Fortis RNG|RNG|CSMI,MISSING_YEAR
2020,Langley Township,Fortis RNG,RNG,CSMI,Langley Township|Fortis RNG|RNG|CSMI,MISSING_YEAR
2021,Langley Township,Fortis RNG,RNG,CSMI,Langley Township|Fortis RNG|RNG|CSMI,MISSING_YEAR
2007,Langley Township,Fortis RNG,RNG,CSMI,Langley Township|Fortis RNG|RNG|CSMI,MISSING_YEAR
2010,Langley Township,Fortis RNG,RNG,CSMI,Langley Township|Fortis RNG|RNG|CSMI,MISSING_YEAR
2012,Langley Township,Fortis RNG,RNG,CSMI,Langley Township|Fortis RNG|RNG|CSMI,MISSING_YEAR
2013,Langley Township,Fortis RNG,RNG,CSMI,Langley Township|Fortis RNG|RNG|CSMI,MISSING_YEAR
2014,Langley Township,Fortis RNG,RNG,CSMI,Langley Township|Fortis RNG|RNG|CSMI,MISSING_YEAR
2015,Langley Township,Fortis RNG,RNG,CSMI,Langley Township|Fortis RNG|RNG|CSMI,MISSING_YEAR
2016,Langley City,Fortis RNG,RNG,CSMI,Langley City|Fortis RNG|RNG|CSMI,MISSING_YEAR
2017,Langley City,Fortis RNG,RNG,CSMI,Langley City|Fortis RNG|RNG|CSMI,MISSING_YEAR
2018,Langley City,Fortis RNG,RNG,CSMI,Langley City|Fortis RNG|RNG|CSMI,MISSING_YEAR
2019,Langley City,Fortis RNG,RNG,CSMI,Langley City|Fortis RNG|RNG|CSMI,MISSING_YEAR
2020,Langley City,Fortis RNG,RNG,CSMI,Langley City|Fortis RNG|RNG|CSMI,MISSING_YEAR
2021,Langley City,Fortis RNG,RNG,CSMI,Langley City|Fortis RNG|RNG|CSMI,MISSING_YEAR
2007,Langley City,Fortis RNG,RNG,CSMI,Langley City|Fortis RNG|RNG|CSMI,MISSING_YEAR
2010,Langley City,Fortis RNG,RNG,CSMI,Langley City|Fortis RNG|RNG|CSMI,MISSING_YEAR
2012,Langley City,Fortis RNG,RNG,CSMI,Langley City|Fortis RNG|RNG|CSMI,MISSING_YEAR
2013,Langley City,Fortis RNG,RNG,CSMI,Langley City|Fortis RNG|RNG|CSMI,MISSING_YEAR
2014,Langley City,Fortis RNG,RNG,CSMI,Langley City|Fortis RNG|RNG|CSMI,MISSING_YEAR
2015,Langley City,Fortis RNG,RNG,CSMI,Langley City|Fortis RNG|RNG|CSMI,MISSING_YEAR
2016,Surrey,Fortis RNG,RNG,CSMI,Surrey|Fortis RNG|RNG|CSMI,MISSING_YEAR
2017,Surrey,Fortis RNG,RNG,CSMI,Surrey|Fortis RNG|RNG|CSMI,MISSING_YEAR
2018,Surrey,Fortis RNG,RNG,CSMI,Surrey|Fortis RNG|RNG|CSMI,MISSING_YEAR
2019,Surrey,Fortis RNG,RNG,CSMI,Surrey|Fortis RNG|RNG|CSMI,MISSING_YEAR
2020,Surrey,Fortis RNG,RNG,CSMI,Surrey|Fortis RNG|RNG|CSMI,MISSING_YEAR
2021,Surrey,Fortis RNG,RNG,CSMI,Surrey|Fortis RNG|RNG|CSMI,MISSING_YEAR
2007,Surrey,Fortis RNG,RNG,CSMI,Surrey|Fortis RNG|RNG|CSMI,MISSING_YEAR
2010,Surrey,Fortis RNG,RNG,CSMI,Surrey|Fortis RNG|RNG|CSMI,MISSING_YEAR
2012,Surrey,Fortis RNG,RNG,CSMI,Surrey|Fortis RNG|RNG|CSMI,MISSING_YEAR
2013,Surrey,Fortis RNG,RNG,CSMI,Surrey|Fortis RNG|RNG|CSMI,MISSING_YEAR
2014,Surrey,Fortis RNG,RNG,CSMI,Surrey|Fortis RNG|RNG|CSMI,MISSING_YEAR
2015,Surrey,Fortis RNG,RNG,CSMI,Surrey|Fortis RNG|RNG|CSMI,MISSING_YEAR
2016,White Rock,Fortis RNG,RNG,CSMI,White Rock|Fortis RNG|RNG|CSMI,MISSING_YEAR
2017,White Rock,Fortis RNG,RNG,CSMI,White Rock|Fortis RNG|RNG|CSMI,MISSING_YEAR
2018,White Rock,Fortis RNG,RNG,CSMI,White Rock|Fortis RNG|RNG|CSMI,MISSING_YEAR
2019,White Rock,Fortis RNG,RNG,CSMI,White Rock|Fortis RNG|RNG|CSMI,MISSING_YEAR
2020,White Rock,Fortis RNG,RNG,CSMI,White Rock|Fortis RNG|RNG|CSMI,MISSING_YEAR
2021,White Rock,Fortis RNG,RNG,CSMI,White Rock|Fortis RNG|RNG|CSMI,MISSING_YEAR
2007,White Rock,Fortis RNG,RNG,CSMI,White Rock|Fortis RNG|RNG|CSMI,MISSING_YEAR
2010,White Rock,Fortis RNG,RNG,CSMI,White Rock|Fortis RNG|RNG|CSMI,MISSING_YEAR
2012,White Rock,Fortis RNG,RNG,CSMI,White Rock|Fortis RNG|RNG|CSMI,MISSING_YEAR
2013,White Rock,Fortis RNG,RNG,CSMI,White Rock|Fortis RNG|RNG|CSMI,MISSING_YEAR
2014,White Rock,Fortis RNG,RNG,CSMI,White Rock|Fortis RNG|RNG|CSMI,MISSING_YEAR
2015,White Rock,Fortis RNG,RNG,CSMI,White Rock|Fortis RNG|RNG|CSMI,MISSING_YEAR
2016,Delta,Fortis RNG,RNG,CSMI,Delta|Fortis RNG|RNG|CSMI,MISSING_YEAR
2017,Delta,Fortis RNG,RNG,CSMI,Delta|Fortis RNG|RNG|CSMI,MISSING_YEAR
2018,Delta,Fortis RNG,RNG,CSMI,Delta|Fortis RNG|RNG|CSMI,MISSING_YEAR
2019,Delta,Fortis RNG,RNG,CSMI,Delta|Fortis RNG|RNG|CSMI,MISSING_YEAR
2020,Delta,Fortis RNG,RNG,CSMI,Delta|Fortis RNG|RNG|CSMI,MISSING_YEAR
2021,Delta,Fortis RNG,RNG,CSMI,Delta|Fortis RNG|RNG|CSMI,MISSING_YEAR
2007,Delta,Fortis RNG,RNG,CSMI,Delta|Fortis RNG|RNG|CSMI,MISSING_YEAR
2010,Delta,Fortis RNG,RNG,CSMI,Delta|Fortis RNG|RNG|CSMI,MISSING_YEAR
2012,Delta,Fortis RNG,RNG,CSMI,Delta|Fortis RNG|RNG|CSMI,MISSING_YEAR
2013,Delta,Fortis RNG,RNG,CSMI,Delta|Fortis RNG|RNG|CSMI,MISSING_YEAR
2014,Delta,Fortis RNG,RNG,CSMI,Delta|Fortis RNG|RNG|CSMI,MISSING_YEAR
2015,Delta,Fortis RNG,RNG,CSMI,Delta|Fortis RNG|RNG|CSMI,MISSING_YEAR
2016,Richmond,Fortis RNG,RNG,CSMI,Richmond|Fortis RNG|RNG|CSMI,MISSING_YEAR
2017,Richmond,Fortis RNG,RNG,CSMI,Richmond|Fortis RNG|RNG|CSMI,MISSING_YEAR
2018,Richmond,Fortis RNG,RNG,CSMI,Richmond|Fortis RNG|RNG|CSMI,MISSING_YEAR
2019,Richmond,Fortis RNG,RNG,CSMI,Richmond|Fortis RNG|RNG|CSMI,MISSING_YEAR
2020,Richmond,Fortis RNG,RNG,CSMI,Richmond|Fortis RNG|RNG|CSMI,MISSING_YEAR
2021,Richmond,Fortis RNG,RNG,CSMI,Richmond|Fortis RNG|RNG|CSMI,MISSING_YEAR
2007,Richmond,Fortis RNG,RNG,CSMI,Richmond|Fortis RNG|RNG|CSMI,MISSING_YEAR
2010,Richmond,Fortis RNG,RNG,CSMI,Richmond|Fortis RNG|RNG|CSMI,MISSING_YEAR
2012,Richmond,Fortis RNG,RNG,CSMI,Richmond|Fortis RNG|RNG|CSMI,MISSING_YEAR
2013,Richmond,Fortis RNG,RNG,CSMI,Richmond|Fortis RNG|RNG|CSMI,MISSING_YEAR
2014,Richmond,Fortis RNG,RNG,CSMI,Richmond|Fortis RNG|RNG|CSMI,MISSING_YEAR
2015,Richmond,Fortis RNG,RNG,CSMI,Richmond|Fortis RNG|RNG|CSMI,MISSING_YEAR
2016,Vancouver,Fortis RNG,RNG,CSMI,Vancouver|Fortis RNG|RNG|CSMI,MISSING_YEAR
2017,Vancouver,Fortis RNG,RNG,CSMI,Vancouver|Fortis RNG|RNG|CSMI,MISSING_YEAR
2018,Vancouver,Fortis RNG,RNG,CSMI,Vancouver|Fortis RNG|RNG|CSMI,MISSING_YEAR
2019,Vancouver,Fortis RNG,RNG,CSMI,Vancouver|Fortis RNG|RNG|CSMI,MISSING_YEAR
2020,Vancouver,Fortis RNG,RNG,CSMI,Vancouver|Fortis RNG|RNG|CSMI,MISSING_YEAR
2021,Vancouver,Fortis RNG,RNG,CSMI,Vancouver|Fortis RNG|RNG|CSMI,MISSING_YEAR
2007,Vancouver,Fortis RNG,RNG,CSMI,Vancouver|Fortis RNG|RNG|CSMI,MISSING_YEAR
2010,Vancouver,Fortis RNG,RNG,CSMI,Vancouver|Fortis RNG|RNG|CSMI,MISSING_YEAR
2012,Vancouver,Fortis RNG,RNG,CSMI,Vancouver|Fortis RNG|RNG|CSMI,MISSING_YEAR
2013,Vancouver,Fortis RNG,RNG,CSMI,Vancouver|Fortis RNG|RNG|CSMI,MISSING_YEAR
2014,Vancouver,Fortis RNG,RNG,CSMI,Vancouver|Fortis RNG|RNG|CSMI,MISSING_YEAR
2015,Vancouver,Fortis RNG,RNG,CSMI,Vancouver|Fortis RNG|RNG|CSMI,MISSING_YEAR
2016,Burnaby,Fortis RNG,RNG,CSMI,Burnaby|Fortis RNG|RNG|CSMI,MISSING_YEAR
2017,Burnaby,Fortis RNG,RNG,CSMI,Burnaby|Fortis RNG|RNG|CSMI,MISSING_YEAR
2018,Burnaby,Fortis RNG,RNG,CSMI,Burnaby|Fortis RNG|RNG|CSMI,MISSING_YEAR
2019,Burnaby,Fortis RNG,RNG,CSMI,Burnaby|Fortis RNG|RNG|CSMI,MISSING_YEAR
2020,Burnaby,Fortis RNG,RNG,CSMI,Burnaby|Fortis RNG|RNG|CSMI,MISSING_YEAR
2021,Burnaby,Fortis RNG,RNG,CSMI,Burnaby|Fortis RNG|RNG|CSMI,MISSING_YEAR
2007,Burnaby,Fortis RNG,RNG,CSMI,Burnaby|Fortis RNG|RNG|CSMI,MISSING_YEAR
2010,Burnaby,Fortis RNG,RNG,CSMI,Burnaby|Fortis RNG|RNG|CSMI,MISSING_YEAR
2012,Burnaby,Fortis RNG,RNG,CSMI,Burnaby|Fortis RNG|RNG|CSMI,MISSING_YEAR
2013,Burnaby,Fortis RNG,RNG,CSMI,Burnaby|Fortis RNG|RNG|CSMI,MISSING_YEAR
2014,Burnaby,Fortis RNG,RNG,CSMI,Burnaby|Fortis RNG|RNG|CSMI,MISSING_YEAR
2015,Burnaby,Fortis RNG,RNG,CSMI,Burnaby|Fortis RNG|RNG|CSMI,MISSING_YEAR
2016,New Westminster,Fortis RNG,RNG,CSMI,New Westminster|Fortis RNG|RNG|CSMI,MISSING_YEAR
2017,New Westminster,Fortis RNG,RNG,CSMI,New Westminster|Fortis RNG|RNG|CSMI,MISSING_YEAR
2018,New Westminster,Fortis RNG,RNG,CSMI,New Westminster|Fortis RNG|RNG|CSMI,MISSING_YEAR
2019,New Westminster,Fortis RNG,RNG,CSMI,New Westminster|Fortis RNG|RNG|CSMI,MISSING_YEAR
2020,New Westminster,Fortis RNG,RNG,CSMI,New Westminster|Fortis RNG|RNG|CSMI,MISSING_YEAR
2021,New Westminster,Fortis RNG,RNG,CSMI,New Westminster|Fortis RNG|RNG|CSMI,MISSING_YEAR
2007,New Westminster,Fortis RNG,RNG,CSMI,New Westminster|Fortis RNG|RNG|CSMI,MISSING_YEAR
2010,New Westminster,Fortis RNG,RNG,CSMI,New Westminster|Fortis RNG|RNG|CSMI,MISSING_YEAR
2012,New Westminster,Fortis RNG,RNG,CSMI,New Westminster|Fortis RNG|RNG|CSMI,MISSING_YEAR
2013,New Westminster,Fortis RNG,RNG,CSMI,New Westminster|Fortis RNG|RNG|CSMI,MISSING_YEAR
2014,New Westminster,Fortis RNG,RNG,CSMI,New Westminster|Fortis RNG|RNG|CSMI,MISSING_YEAR
2015,New Westminster,Fortis RNG,RNG,CSMI,New Westminster|Fortis RNG|RNG|CSMI,MISSING_YEAR
2016,Coquitlam,Fortis RNG,RNG,CSMI,Coquitlam|Fortis RNG|RNG|CSMI,MISSING_YEAR
2017,Coquitlam,Fortis RNG,RNG,CSMI,Coquitlam|Fortis RNG|RNG|CSMI,MISSING_YEAR
2018,Coquitlam,Fortis RNG,RNG,CSMI,Coquitlam|Fortis RNG|RNG|CSMI,MISSING_YEAR
2019,Coquitlam,Fortis RNG,RNG,CSMI,Coquitlam|Fortis RNG|RNG|CSMI,MISSING_YEAR
2020,Coquitlam,Fortis RNG,RNG,CSMI,Coquitlam|Fortis RNG|RNG|CSMI,MISSING_YEAR
2021,Coquitlam,Fortis RNG,RNG,CSMI,Coquitlam|Fortis RNG|RNG|CSMI,MISSING_YEAR
2007,Coquitlam,Fortis RNG,RNG,CSMI,Coquitlam|Fortis RNG|RNG|CSMI,MISSING_YEAR
2010,Coquitlam,Fortis RNG,RNG,CSMI,Coquitlam|Fortis RNG|RNG|CSMI,MISSING_YEAR
2012,Coquitlam,Fortis RNG,RNG,CSMI,Coquitlam|Fortis RNG|RNG|CSMI,MISSING_YEAR
2013,Coquitlam,Fortis RNG,RNG,CSMI,Coquitlam|Fortis RNG|RNG|CSMI,MISSING_YEAR
2014,Coquitlam,Fortis RNG,RNG,CSMI,Coquitlam|Fortis RNG|RNG|CSMI,MISSING_YEAR
2015,Coquitlam,Fortis RNG,RNG,CSMI,Coquitlam|Fortis RNG|RNG|CSMI,MISSING_YEAR
2016,Belcarra,Fortis RNG,RNG,CSMI,Belcarra|Fortis RNG|RNG|CSMI,MISSING_YEAR
2017,Belcarra,Fortis RNG,RNG,CSMI,Belcarra|Fortis RNG|RNG|CSMI,MISSING_YEAR
2018,Belcarra,Fortis RNG,RNG,CSMI,Belcarra|Fortis RNG|RNG|CSMI,MISSING_YEAR
2019,Belcarra,Fortis RNG,RNG,CSMI,Belcarra|Fortis RNG|RNG|CSMI,MISSING_YEAR
2020,Belcarra,Fortis RNG,RNG,CSMI,Belcarra|Fortis RNG|RNG|CSMI,MISSING_YEAR
2021,Belcarra,Fortis RNG,RNG,CSMI,Belcarra|Fortis RNG|RNG|CSMI,MISSING_YEAR
2007,Belcarra,Fortis RNG,RNG,CSMI,Belcarra|Fortis RNG|RNG|CSMI,MISSING_YEAR
2010,Belcarra,Fortis RNG,RNG,CSMI,Belcarra|Fortis RNG|RNG|CSMI,MISSING_YEAR
2012,Belcarra,Fortis RNG,RNG,CSMI,Belcarra|Fortis RNG|RNG|CSMI,MISSING_YEAR
2013,Belcarra,Fortis RNG,RNG,CSMI,Belcarra|Fortis RNG|RNG|CSMI,MISSING_YEAR
2014,Belcarra,Fortis RNG,RNG,CSMI,Belcarra|Fortis RNG|RNG|CSMI,MISSING_YEAR
2015,Belcarra,Fortis RNG,RNG,CSMI,Belcarra|Fortis RNG|RNG|CSMI,MISSING_YEAR
2016,Anmore,Fortis RNG,RNG,CSMI,Anmore|Fortis RNG|RNG|CSMI,MISSING_YEAR
2017,Anmore,Fortis RNG,RNG,CSMI,Anmore|Fortis RNG|RNG|CSMI,MISSING_YEAR
2018,Anmore,Fortis RNG,RNG,CSMI,Anmore|Fortis RNG|RNG|CSMI,MISSING_YEAR
2019,Anmore,Fortis RNG,RNG,CSMI,Anmore|Fortis RNG|RNG|CSMI,MISSING_YEAR
2020,Anmore,Fortis RNG,RNG,CSMI,Anmore|Fortis RNG|RNG|CSMI,MISSING_YEAR
2021,Anmore,Fortis RNG,RNG,CSMI,Anmore|Fortis RNG|RNG|CSMI,MISSING_YEAR
2007,Anmore,Fortis RNG,RNG,CSMI,Anmore|Fortis RNG|RNG|CSMI,MISSING_YEAR
2010,Anmore,Fortis RNG,RNG,CSMI,Anmore|Fortis RNG|RNG|CSMI,MISSING_YEAR
2012,Anmore,Fortis RNG,RNG,CSMI,Anmore|Fortis RNG|RNG|CSMI,MISSING_YEAR
2013,Anmore,Fortis RNG,RNG,CSMI,Anmore|Fortis RNG|RNG|CSMI,MISSING_YEAR
2014,Anmore,Fortis RNG,RNG,CSMI,Anmore|Fortis RNG|RNG|CSMI,MISSING_YEAR
2015,Anmore,Fortis RNG,RNG,CSMI,Anmore|Fortis RNG|RNG|CSMI,MISSING_YEAR
2016,Port Coquitlam,Fortis RNG,RNG,CSMI,Port Coquitlam|Fortis RNG|RNG|CSMI,MISSING_YEAR
2017,Port Coquitlam,Fortis RNG,RNG,CSMI,Port Coquitlam|Fortis RNG|RNG|CSMI,MISSING_YEAR
2018,Port Coquitlam,Fortis RNG,RNG,CSMI,Port Coquitlam|Fortis RNG|RNG|CSMI,MISSING_YEAR
2019,Port Coquitlam,Fortis RNG,RNG,CSMI,Port Coquitlam|Fortis RNG|RNG|CSMI,MISSING_YEAR
2020,Port Coquitlam,Fortis RNG,RNG,CSMI,Port Coquitlam|Fortis RNG|RNG|CSMI,MISSING_YEAR
2021,Port Coquitlam,Fortis RNG,RNG,CSMI,Port Coquitlam|Fortis RNG|RNG|CSMI,MISSING_YEAR
2007,Port Coquitlam,Fortis RNG,RNG,CSMI,Port Coquitlam|Fortis RNG|RNG|CSMI,MISSING_YEAR
2010,Port Coquitlam,Fortis RNG,RNG,CSMI,Port Coquitlam|Fortis RNG|RNG|CSMI,MISSING_YEAR
2012,Port Coquitlam,Fortis RNG,RNG,CSMI,Port Coquitlam|Fortis RNG|RNG|CSMI,MISSING_YEAR
2013,Port Coquitlam,Fortis RNG,RNG,CSMI,Port Coquitlam|Fortis RNG|RNG|CSMI,MISSING_YEAR
2014,Port Coquitlam,Fortis RNG,RNG,CSMI,Port Coquitlam|Fortis RNG|RNG|CSMI,MISSING_YEAR
2015,Port Coquitlam,Fortis RNG,RNG,CSMI,Port Coquitlam|Fortis RNG|RNG|CSMI,MISSING_YEAR
2016,Port Moody,Fortis RNG,RNG,CSMI,Port Moody|Fortis RNG|RNG|CSMI,MISSING_YEAR
2017,Port Moody,Fortis RNG,RNG,CSMI,Port Moody|Fortis RNG|RNG|CSMI,MISSING_YEAR
2018,Port Moody,Fortis RNG,RNG,CSMI,Port Moody|Fortis RNG|RNG|CSMI,MISSING_YEAR
2019,Port Moody,Fortis RNG,RNG,CSMI,Port Moody|Fortis RNG|RNG|CSMI,MISSING_YEAR
2020,Port Moody,Fortis RNG,RNG,CSMI,Port Moody|Fortis RNG|RNG|CSMI,MISSING_YEAR
2021,Port Moody,Fortis RNG,RNG,CSMI,Port Moody|Fortis RNG|RNG|CSMI,MISSING_YEAR
2007,Port Moody,Fortis RNG,RNG,CSMI,Port Moody|Fortis RNG|RNG|CSMI,MISSING_YEAR
2010,Port Moody,Fortis RNG,RNG,CSMI,Port Moody|Fortis RNG|RNG|CSMI,MISSING_YEAR
2012,Port Moody,Fortis RNG,RNG,CSMI,Port Moody|Fortis RNG|RNG|CSMI,MISSING_YEAR
2013,Port Moody,Fortis RNG,RNG,CSMI,Port Moody|Fortis RNG|RNG|CSMI,MISSING_YEAR
2014,Port Moody,Fortis RNG,RNG,CSMI,Port Moody|Fortis RNG|RNG|CSMI,MISSING_YEAR
2015,Port Moody,Fortis RNG,RNG,CSMI,Port Moody|Fortis RNG|RNG|CSMI,MISSING_YEAR
2016,North Vancouver District,Fortis RNG,RNG,CSMI,North Vancouver District|Fortis RNG|RNG|CSMI,MISSING_YEAR
2017,North Vancouver District,Fortis RNG,RNG,CSMI,North Vancouver District|Fortis RNG|RNG|CSMI,MISSING_YEAR
2018,North Vancouver District,Fortis RNG,RNG,CSMI,North Vancouver District|Fortis RNG|RNG|CSMI,MISSING_YEAR
2019,North Vancouver District,Fortis RNG,RNG,CSMI,North Vancouver District|Fortis RNG|RNG|CSMI,MISSING_YEAR
2020,North Vancouver District,Fortis RNG,RNG,CSMI,North Vancouver District|Fortis RNG|RNG|CSMI,MISSING_YEAR
2021,North Vancouver District,Fortis RNG,RNG,CSMI,North Vancouver District|Fortis RNG|RNG|CSMI,MISSING_YEAR
2007,North Vancouver District,Fortis RNG,RNG,CSMI,North Vancouver District|Fortis RNG|RNG|CSMI,MISSING_YEAR
2010,North Vancouver District,Fortis RNG,RNG,CSMI,North Vancouver District|Fortis RNG|RNG|CSMI,MISSING_YEAR
2012,North Vancouver District,Fortis RNG,RNG,CSMI,North Vancouver District|Fortis RNG|RNG|CSMI,MISSING_YEAR
2013,North Vancouver District,Fortis RNG,RNG,CSMI,North Vancouver District|Fortis RNG|RNG|CSMI,MISSING_YEAR
2014,North Vancouver District,Fortis RNG,RNG,CSMI,North Vancouver District|Fortis RNG|RNG|CSMI,MISSING_YEAR
2015,North Vancouver District,Fortis RNG,RNG,CSMI,North Vancouver District|Fortis RNG|RNG|CSMI,MISSING_YEAR
2016,North Vancouver City,Fortis RNG,RNG,CSMI,North Vancouver City|Fortis RNG|RNG|CSMI,MISSING_YEAR
2017,North Vancouver City,Fortis RNG,RNG,CSMI,North Vancouver City|Fortis RNG|RNG|CSMI,MISSING_YEAR
2018,North Vancouver City,Fortis RNG,RNG,CSMI,North Vancouver City|Fortis RNG|RNG|CSMI,MISSING_YEAR
2019,North Vancouver City,Fortis RNG,RNG,CSMI,North Vancouver City|Fortis RNG|RNG|CSMI,MISSING_YEAR
2020,North Vancouver City,Fortis RNG,RNG,CSMI,North Vancouver City|Fortis RNG|RNG|CSMI,MISSING_YEAR
2021,North Vancouver City,Fortis RNG,RNG,CSMI,North Vancouver City|Fortis RNG|RNG|CSMI,MISSING_YEAR
2007,North Vancouver City,Fortis RNG,RNG,CSMI,North Vancouver City|Fortis RNG|RNG|CSMI,MISSING_YEAR
2010,North Vancouver City,Fortis RNG,RNG,CSMI,North Vancouver City|Fortis RNG|RNG|CSMI,MISSING_YEAR
2012,North Vancouver City,Fortis RNG,RNG,CSMI,North Vancouver City|Fortis RNG|RNG|CSMI,MISSING_YEAR
2013,North Vancouver City,Fortis RNG,RNG,CSMI,North Vancouver City|Fortis RNG|RNG|CSMI,MISSING_YEAR
2014,North Vancouver City,Fortis RNG,RNG,CSMI,North Vancouver City|Fortis RNG|RNG|CSMI,MISSING_YEAR
2015,North Vancouver City,Fortis RNG,RNG,CSMI,North Vancouver City|Fortis RNG|RNG|CSMI,MISSING_YEAR
2016,West Vancouver,Fortis RNG,RNG,CSMI,West Vancouver|Fortis RNG|RNG|CSMI,MISSING_YEAR
2017,West Vancouver,Fortis RNG,RNG,CSMI,West Vancouver|Fortis RNG|RNG|CSMI,MISSING_YEAR
2018,West Vancouver,Fortis RNG,RNG,CSMI,West Vancouver|Fortis RNG|RNG|CSMI,MISSING_YEAR
2019,West Vancouver,Fortis RNG,RNG,CSMI,West Vancouver|Fortis RNG|RNG|CSMI,MISSING_YEAR
2020,West Vancouver,Fortis RNG,RNG,CSMI,West Vancouver|Fortis RNG|RNG|CSMI,MISSING_YEAR
2021,West Vancouver,Fortis RNG,RNG,CSMI,West Vancouver|Fortis RNG|RNG|CSMI,MISSING_YEAR
2007,West Vancouver,Fortis RNG,RNG,CSMI,West Vancouver|Fortis RNG|RNG|CSMI,MISSING_YEAR
2010,West Vancouver,Fortis RNG,RNG,CSMI,West Vancouver|Fortis RNG|RNG|CSMI,MISSING_YEAR
2012,West Vancouver,Fortis RNG,RNG,CSMI,West Vancouver|Fortis RNG|RNG|CSMI,MISSING_YEAR
2013,West Vancouver,Fortis RNG,RNG,CSMI,West Vancouver|Fortis RNG|RNG|CSMI,MISSING_YEAR
2014,West Vancouver,Fortis RNG,RNG,CSMI,West Vancouver|Fortis RNG|RNG|CSMI,MISSING_YEAR
2015,West Vancouver,Fortis RNG,RNG,CSMI,West Vancouver|Fortis RNG|RNG|CSMI,MISSING_YEAR
2016,Bowen Island,Fortis RNG,RNG,CSMI,Bowen Island|Fortis RNG|RNG|CSMI,MISSING_YEAR
2017,Bowen Island,Fortis RNG,RNG,CSMI,Bowen Island|Fortis RNG|RNG|CSMI,MISSING_YEAR
2018,Bowen Island,Fortis RNG,RNG,CSMI,Bowen Island|Fortis RNG|RNG|CSMI,MISSING_YEAR
2019,Bowen Island,Fortis RNG,RNG,CSMI,Bowen Island|Fortis RNG|RNG|CSMI,MISSING_YEAR
2020,Bowen Island,Fortis RNG,RNG,CSMI,Bowen Island|Fortis RNG|RNG|CSMI,MISSING_YEAR
2021,Bowen Island,Fortis RNG,RNG,CSMI,Bowen Island|Fortis RNG|RNG|CSMI,MISSING_YEAR
2007,Bowen Island,Fortis RNG,RNG,CSMI,Bowen Island|Fortis RNG|RNG|CSMI,MISSING_YEAR
2010,Bowen Island,Fortis RNG,RNG,CSMI,Bowen Island|Fortis RNG|RNG|CSMI,MISSING_YEAR
2012,Bowen Island,Fortis RNG,RNG,CSMI,Bowen Island|Fortis RNG|RNG|CSMI,MISSING_YEAR
2013,Bowen Island,Fortis RNG,RNG,CSMI,Bowen Island|Fortis RNG|RNG|CSMI,MISSING_YEAR
2014,Bowen Island,Fortis RNG,RNG,CSMI,Bowen Island|Fortis RNG|RNG|CSMI,MISSING_YEAR
2015,Bowen Island,Fortis RNG,RNG,CSMI,Bowen Island|Fortis RNG|RNG|CSMI,MISSING_YEAR
2016,Lions Bay,Fortis RNG,RNG,CSMI,Lions Bay|Fortis RNG|RNG|CSMI,MISSING_YEAR
2017,Lions Bay,Fortis RNG,RNG,CSMI,Lions Bay|Fortis RNG|RNG|CSMI,MISSING_YEAR
2018,Lions Bay,Fortis RNG,RNG,CSMI,Lions Bay|Fortis RNG|RNG|CSMI,MISSING_YEAR
2019,Lions Bay,Fortis RNG,RNG,CSMI,Lions Bay|Fortis RNG|RNG|CSMI,MISSING_YEAR
2020,Lions Bay,Fortis RNG,RNG,CSMI,Lions Bay|Fortis RNG|RNG|CSMI,MISSING_YEAR
2021,Lions Bay,Fortis RNG,RNG,CSMI,Lions Bay|Fortis RNG|RNG|CSMI,MISSING_YEAR
2007,Lions Bay,Fortis RNG,RNG,CSMI,Lions Bay|Fortis RNG|RNG|CSMI,MISSING_YEAR
2010,Lions Bay,Fortis RNG,RNG,CSMI,Lions Bay|Fortis RNG|RNG|CSMI,MISSING_YEAR
2012,Lions Bay,Fortis RNG,RNG,CSMI,Lions Bay|Fortis RNG|RNG|CSMI,MISSING_YEAR
2013,Lions Bay,Fortis RNG,RNG,CSMI,Lions Bay|Fortis RNG|RNG|CSMI,MISSING_YEAR
2014,Lions Bay,Fortis RNG,RNG,CSMI,Lions Bay|Fortis RNG|RNG|CSMI,MISSING_YEAR
2015,Lions Bay,Fortis RNG,RNG,CSMI,Lions Bay|Fortis RNG|RNG|CSMI,MISSING_YEAR
2016,Pitt Meadows,Fortis RNG,RNG,CSMI,Pitt Meadows|Fortis RNG|RNG|CSMI,MISSING_YEAR
2017,Pitt Meadows,Fortis RNG,RNG,CSMI,Pitt Meadows|Fortis RNG|RNG|CSMI,MISSING_YEAR
2018,Pitt Meadows,Fortis RNG,RNG,CSMI,Pitt Meadows|Fortis RNG|RNG|CSMI,MISSING_YEAR
2019,Pitt Meadows,Fortis RNG,RNG,CSMI,Pitt Meadows|Fortis RNG|RNG|CSMI,MISSING_YEAR
2020,Pitt Meadows,Fortis RNG,RNG,CSMI,Pitt Meadows|Fortis RNG|RNG|CSMI,MISSING_YEAR
2021,Pitt Meadows,Fortis RNG,RNG,CSMI,Pitt Meadows|Fortis RNG|RNG|CSMI,MISSING_YEAR
2007,Pitt Meadows,Fortis RNG,RNG,CSMI,Pitt Meadows|Fortis RNG|RNG|CSMI,MISSING_YEAR
2010,Pitt Meadows,Fortis RNG,RNG,CSMI,Pitt Meadows|Fortis RNG|RNG|CSMI,MISSING_YEAR
2012,Pitt Meadows,Fortis RNG,RNG,CSMI,Pitt Meadows|Fortis RNG|RNG|CSMI,MISSING_YEAR
2013,Pitt Meadows,Fortis RNG,RNG,CSMI,Pitt Meadows|Fortis RNG|RNG|CSMI,MISSING_YEAR
2014,Pitt Meadows,Fortis RNG,RNG,CSMI,Pitt Meadows|Fortis RNG|RNG|CSMI,MISSING_YEAR
2015,Pitt Meadows,Fortis RNG,RNG,CSMI,Pitt Meadows|Fortis RNG|RNG|CSMI,MISSING_YEAR
2016,Maple Ridge,Fortis RNG,RNG,CSMI,Maple Ridge|Fortis RNG|RNG|CSMI,MISSING_YEAR
2017,Maple Ridge,Fortis RNG,RNG,CSMI,Maple Ridge|Fortis RNG|RNG|CSMI,MISSING_YEAR
2018,Maple Ridge,Fortis RNG,RNG,CSMI,Maple Ridge|Fortis RNG|RNG|CSMI,MISSING_YEAR
2019,Maple Ridge,Fortis RNG,RNG,CSMI,Maple Ridge|Fortis RNG|RNG|CSMI,MISSING_YEAR
2020,Maple Ridge,Fortis RNG,RNG,CSMI,Maple Ridge|Fortis RNG|RNG|CSMI,MISSING_YEAR
2021,Maple Ridge,Fortis RNG,RNG,CSMI,Maple Ridge|Fortis RNG|RNG|CSMI,MISSING_YEAR
2007,Maple Ridge,Fortis RNG,RNG,CSMI,Maple Ridge|Fortis RNG|RNG|CSMI,MISSING_YEAR
2010,Maple Ridge,Fortis RNG,RNG,CSMI,Maple Ridge|Fortis RNG|RNG|CSMI,MISSING_YEAR
2012,Maple Ridge,Fortis RNG,RNG,CSMI,Maple Ridge|Fortis RNG|RNG|CSMI,MISSING_YEAR
2013,Maple Ridge,Fortis RNG,RNG,CSMI,Maple Ridge|Fortis RNG|RNG|CSMI,MISSING_YEAR
2014,Maple Ridge,Fortis RNG,RNG,CSMI,Maple Ridge|Fortis RNG|RNG|CSMI,MISSING_YEAR
2015,Maple Ridge,Fortis RNG,RNG,CSMI,Maple Ridge|Fortis RNG|RNG|CSMI,MISSING_YEAR
2016,North Saanich,Fortis RNG,RNG,CSMI,North Saanich|Fortis RNG|RNG|CSMI,MISSING_YEAR
2017,North Saanich,Fortis RNG,RNG,CSMI,North Saanich|Fortis RNG|RNG|CSMI,MISSING_YEAR
2018,North Saanich,Fortis RNG,RNG,CSMI,North Saanich|Fortis RNG|RNG|CSMI,MISSING_YEAR
2019,North Saanich,Fortis RNG,RNG,CSMI,North Saanich|Fortis RNG|RNG|CSMI,MISSING_YEAR
2020,North Saanich,Fortis RNG,RNG,CSMI,North Saanich|Fortis RNG|RNG|CSMI,MISSING_YEAR
2021,North Saanich,Fortis RNG,RNG,CSMI,North Saanich|Fortis RNG|RNG|CSMI,MISSING_YEAR
2007,North Saanich,Fortis RNG,RNG,CSMI,North Saanich|Fortis RNG|RNG|CSMI,MISSING_YEAR
2010,North Saanich,Fortis RNG,RNG,CSMI,North Saanich|Fortis RNG|RNG|CSMI,MISSING_YEAR
2012,North Saanich,Fortis RNG,RNG,CSMI,North Saanich|Fortis RNG|RNG|CSMI,MISSING_YEAR
2013,North Saanich,Fortis RNG,RNG,CSMI,North Saanich|Fortis RNG|RNG|CSMI,MISSING_YEAR
2014,North Saanich,Fortis RNG,RNG,CSMI,North Saanich|Fortis RNG|RNG|CSMI,MISSING_YEAR
2015,North Saanich,Fortis RNG,RNG,CSMI,North Saanich|Fortis RNG|RNG|CSMI,MISSING_YEAR
2016,Sidney,Fortis RNG,RNG,CSMI,Sidney|Fortis RNG|RNG|CSMI,MISSING_YEAR
2017,Sidney,Fortis RNG,RNG,CSMI,Sidney|Fortis RNG|RNG|CSMI,MISSING_YEAR
2018,Sidney,Fortis RNG,RNG,CSMI,Sidney|Fortis RNG|RNG|CSMI,MISSING_YEAR
2019,Sidney,Fortis RNG,RNG,CSMI,Sidney|Fortis RNG|RNG|CSMI,MISSING_YEAR
2020,Sidney,Fortis RNG,RNG,CSMI,Sidney|Fortis RNG|RNG|CSMI,MISSING_YEAR
2021,Sidney,Fortis RNG,RNG,CSMI,Sidney|Fortis RNG|RNG|CSMI,MISSING_YEAR
2007,Sidney,Fortis RNG,RNG,CSMI,Sidney|Fortis RNG|RNG|CSMI,MISSING_YEAR
2010,Sidney,Fortis RNG,RNG,CSMI,Sidney|Fortis RNG|RNG|CSMI,MISSING_YEAR
2012,Sidney,Fortis RNG,RNG,CSMI,Sidney|Fortis RNG|RNG|CSMI,MISSING_YEAR
2013,Sidney,Fortis RNG,RNG,CSMI,Sidney|Fortis RNG|RNG|CSMI,MISSING_YEAR
2014,Sidney,Fortis RNG,RNG,CSMI,Sidney|Fortis RNG|RNG|CSMI,MISSING_YEAR
2015,Sidney,Fortis RNG,RNG,CSMI,Sidney|Fortis RNG|RNG|CSMI,MISSING_YEAR
2016,Central Saanich,Fortis RNG,RNG,CSMI,Central Saanich|Fortis RNG|RNG|CSMI,MISSING_YEAR
2017,Central Saanich,Fortis RNG,RNG,CSMI,Central Saanich|Fortis RNG|RNG|CSMI,MISSING_YEAR
2018,Central Saanich,Fortis RNG,RNG,CSMI,Central Saanich|Fortis RNG|RNG|CSMI,MISSING_YEAR
2019,Central Saanich,Fortis RNG,RNG,CSMI,Central Saanich|Fortis RNG|RNG|CSMI,MISSING_YEAR
2020,Central Saanich,Fortis RNG,RNG,CSMI,Central Saanich|Fortis RNG|RNG|CSMI,MISSING_YEAR
2021,Central Saanich,Fortis RNG,RNG,CSMI,Central Saanich|Fortis RNG|RNG|CSMI,MISSING_YEAR
2007,Central Saanich,Fortis RNG,RNG,CSMI,Central Saanich|Fortis RNG|RNG|CSMI,MISSING_YEAR
2010,Central Saanich,Fortis RNG,RNG,CSMI,Central Saanich|Fortis RNG|RNG|CSMI,MISSING_YEAR
2012,Central Saanich,Fortis RNG,RNG,CSMI,Central Saanich|Fortis RNG|RNG|CSMI,MISSING_YEAR
2013,Central Saanich,Fortis RNG,RNG,CSMI,Central Saanich|Fortis RNG|RNG|CSMI,MISSING_YEAR
2014,Central Saanich,Fortis RNG,RNG,CSMI,Central Saanich|Fortis RNG|RNG|CSMI,MISSING_YEAR
2015,Central Saanich,Fortis RNG,RNG,CSMI,Central Saanich|Fortis RNG|RNG|CSMI,MISSING_YEAR
2016,Saanich,Fortis RNG,RNG,CSMI,Saanich|Fortis RNG|RNG|CSMI,MISSING_YEAR
2017,Saanich,Fortis RNG,RNG,CSMI,Saanich|Fortis RNG|RNG|CSMI,MISSING_YEAR
2018,Saanich,Fortis RNG,RNG,CSMI,Saanich|Fortis RNG|RNG|CSMI,MISSING_YEAR
2019,Saanich,Fortis RNG,RNG,CSMI,Saanich|Fortis RNG|RNG|CSMI,MISSING_YEAR
2020,Saanich,Fortis RNG,RNG,CSMI,Saanich|Fortis RNG|RNG|CSMI,MISSING_YEAR
2021,Saanich,Fortis RNG,RNG,CSMI,Saanich|Fortis RNG|RNG|CSMI,MISSING_YEAR
2007,Saanich,Fortis RNG,RNG,CSMI,Saanich|Fortis RNG|RNG|CSMI,MISSING_YEAR
2010,Saanich,Fortis RNG,RNG,CSMI,Saanich|Fortis RNG|RNG|CSMI,MISSING_YEAR
2012,Saanich,Fortis RNG,RNG,CSMI,Saanich|Fortis RNG|RNG|CSMI,MISSING_YEAR
2013,Saanich,Fortis RNG,RNG,CSMI,Saanich|Fortis RNG|RNG|CSMI,MISSING_YEAR
2014,Saanich,Fortis RNG,RNG,CSMI,Saanich|Fortis RNG|RNG|CSMI,MISSING_YEAR
2015,Saanich,Fortis RNG,RNG,CSMI,Saanich|Fortis RNG|RNG|CSMI,MISSING_YEAR
2016,Oak Bay,Fortis RNG,RNG,CSMI,Oak Bay|Fortis RNG|RNG|CSMI,MISSING_YEAR
2017,Oak Bay,Fortis RNG,RNG,CSMI,Oak Bay|Fortis RNG|RNG|CSMI,MISSING_YEAR
2018,Oak Bay,Fortis RNG,RNG,CSMI,Oak Bay|Fortis RNG|RNG|CSMI,MISSING_YEAR
2019,Oak Bay,Fortis RNG,RNG,CSMI,Oak Bay|Fortis RNG|RNG|CSMI,MISSING_YEAR
2020,Oak Bay,Fortis RNG,RNG,CSMI,Oak Bay|Fortis RNG|RNG|CSMI,MISSING_YEAR
2021,Oak Bay,Fortis RNG,RNG,CSMI,Oak Bay|Fortis RNG|RNG|CSMI,MISSING_YEAR
2007,Oak Bay,Fortis RNG,RNG,CSMI,Oak Bay|Fortis RNG|RNG|CSMI,MISSING_YEAR
2010,Oak Bay,Fortis RNG,RNG,CSMI,Oak Bay|Fortis RNG|RNG|CSMI,MISSING_YEAR
2012,Oak Bay,Fortis RNG,RNG,CSMI,Oak Bay|Fortis RNG|RNG|CSMI,MISSING_YEAR
2013,Oak Bay,Fortis RNG,RNG,CSMI,Oak Bay|Fortis RNG|RNG|CSMI,MISSING_YEAR
2014,Oak Bay,Fortis RNG,RNG,CSMI,Oak Bay|Fortis RNG|RNG|CSMI,MISSING_YEAR
2015,Oak Bay,Fortis RNG,RNG,CSMI,Oak Bay|Fortis RNG|RNG|CSMI,MISSING_YEAR
2016,Victoria,Fortis RNG,RNG,CSMI,Victoria|Fortis RNG|RNG|CSMI,MISSING_YEAR
2017,Victoria,Fortis RNG,RNG,CSMI,Victoria|Fortis RNG|RNG|CSMI,MISSING_YEAR
2018,Victoria,Fortis RNG,RNG,CSMI,Victoria|Fortis RNG|RNG|CSMI,MISSING_YEAR
2019,Victoria,Fortis RNG,RNG,CSMI,Victoria|Fortis RNG|RNG|CSMI,MISSING_YEAR
2020,Victoria,Fortis RNG,RNG,CSMI,Victoria|Fortis RNG|RNG|CSMI,MISSING_YEAR
2021,Victoria,Fortis RNG,RNG,CSMI,Victoria|Fortis RNG|RNG|CSMI,MISSING_YEAR
2007,Victoria,Fortis RNG,RNG,CSMI,Victoria|Fortis RNG|RNG|CSMI,MISSING_YEAR
2010,Victoria,Fortis RNG,RNG,CSMI,Victoria|Fortis RNG|RNG|CSMI,MISSING_YEAR
2012,Victoria,Fortis RNG,RNG,CSMI,Victoria|Fortis RNG|RNG|CSMI,MISSING_YEAR
2013,Victoria,Fortis RNG,RNG,CSMI,Victoria|Fortis RNG|RNG|CSMI,MISSING_YEAR
2014,Victoria,Fortis RNG,RNG,CSMI,Victoria|Fortis RNG|RNG|CSMI,MISSING_YEAR
2015,Victoria,Fortis RNG,RNG,CSMI,Victoria|Fortis RNG|RNG|CSMI,MISSING_YEAR
2016,Esquimalt,Fortis RNG,RNG,CSMI,Esquimalt|Fortis RNG|RNG|CSMI,MISSING_YEAR
2017,Esquimalt,Fortis RNG,RNG,CSMI,Esquimalt|Fortis RNG|RNG|CSMI,MISSING_YEAR
2018,Esquimalt,Fortis RNG,RNG,CSMI,Esquimalt|Fortis RNG|RNG|CSMI,MISSING_YEAR
2019,Esquimalt,Fortis RNG,RNG,CSMI,Esquimalt|Fortis RNG|RNG|CSMI,MISSING_YEAR
2020,Esquimalt,Fortis RNG,RNG,CSMI,Esquimalt|Fortis RNG|RNG|CSMI,MISSING_YEAR
2021,Esquimalt,Fortis RNG,RNG,CSMI,Esquimalt|Fortis RNG|RNG|CSMI,MISSING_YEAR
2007,Esquimalt,Fortis RNG,RNG,CSMI,Esquimalt|Fortis RNG|RNG|CSMI,MISSING_YEAR
2010,Esquimalt,Fortis RNG,RNG,CSMI,Esquimalt|Fortis RNG|RNG|CSMI,MISSING_YEAR
2012,Esquimalt,Fortis RNG,RNG,CSMI,Esquimalt|Fortis RNG|RNG|CSMI,MISSING_YEAR
2013,Esquimalt,Fortis RNG,RNG,CSMI,Esquimalt|Fortis RNG|RNG|CSMI,MISSING_YEAR
2014,Esquimalt,Fortis RNG,RNG,CSMI,Esquimalt|Fortis RNG|RNG|CSMI,MISSING_YEAR
2015,Esquimalt,Fortis RNG,RNG,CSMI,Esquimalt|Fortis RNG|RNG|CSMI,MISSING_YEAR
2016,Colwood,Fortis RNG,RNG,CSMI,Colwood|Fortis RNG|RNG|CSMI,MISSING_YEAR
2017,Colwood,Fortis RNG,RNG,CSMI,Colwood|Fortis RNG|RNG|CSMI,MISSING_YEAR
2018,Colwood,Fortis RNG,RNG,CSMI,Colwood|Fortis RNG|RNG|CSMI,MISSING_YEAR
2019,Colwood,Fortis RNG,RNG,CSMI,Colwood|Fortis RNG|RNG|CSMI,MISSING_YEAR
2020,Colwood,Fortis RNG,RNG,CSMI,Colwood|Fortis RNG|RNG|CSMI,MISSING_YEAR
2021,Colwood,Fortis RNG,RNG,CSMI,Colwood|Fortis RNG|RNG|CSMI,MISSING_YEAR
2007,Colwood,Fortis RNG,RNG,CSMI,Colwood|Fortis RNG|RNG|CSMI,MISSING_YEAR
2010,Colwood,Fortis RNG,RNG,CSMI,Colwood|Fortis RNG|RNG|CSMI,MISSING_YEAR
2012,Colwood,Fortis RNG,RNG,CSMI,Colwood|Fortis RNG|RNG|CSMI,MISSING_YEAR
2013,Colwood,Fortis RNG,RNG,CSMI,Colwood|Fortis RNG|RNG|CSMI,MISSING_YEAR
2014,Colwood,Fortis RNG,RNG,CSMI,Colwood|Fortis RNG|RNG|CSMI,MISSING_YEAR
2015,Colwood,Fortis RNG,RNG,CSMI,Colwood|Fortis RNG|RNG|CSMI,MISSING_YEAR
2016,Metchosin,Fortis RNG,RNG,CSMI,Metchosin|Fortis RNG|RNG|CSMI,MISSING_YEAR
2017,Metchosin,Fortis RNG,RNG,CSMI,Metchosin|Fortis RNG|RNG|CSMI,MISSING_YEAR
2018,Metchosin,Fortis RNG,RNG,CSMI,Metchosin|Fortis RNG|RNG|CSMI,MISSING_YEAR
2019,Metchosin,Fortis RNG,RNG,CSMI,Metchosin|Fortis RNG|RNG|CSMI,MISSING_YEAR
2020,Metchosin,Fortis RNG,RNG,CSMI,Metchosin|Fortis RNG|RNG|CSMI,MISSING_YEAR
2021,Metchosin,Fortis RNG,RNG,CSMI,Metchosin|Fortis RNG|RNG|CSMI,MISSING_YEAR
2007,Metchosin,Fortis RNG,RNG,CSMI,Metchosin|Fortis RNG|RNG|CSMI,MISSING_YEAR
2010,Metchosin,Fortis RNG,RNG,CSMI,Metchosin|Fortis RNG|RNG|CSMI,MISSING_YEAR
2012,Metchosin,Fortis RNG,RNG,CSMI,Metchosin|Fortis RNG|RNG|CSMI,MISSING_YEAR
2013,Metchosin,Fortis RNG,RNG,CSMI,Metchosin|Fortis RNG|RNG|CSMI,MISSING_YEAR
2014,Metchosin,Fortis RNG,RNG,CSMI,Metchosin|Fortis RNG|RNG|CSMI,MISSING_YEAR
2015,Metchosin,Fortis RNG,RNG,CSMI,Metchosin|Fortis RNG|RNG|CSMI,MISSING_YEAR
2016,Langford,Fortis RNG,RNG,CSMI,Langford|Fortis RNG|RNG|CSMI,MISSING_YEAR
2017,Langford,Fortis RNG,RNG,CSMI,Langford|Fortis RNG|RNG|CSMI,MISSING_YEAR
2018,Langford,Fortis RNG,RNG,CSMI,Langford|Fortis RNG|RNG|CSMI,MISSING_YEAR
2019,Langford,Fortis RNG,RNG,CSMI,Langford|Fortis RNG|RNG|CSMI,MISSING_YEAR
2020,Langford,Fortis RNG,RNG,CSMI,Langford|Fortis RNG|RNG|CSMI,MISSING_YEAR
2021,Langford,Fortis RNG,RNG,CSMI,Langford|Fortis RNG|RNG|CSMI,MISSING_YEAR
2007,Langford,Fortis RNG,RNG,CSMI,Langford|Fortis RNG|RNG|CSMI,MISSING_YEAR
2010,Langford,Fortis RNG,RNG,CSMI,Langford|Fortis RNG|RNG|CSMI,MISSING_YEAR
2012,Langford,Fortis RNG,RNG,CSMI,Langford|Fortis RNG|RNG|CSMI,MISSING_YEAR
2013,Langford,Fortis RNG,RNG,CSMI,Langford|Fortis RNG|RNG|CSMI,MISSING_YEAR
2014,Langford,Fortis RNG,RNG,CSMI,Langford|Fortis RNG|RNG|CSMI,MISSING_YEAR
2015,Langford,Fortis RNG,RNG,CSMI,Langford|Fortis RNG|RNG|CSMI,MISSING_YEAR
2016,View Royal,Fortis RNG,RNG,CSMI,View Royal|Fortis RNG|RNG|CSMI,MISSING_YEAR
2017,View Royal,Fortis RNG,RNG,CSMI,View Royal|Fortis RNG|RNG|CSMI,MISSING_YEAR
2018,View Royal,Fortis RNG,RNG,CSMI,View Royal|Fortis RNG|RNG|CSMI,MISSING_YEAR
2019,View Royal,Fortis RNG,RNG,CSMI,View Royal|Fortis RNG|RNG|CSMI,MISSING_YEAR
2020,View Royal,Fortis RNG,RNG,CSMI,View Royal|Fortis RNG|RNG|CSMI,MISSING_YEAR
2021,View Royal,Fortis RNG,RNG,CSMI,View Royal|Fortis RNG|RNG|CSMI,MISSING_YEAR
2007,View Royal,Fortis RNG,RNG,CSMI,View Royal|Fortis RNG|RNG|CSMI,MISSING_YEAR
2010,View Royal,Fortis RNG,RNG,CSMI,View Royal|Fortis RNG|RNG|CSMI,MISSING_YEAR
2012,View Royal,Fortis RNG,RNG,CSMI,View Royal|Fortis RNG|RNG|CSMI,MISSING_YEAR
2013,View Royal,Fortis RNG,RNG,CSMI,View Royal|Fortis RNG|RNG|CSMI,MISSING_YEAR
2014,View Royal,Fortis RNG,RNG,CSMI,View Royal|Fortis RNG|RNG|CSMI,MISSING_YEAR
2015,View Royal,Fortis RNG,RNG,CSMI,View Royal|Fortis RNG|RNG|CSMI,MISSING_YEAR
2016,Highlands,Fortis RNG,RNG,CSMI,Highlands|Fortis RNG|RNG|CSMI,MISSING_YEAR
2017,Highlands,Fortis RNG,RNG,CSMI,Highlands|Fortis RNG|RNG|CSMI,MISSING_YEAR
2018,Highlands,Fortis RNG,RNG,CSMI,Highlands|Fortis RNG|RNG|CSMI,MISSING_YEAR
2019,Highlands,Fortis RNG,RNG,CSMI,Highlands|Fortis RNG|RNG|CSMI,MISSING_YEAR
2020,Highlands,Fortis RNG,RNG,CSMI,Highlands|Fortis RNG|RNG|CSMI,MISSING_YEAR
2021,Highlands,Fortis RNG,RNG,CSMI,Highlands|Fortis RNG|RNG|CSMI,MISSING_YEAR
2007,Highlands,Fortis RNG,RNG,CSMI,Highlands|Fortis RNG|RNG|CSMI,MISSING_YEAR
2010,Highlands,Fortis RNG,RNG,CSMI,Highlands|Fortis RNG|RNG|CSMI,MISSING_YEAR
2012,Highlands,Fortis RNG,RNG,CSMI,Highlands|Fortis RNG|RNG|CSMI,MISSING_YEAR
2013,Highlands,Fortis RNG,RNG,CSMI,Highlands|Fortis RNG|RNG|CSMI,MISSING_YEAR
2014,Highlands,Fortis RNG,RNG,CSMI,Highlands|Fortis RNG|RNG|CSMI,MISSING_YEAR
2015,Highlands,Fortis RNG,RNG,CSMI,Highlands|Fortis RNG|RNG|CSMI,MISSING_YEAR
2016,Sooke,Fortis RNG,RNG,CSMI,Sooke|Fortis RNG|RNG|CSMI,MISSING_YEAR
2017,Sooke,Fortis RNG,RNG,CSMI,Sooke|Fortis RNG|RNG|CSMI,MISSING_YEAR
2018,Sooke,Fortis RNG,RNG,CSMI,Sooke|Fortis RNG|RNG|CSMI,MISSING_YEAR
2019,Sooke,Fortis RNG,RNG,CSMI,Sooke|Fortis RNG|RNG|CSMI,MISSING_YEAR
2020,Sooke,Fortis RNG,RNG,CSMI,Sooke|Fortis RNG|RNG|CSMI,MISSING_YEAR
2021,Sooke,Fortis RNG,RNG,CSMI,Sooke|Fortis RNG|RNG|CSMI,MISSING_YEAR
2007,Sooke,Fortis RNG,RNG,CSMI,Sooke|Fortis RNG|RNG|CSMI,MISSING_YEAR
2010,Sooke,Fortis RNG,RNG,CSMI,Sooke|Fortis RNG|RNG|CSMI,MISSING_YEAR
2012,Sooke,Fortis RNG,RNG,CSMI,Sooke|Fortis RNG|RNG|CSMI,MISSING_YEAR
2013,Sooke,Fortis RNG,RNG,CSMI,Sooke|Fortis RNG|RNG|CSMI,MISSING_YEAR
2014,Sooke,Fortis RNG,RNG,CSMI,Sooke|Fortis RNG|RNG|CSMI,MISSING_YEAR
2015,Sooke,Fortis RNG,RNG,CSMI,Sooke|Fortis RNG|RNG|CSMI,MISSING_YEAR
2016,North Cowichan,Fortis RNG,RNG,CSMI,North Cowichan|Fortis RNG|RNG|CSMI,MISSING_YEAR
2017,North Cowichan,Fortis RNG,RNG,CSMI,North Cowichan|Fortis RNG|RNG|CSMI,MISSING_YEAR
2018,North Cowichan,Fortis RNG,RNG,CSMI,North Cowichan|Fortis RNG|RNG|CSMI,MISSING_YEAR
2019,North Cowichan,Fortis RNG,RNG,CSMI,North Cowichan|Fortis RNG|RNG|CSMI,MISSING_YEAR
2020,North Cowichan,Fortis RNG,RNG,CSMI,North Cowichan|Fortis RNG|RNG|CSMI,MISSING_YEAR
2021,North Cowichan,Fortis RNG,RNG,CSMI,North Cowichan|Fortis RNG|RNG|CSMI,MISSING_YEAR
2007,North Cowichan,Fortis RNG,RNG,CSMI,North Cowichan|Fortis RNG|RNG|CSMI,MISSING_YEAR
2010,North Cowichan,Fortis RNG,RNG,CSMI,North Cowichan|Fortis RNG|RNG|CSMI,MISSING_YEAR
2012,North Cowichan,Fortis RNG,RNG,CSMI,North Cowichan|Fortis RNG|RNG|CSMI,MISSING_YEAR
2013,North Cowichan,Fortis RNG,RNG,CSMI,North Cowichan|Fortis RNG|RNG|CSMI,MISSING_YEAR
2014,North Cowichan,Fortis RNG,RNG,CSMI,North Cowichan|Fortis RNG|RNG|CSMI,MISSING_YEAR
2015,North Cowichan,Fortis RNG,RNG,CSMI,North Cowichan|Fortis RNG|RNG|CSMI,MISSING_YEAR
2016,Duncan,Fortis RNG,RNG,CSMI,Duncan|Fortis RNG|RNG|CSMI,MISSING_YEAR
2017,Duncan,Fortis RNG,RNG,CSMI,Duncan|Fortis RNG|RNG|CSMI,MISSING_YEAR
2018,Duncan,Fortis RNG,RNG,CSMI,Duncan|Fortis RNG|RNG|CSMI,MISSING_YEAR
2019,Duncan,Fortis RNG,RNG,CSMI,Duncan|Fortis RNG|RNG|CSMI,MISSING_YEAR
2020,Duncan,Fortis RNG,RNG,CSMI,Duncan|Fortis RNG|RNG|CSMI,MISSING_YEAR
2021,Duncan,Fortis RNG,RNG,CSMI,Duncan|Fortis RNG|RNG|CSMI,MISSING_YEAR
2007,Duncan,Fortis RNG,RNG,CSMI,Duncan|Fortis RNG|RNG|CSMI,MISSING_YEAR
2010,Duncan,Fortis RNG,RNG,CSMI,Duncan|Fortis RNG|RNG|CSMI,MISSING_YEAR
2012,Duncan,Fortis RNG,RNG,CSMI,Duncan|Fortis RNG|RNG|CSMI,MISSING_YEAR
2013,Duncan,Fortis RNG,RNG,CSMI,Duncan|Fortis RNG|RNG|CSMI,MISSING_YEAR
2014,Duncan,Fortis RNG,RNG,CSMI,Duncan|Fortis RNG|RNG|CSMI,MISSING_YEAR
2015,Duncan,Fortis RNG,RNG,CSMI,Duncan|Fortis RNG|RNG|CSMI,MISSING_YEAR
2016,Lake Cowichan,Fortis RNG,RNG,CSMI,Lake Cowichan|Fortis RNG|RNG|CSMI,MISSING_YEAR
2017,Lake Cowichan,Fortis RNG,RNG,CSMI,Lake Cowichan|Fortis RNG|RNG|CSMI,MISSING_YEAR
2018,Lake Cowichan,Fortis RNG,RNG,CSMI,Lake Cowichan|Fortis RNG|RNG|CSMI,MISSING_YEAR
2019,Lake Cowichan,Fortis RNG,RNG,CSMI,Lake Cowichan|Fortis RNG|RNG|CSMI,MISSING_YEAR
2020,Lake Cowichan,Fortis RNG,RNG,CSMI,Lake Cowichan|Fortis RNG|RNG|CSMI,MISSING_YEAR
2021,Lake Cowichan,Fortis RNG,RNG,CSMI,Lake Cowichan|Fortis RNG|RNG|CSMI,MISSING_YEAR
2007,Lake Cowichan,Fortis RNG,RNG,CSMI,Lake Cowichan|Fortis RNG|RNG|CSMI,MISSING_YEAR
2010,Lake Cowichan,Fortis RNG,RNG,CSMI,Lake Cowichan|Fortis RNG|RNG|CSMI,MISSING_YEAR
2012,Lake Cowichan,Fortis RNG,RNG,CSMI,Lake Cowichan|Fortis RNG|RNG|CSMI,MISSING_YEAR
2013,Lake Cowichan,Fortis RNG,RNG,CSMI,Lake Cowichan|Fortis RNG|RNG|CSMI,MISSING_YEAR
2014,Lake Cowichan,Fortis RNG,RNG,CSMI,Lake Cowichan|Fortis RNG|RNG|CSMI,MISSING_YEAR
2015,Lake Cowichan,Fortis RNG,RNG,CSMI,Lake Cowichan|Fortis RNG|RNG|CSMI,MISSING_YEAR
2016,Ladysmith,Fortis RNG,RNG,CSMI,Ladysmith|Fortis RNG|RNG|CSMI,MISSING_YEAR
2017,Ladysmith,Fortis RNG,RNG,CSMI,Ladysmith|Fortis RNG|RNG|CSMI,MISSING_YEAR
2018,Ladysmith,Fortis RNG,RNG,CSMI,Ladysmith|Fortis RNG|RNG|CSMI,MISSING_YEAR
2019,Ladysmith,Fortis RNG,RNG,CSMI,Ladysmith|Fortis RNG|RNG|CSMI,MISSING_YEAR
2020,Ladysmith,Fortis RNG,RNG,CSMI,Ladysmith|Fortis RNG|RNG|CSMI,MISSING_YEAR
2021,Ladysmith,Fortis RNG,RNG,CSMI,Ladysmith|Fortis RNG|RNG|CSMI,MISSING_YEAR
2007,Ladysmith,Fortis RNG,RNG,CSMI,Ladysmith|Fortis RNG|RNG|CSMI,MISSING_YEAR
2010,Ladysmith,Fortis RNG,RNG,CSMI,Ladysmith|Fortis RNG|RNG|CSMI,MISSING_YEAR
2012,Ladysmith,Fortis RNG,RNG,CSMI,Ladysmith|Fortis RNG|RNG|CSMI,MISSING_YEAR
2013,Ladysmith,Fortis RNG,RNG,CSMI,Ladysmith|Fortis RNG|RNG|CSMI,MISSING_YEAR
2014,Ladysmith,Fortis RNG,RNG,CSMI,Ladysmith|Fortis RNG|RNG|CSMI,MISSING_YEAR
2015,Ladysmith,Fortis RNG,RNG,CSMI,Ladysmith|Fortis RNG|RNG|CSMI,MISSING_YEAR
2016,Nanaimo,Fortis RNG,RNG,CSMI,Nanaimo|Fortis RNG|RNG|CSMI,MISSING_YEAR
2017,Nanaimo,Fortis RNG,RNG,CSMI,Nanaimo|Fortis RNG|RNG|CSMI,MISSING_YEAR
2018,Nanaimo,Fortis RNG,RNG,CSMI,Nanaimo|Fortis RNG|RNG|CSMI,MISSING_YEAR
2019,Nanaimo,Fortis RNG,RNG,CSMI,Nanaimo|Fortis RNG|RNG|CSMI,MISSING_YEAR
2020,Nanaimo,Fortis RNG,RNG,CSMI,Nanaimo|Fortis RNG|RNG|CSMI,MISSING_YEAR
2021,Nanaimo,Fortis RNG,RNG,CSMI,Nanaimo|Fortis RNG|RNG|CSMI,MISSING_YEAR
2007,Nanaimo,Fortis RNG,RNG,CSMI,Nanaimo|Fortis RNG|RNG|CSMI,MISSING_YEAR
2010,Nanaimo,Fortis RNG,RNG,CSMI,Nanaimo|Fortis RNG|RNG|CSMI,MISSING_YEAR
2012,Nanaimo,Fortis RNG,RNG,CSMI,Nanaimo|Fortis RNG|RNG|CSMI,MISSING_YEAR
2013,Nanaimo,Fortis RNG,RNG,CSMI,Nanaimo|Fortis RNG|RNG|CSMI,MISSING_YEAR
2014,Nanaimo,Fortis RNG,RNG,CSMI,Nanaimo|Fortis RNG|RNG|CSMI,MISSING_YEAR
2015,Nanaimo,Fortis RNG,RNG,CSMI,Nanaimo|Fortis RNG|RNG|CSMI,MISSING_YEAR
2016,Lantzville,Fortis RNG,RNG,CSMI,Lantzville|Fortis RNG|RNG|CSMI,MISSING_YEAR
2017,Lantzville,Fortis RNG,RNG,CSMI,Lantzville|Fortis RNG|RNG|CSMI,MISSING_YEAR
2018,Lantzville,Fortis RNG,RNG,CSMI,Lantzville|Fortis RNG|RNG|CSMI,MISSING_YEAR
2019,Lantzville,Fortis RNG,RNG,CSMI,Lantzville|Fortis RNG|RNG|CSMI,MISSING_YEAR
2020,Lantzville,Fortis RNG,RNG,CSMI,Lantzville|Fortis RNG|RNG|CSMI,MISSING_YEAR
2021,Lantzville,Fortis RNG,RNG,CSMI,Lantzville|Fortis RNG|RNG|CSMI,MISSING_YEAR
2007,Lantzville,Fortis RNG,RNG,CSMI,Lantzville|Fortis RNG|RNG|CSMI,MISSING_YEAR
2010,Lantzville,Fortis RNG,RNG,CSMI,Lantzville|Fortis RNG|RNG|CSMI,MISSING_YEAR
2012,Lantzville,Fortis RNG,RNG,CSMI,Lantzville|Fortis RNG|RNG|CSMI,MISSING_YEAR
2013,Lantzville,Fortis RNG,RNG,CSMI,Lantzville|Fortis RNG|RNG|CSMI,MISSING_YEAR
2014,Lantzville,Fortis RNG,RNG,CSMI,Lantzville|Fortis RNG|RNG|CSMI,MISSING_YEAR
2015,Lantzville,Fortis RNG,RNG,CSMI,Lantzville|Fortis RNG|RNG|CSMI,MISSING_YEAR
2016,Parksville,Fortis RNG,RNG,CSMI,Parksville|Fortis RNG|RNG|CSMI,MISSING_YEAR
2017,Parksville,Fortis RNG,RNG,CSMI,Parksville|Fortis RNG|RNG|CSMI,MISSING_YEAR
2018,Parksville,Fortis RNG,RNG,CSMI,Parksville|Fortis RNG|RNG|CSMI,MISSING_YEAR
2019,Parksville,Fortis RNG,RNG,CSMI,Parksville|Fortis RNG|RNG|CSMI,MISSING_YEAR
2020,Parksville,Fortis RNG,RNG,CSMI,Parksville|Fortis RNG|RNG|CSMI,MISSING_YEAR
2021,Parksville,Fortis RNG,RNG,CSMI,Parksville|Fortis RNG|RNG|CSMI,MISSING_YEAR
2007,Parksville,Fortis RNG,RNG,CSMI,Parksville|Fortis RNG|RNG|CSMI,MISSING_YEAR
2010,Parksville,Fortis RNG,RNG,CSMI,Parksville|Fortis RNG|RNG|CSMI,MISSING_YEAR
2012,Parksville,Fortis RNG,RNG,CSMI,Parksville|Fortis RNG|RNG|CSMI,MISSING_YEAR
2013,Parksville,Fortis RNG,RNG,CSMI,Parksville|Fortis RNG|RNG|CSMI,MISSING_YEAR
2014,Parksville,Fortis RNG,RNG,CSMI,Parksville|Fortis RNG|RNG|CSMI,MISSING_YEAR
2015,Parksville,Fortis RNG,RNG,CSMI,Parksville|Fortis RNG|RNG|CSMI,MISSING_YEAR
2016,Qualicum Beach,Fortis RNG,RNG,CSMI,Qualicum Beach|Fortis RNG|RNG|CSMI,MISSING_YEAR
2017,Qualicum Beach,Fortis RNG,RNG,CSMI,Qualicum Beach|Fortis RNG|RNG|CSMI,MISSING_YEAR
2018,Qualicum Beach,Fortis RNG,RNG,CSMI,Qualicum Beach|Fortis RNG|RNG|CSMI,MISSING_YEAR
2019,Qualicum Beach,Fortis RNG,RNG,CSMI,Qualicum Beach|Fortis RNG|RNG|CSMI,MISSING_YEAR
2020,Qualicum Beach,Fortis RNG,RNG,CSMI,Qualicum Beach|Fortis RNG|RNG|CSMI,MISSING_YEAR
2021,Qualicum Beach,Fortis RNG,RNG,CSMI,Qualicum Beach|Fortis RNG|RNG|CSMI,MISSING_YEAR
2007,Qualicum Beach,Fortis RNG,RNG,CSMI,Qualicum Beach|Fortis RNG|RNG|CSMI,MISSING_YEAR
2010,Qualicum Beach,Fortis RNG,RNG,CSMI,Qualicum Beach|Fortis RNG|RNG|CSMI,MISSING_YEAR
2012,Qualicum Beach,Fortis RNG,RNG,CSMI,Qualicum Beach|Fortis RNG|RNG|CSMI,MISSING_YEAR
2013,Qualicum Beach,Fortis RNG,RNG,CSMI,Qualicum Beach|Fortis RNG|RNG|CSMI,MISSING_YEAR
2014,Qualicum Beach,Fortis RNG,RNG,CSMI,Qualicum Beach|Fortis RNG|RNG|CSMI,MISSING_YEAR
2015,Qualicum Beach,Fortis RNG,RNG,CSMI,Qualicum Beach|Fortis RNG|RNG|CSMI,MISSING_YEAR
2016,Port Alberni,Fortis RNG,RNG,CSMI,Port Alberni|Fortis RNG|RNG|CSMI,MISSING_YEAR
2017,Port Alberni,Fortis RNG,RNG,CSMI,Port Alberni|Fortis RNG|RNG|CSMI,MISSING_YEAR
2018,Port Alberni,Fortis RNG,RNG,CSMI,Port Alberni|Fortis RNG|RNG|CSMI,MISSING_YEAR
2019,Port Alberni,Fortis RNG,RNG,CSMI,Port Alberni|Fortis RNG|RNG|CSMI,MISSING_YEAR
2020,Port Alberni,Fortis RNG,RNG,CSMI,Port Alberni|Fortis RNG|RNG|CSMI,MISSING_YEAR
2021,Port Alberni,Fortis RNG,RNG,CSMI,Port Alberni|Fortis RNG|RNG|CSMI,MISSING_YEAR
2007,Port Alberni,Fortis RNG,RNG,CSMI,Port Alberni|Fortis RNG|RNG|CSMI,MISSING_YEAR
2010,Port Alberni,Fortis RNG,RNG,CSMI,Port Alberni|Fortis RNG|RNG|CSMI,MISSING_YEAR
2012,Port Alberni,Fortis RNG,RNG,CSMI,Port Alberni|Fortis RNG|RNG|CSMI,MISSING_YEAR
2013,Port Alberni,Fortis RNG,RNG,CSMI,Port Alberni|Fortis RNG|RNG|CSMI,MISSING_YEAR
2014,Port Alberni,Fortis RNG,RNG,CSMI,Port Alberni|Fortis RNG|RNG|CSMI,MISSING_YEAR
2015,Port Alberni,Fortis RNG,RNG,CSMI,Port Alberni|Fortis RNG|RNG|CSMI,MISSING_YEAR
2016,Ucluelet,Fortis RNG,RNG,CSMI,Ucluelet|Fortis RNG|RNG|CSMI,MISSING_YEAR
2017,Ucluelet,Fortis RNG,RNG,CSMI,Ucluelet|Fortis RNG|RNG|CSMI,MISSING_YEAR
2018,Ucluelet,Fortis RNG,RNG,CSMI,Ucluelet|Fortis RNG|RNG|CSMI,MISSING_YEAR
2019,Ucluelet,Fortis RNG,RNG,CSMI,Ucluelet|Fortis RNG|RNG|CSMI,MISSING_YEAR
2020,Ucluelet,Fortis RNG,RNG,CSMI,Ucluelet|Fortis RNG|RNG|CSMI,MISSING_YEAR
2021,Ucluelet,Fortis RNG,RNG,CSMI,Ucluelet|Fortis RNG|RNG|CSMI,MISSING_YEAR
2007,Ucluelet,Fortis RNG,RNG,CSMI,Ucluelet|Fortis RNG|RNG|CSMI,MISSING_YEAR
2010,Ucluelet,Fortis RNG,RNG,CSMI,Ucluelet|Fortis RNG|RNG|CSMI,MISSING_YEAR
2012,Ucluelet,Fortis RNG,RNG,CSMI,Ucluelet|Fortis RNG|RNG|CSMI,MISSING_YEAR
2013,Ucluelet,Fortis RNG,RNG,CSMI,Ucluelet|Fortis RNG|RNG|CSMI,MISSING_YEAR
2014,Ucluelet,Fortis RNG,RNG,CSMI,Ucluelet|Fortis RNG|RNG|CSMI,MISSING_YEAR
2015,Ucluelet,Fortis RNG,RNG,CSMI,Ucluelet|Fortis RNG|RNG|CSMI,MISSING_YEAR
2016,Tofino,Fortis RNG,RNG,CSMI,Tofino|Fortis RNG|RNG|CSMI,MISSING_YEAR
2017,Tofino,Fortis RNG,RNG,CSMI,Tofino|Fortis RNG|RNG|CSMI,MISSING_YEAR
2018,Tofino,Fortis RNG,RNG,CSMI,Tofino|Fortis RNG|RNG|CSMI,MISSING_YEAR
2019,Tofino,Fortis RNG,RNG,CSMI,Tofino|Fortis RNG|RNG|CSMI,MISSING_YEAR
2020,Tofino,Fortis RNG,RNG,CSMI,Tofino|Fortis RNG|RNG|CSMI,MISSING_YEAR
2021,Tofino,Fortis RNG,RNG,CSMI,Tofino|Fortis RNG|RNG|CSMI,MISSING_YEAR
2007,Tofino,Fortis RNG,RNG,CSMI,Tofino|Fortis RNG|RNG|CSMI,MISSING_YEAR
2010,Tofino,Fortis RNG,RNG,CSMI,Tofino|Fortis RNG|RNG|CSMI,MISSING_YEAR
2012,Tofino,Fortis RNG,RNG,CSMI,Tofino|Fortis RNG|RNG|CSMI,MISSING_YEAR
2013,Tofino,Fortis RNG,RNG,CSMI,Tofino|Fortis RNG|RNG|CSMI,MISSING_YEAR
2014,Tofino,Fortis RNG,RNG,CSMI,Tofino|Fortis RNG|RNG|CSMI,MISSING_YEAR
2015,Tofino,Fortis RNG,RNG,CSMI,Tofino|Fortis RNG|RNG|CSMI,MISSING_YEAR
2016,Gold River,Fortis RNG,RNG,CSMI,Gold River|Fortis RNG|RNG|CSMI,MISSING_YEAR
2017,Gold River,Fortis RNG,RNG,CSMI,Gold River|Fortis RNG|RNG|CSMI,MISSING_YEAR
2018,Gold River,Fortis RNG,RNG,CSMI,Gold River|Fortis RNG|RNG|CSMI,MISSING_YEAR
2019,Gold River,Fortis RNG,RNG,CSMI,Gold River|Fortis RNG|RNG|CSMI,MISSING_YEAR
2020,Gold River,Fortis RNG,RNG,CSMI,Gold River|Fortis RNG|RNG|CSMI,MISSING_YEAR
2021,Gold River,Fortis RNG,RNG,CSMI,Gold River|Fortis RNG|RNG|CSMI,MISSING_YEAR
2007,Gold River,Fortis RNG,RNG,CSMI,Gold River|Fortis RNG|RNG|CSMI,MISSING_YEAR
2010,Gold River,Fortis RNG,RNG,CSMI,Gold River|Fortis RNG|RNG|CSMI,MISSING_YEAR
2012,Gold River,Fortis RNG,RNG,CSMI,Gold River|Fortis RNG|RNG|CSMI,MISSING_YEAR
2013,Gold River,Fortis RNG,RNG,CSMI,Gold River|Fortis RNG|RNG|CSMI,MISSING_YEAR
2014,Gold River,Fortis RNG,RNG,CSMI,Gold River|Fortis RNG|RNG|CSMI,MISSING_YEAR
2015,Gold River,Fortis RNG,RNG,CSMI,Gold River|Fortis RNG|RNG|CSMI,MISSING_YEAR
2016,Zeballos,Fortis RNG,RNG,CSMI,Zeballos|Fortis RNG|RNG|CSMI,MISSING_YEAR
2017,Zeballos,Fortis RNG,RNG,CSMI,Zeballos|Fortis RNG|RNG|CSMI,MISSING_YEAR
2018,Zeballos,Fortis RNG,RNG,CSMI,Zeballos|Fortis RNG|RNG|CSMI,MISSING_YEAR
2019,Zeballos,Fortis RNG,RNG,CSMI,Zeballos|Fortis RNG|RNG|CSMI,MISSING_YEAR
2020,Zeballos,Fortis RNG,RNG,CSMI,Zeballos|Fortis RNG|RNG|CSMI,MISSING_YEAR
2021,Zeballos,Fortis RNG,RNG,CSMI,Zeballos|Fortis RNG|RNG|CSMI,MISSING_YEAR
2007,Zeballos,Fortis RNG,RNG,CSMI,Zeballos|Fortis RNG|RNG|CSMI,MISSING_YEAR
2010,Zeballos,Fortis RNG,RNG,CSMI,Zeballos|Fortis RNG|RNG|CSMI,MISSING_YEAR
2012,Zeballos,Fortis RNG,RNG,CSMI,Zeballos|Fortis RNG|RNG|CSMI,MISSING_YEAR
2013,Zeballos,Fortis RNG,RNG,CSMI,Zeballos|Fortis RNG|RNG|CSMI,MISSING_YEAR
2014,Zeballos,Fortis RNG,RNG,CSMI,Zeballos|Fortis RNG|RNG|CSMI,MISSING_YEAR
2015,Zeballos,Fortis RNG,RNG,CSMI,Zeballos|Fortis RNG|RNG|CSMI,MISSING_YEAR
2016,Tahsis,Fortis RNG,RNG,CSMI,Tahsis|Fortis RNG|RNG|CSMI,MISSING_YEAR
2017,Tahsis,Fortis RNG,RNG,CSMI,Tahsis|Fortis RNG|RNG|CSMI,MISSING_YEAR
2018,Tahsis,Fortis RNG,RNG,CSMI,Tahsis|Fortis RNG|RNG|CSMI,MISSING_YEAR
2019,Tahsis,Fortis RNG,RNG,CSMI,Tahsis|Fortis RNG|RNG|CSMI,MISSING_YEAR
2020,Tahsis,Fortis RNG,RNG,CSMI,Tahsis|Fortis RNG|RNG|CSMI,MISSING_YEAR
2021,Tahsis,Fortis RNG,RNG,CSMI,Tahsis|Fortis RNG|RNG|CSMI,MISSING_YEAR
2007,Tahsis,Fortis RNG,RNG,CSMI,Tahsis|Fortis RNG|RNG|CSMI,MISSING_YEAR
2010,Tahsis,Fortis RNG,RNG,CSMI,Tahsis|Fortis RNG|RNG|CSMI,MISSING_YEAR
2012,Tahsis,Fortis RNG,RNG,CSMI,Tahsis|Fortis RNG|RNG|CSMI,MISSING_YEAR
2013,Tahsis,Fortis RNG,RNG,CSMI,Tahsis|Fortis RNG|RNG|CSMI,MISSING_YEAR
2014,Tahsis,Fortis RNG,RNG,CSMI,Tahsis|Fortis RNG|RNG|CSMI,MISSING_YEAR
2015,Tahsis,Fortis RNG,RNG,CSMI,Tahsis|Fortis RNG|RNG|CSMI,MISSING_YEAR
2016,Campbell River,Fortis RNG,RNG,CSMI,Campbell River|Fortis RNG|RNG|CSMI,MISSING_YEAR
2017,Campbell River,Fortis RNG,RNG,CSMI,Campbell River|Fortis RNG|RNG|CSMI,MISSING_YEAR
2018,Campbell River,Fortis RNG,RNG,CSMI,Campbell River|Fortis RNG|RNG|CSMI,MISSING_YEAR
2019,Campbell River,Fortis RNG,RNG,CSMI,Campbell River|Fortis RNG|RNG|CSMI,MISSING_YEAR
2020,Campbell River,Fortis RNG,RNG,CSMI,Campbell River|Fortis RNG|RNG|CSMI,MISSING_YEAR
2021,Campbell River,Fortis RNG,RNG,CSMI,Campbell River|Fortis RNG|RNG|CSMI,MISSING_YEAR
2007,Campbell River,Fortis RNG,RNG,CSMI,Campbell River|Fortis RNG|RNG|CSMI,MISSING_YEAR
2010,Campbell River,Fortis RNG,RNG,CSMI,Campbell River|Fortis RNG|RNG|CSMI,MISSING_YEAR
2012,Campbell River,Fortis RNG,RNG,CSMI,Campbell River|Fortis RNG|RNG|CSMI,MISSING_YEAR
2013,Campbell River,Fortis RNG,RNG,CSMI,Campbell River|Fortis RNG|RNG|CSMI,MISSING_YEAR
2014,Campbell River,Fortis RNG,RNG,CSMI,Campbell River|Fortis RNG|RNG|CSMI,MISSING_YEAR
2015,Campbell River,Fortis RNG,RNG,CSMI,Campbell River|Fortis RNG|RNG|CSMI,MISSING_YEAR
2016,Sayward,Fortis RNG,RNG,CSMI,Sayward|Fortis RNG|RNG|CSMI,MISSING_YEAR
2017,Sayward,Fortis RNG,RNG,CSMI,Sayward|Fortis RNG|RNG|CSMI,MISSING_YEAR
2018,Sayward,Fortis RNG,RNG,CSMI,Sayward|Fortis RNG|RNG|CSMI,MISSING_YEAR
2019,Sayward,Fortis RNG,RNG,CSMI,Sayward|Fortis RNG|RNG|CSMI,MISSING_YEAR
2020,Sayward,Fortis RNG,RNG,CSMI,Sayward|Fortis RNG|RNG|CSMI,MISSING_YEAR
2021,Sayward,Fortis RNG,RNG,CSMI,Sayward|Fortis RNG|RNG|CSMI,MISSING_YEAR
2007,Sayward,Fortis RNG,RNG,CSMI,Sayward|Fortis RNG|RNG|CSMI,MISSING_YEAR
2010,Sayward,Fortis RNG,RNG,CSMI,Sayward|Fortis RNG|RNG|CSMI,MISSING_YEAR
2012,Sayward,Fortis RNG,RNG,CSMI,Sayward|Fortis RNG|RNG|CSMI,MISSING_YEAR
2013,Sayward,Fortis RNG,RNG,CSMI,Sayward|Fortis RNG|RNG|CSMI,MISSING_YEAR
2014,Sayward,Fortis RNG,RNG,CSMI,Sayward|Fortis RNG|RNG|CSMI,MISSING_YEAR
2015,Sayward,Fortis RNG,RNG,CSMI,Sayward|Fortis RNG|RNG|CSMI,MISSING_YEAR
2016,Comox,Fortis RNG,RNG,CSMI,Comox|Fortis RNG|RNG|CSMI,MISSING_YEAR
2017,Comox,Fortis RNG,RNG,CSMI,Comox|Fortis RNG|RNG|CSMI,MISSING_YEAR
2018,Comox,Fortis RNG,RNG,CSMI,Comox|Fortis RNG|RNG|CSMI,MISSING_YEAR
2019,Comox,Fortis RNG,RNG,CSMI,Comox|Fortis RNG|RNG|CSMI,MISSING_YEAR
2020,Comox,Fortis RNG,RNG,CSMI,Comox|Fortis RNG|RNG|CSMI,MISSING_YEAR
2021,Comox,Fortis RNG,RNG,CSMI,Comox|Fortis RNG|RNG|CSMI,MISSING_YEAR
2007,Comox,Fortis RNG,RNG,CSMI,Comox|Fortis RNG|RNG|CSMI,MISSING_YEAR
2010,Comox,Fortis RNG,RNG,CSMI,Comox|Fortis RNG|RNG|CSMI,MISSING_YEAR
2012,Comox,Fortis RNG,RNG,CSMI,Comox|Fortis RNG|RNG|CSMI,MISSING_YEAR
2013,Comox,Fortis RNG,RNG,CSMI,Comox|Fortis RNG|RNG|CSMI,MISSING_YEAR
2014,Comox,Fortis RNG,RNG,CSMI,Comox|Fortis RNG|RNG|CSMI,MISSING_YEAR
2015,Comox,Fortis RNG,RNG,CSMI,Comox|Fortis RNG|RNG|CSMI,MISSING_YEAR
2016,Courtenay,Fortis RNG,RNG,CSMI,Courtenay|Fortis RNG|RNG|CSMI,MISSING_YEAR
2017,Courtenay,Fortis RNG,RNG,CSMI,Courtenay|Fortis RNG|RNG|CSMI,MISSING_YEAR
2018,Courtenay,Fortis RNG,RNG,CSMI,Courtenay|Fortis RNG|RNG|CSMI,MISSING_YEAR
2019,Courtenay,Fortis RNG,RNG,CSMI,Courtenay|Fortis RNG|RNG|CSMI,MISSING_YEAR
2020,Courtenay,Fortis RNG,RNG,CSMI,Courtenay|Fortis RNG|RNG|CSMI,MISSING_YEAR
2021,Courtenay,Fortis RNG,RNG,CSMI,Courtenay|Fortis RNG|RNG|CSMI,MISSING_YEAR
2007,Courtenay,Fortis RNG,RNG,CSMI,Courtenay|Fortis RNG|RNG|CSMI,MISSING_YEAR
2010,Courtenay,Fortis RNG,RNG,CSMI,Courtenay|Fortis RNG|RNG|CSMI,MISSING_YEAR
2012,Courtenay,Fortis RNG,RNG,CSMI,Courtenay|Fortis RNG|RNG|CSMI,MISSING_YEAR
2013,Courtenay,Fortis RNG,RNG,CSMI,Courtenay|Fortis RNG|RNG|CSMI,MISSING_YEAR
2014,Courtenay,Fortis RNG,RNG,CSMI,Courtenay|Fortis RNG|RNG|CSMI,MISSING_YEAR
2015,Courtenay,Fortis RNG,RNG,CSMI,Courtenay|Fortis RNG|RNG|CSMI,MISSING_YEAR
2016,Cumberland,Fortis RNG,RNG,CSMI,Cumberland|Fortis RNG|RNG|CSMI,MISSING_YEAR
2017,Cumberland,Fortis RNG,RNG,CSMI,Cumberland|Fortis RNG|RNG|CSMI,MISSING_YEAR
2018,Cumberland,Fortis RNG,RNG,CSMI,Cumberland|Fortis RNG|RNG|CSMI,MISSING_YEAR
2019,Cumberland,Fortis RNG,RNG,CSMI,Cumberland|Fortis RNG|RNG|CSMI,MISSING_YEAR
2020,Cumberland,Fortis RNG,RNG,CSMI,Cumberland|Fortis RNG|RNG|CSMI,MISSING_YEAR
2021,Cumberland,Fortis RNG,RNG,CSMI,Cumberland|Fortis RNG|RNG|CSMI,MISSING_YEAR
2007,Cumberland,Fortis RNG,RNG,CSMI,Cumberland|Fortis RNG|RNG|CSMI,MISSING_YEAR
2010,Cumberland,Fortis RNG,RNG,CSMI,Cumberland|Fortis RNG|RNG|CSMI,MISSING_YEAR
2012,Cumberland,Fortis RNG,RNG,CSMI,Cumberland|Fortis RNG|RNG|CSMI,MISSING_YEAR
2013,Cumberland,Fortis RNG,RNG,CSMI,Cumberland|Fortis RNG|RNG|CSMI,MISSING_YEAR
2014,Cumberland,Fortis RNG,RNG,CSMI,Cumberland|Fortis RNG|RNG|CSMI,MISSING_YEAR
2015,Cumberland,Fortis RNG,RNG,CSMI,Cumberland|Fortis RNG|RNG|CSMI,MISSING_YEAR
2016,Gibsons,Fortis RNG,RNG,CSMI,Gibsons|Fortis RNG|RNG|CSMI,MISSING_YEAR
2017,Gibsons,Fortis RNG,RNG,CSMI,Gibsons|Fortis RNG|RNG|CSMI,MISSING_YEAR
2018,Gibsons,Fortis RNG,RNG,CSMI,Gibsons|Fortis RNG|RNG|CSMI,MISSING_YEAR
2019,Gibsons,Fortis RNG,RNG,CSMI,Gibsons|Fortis RNG|RNG|CSMI,MISSING_YEAR
2020,Gibsons,Fortis RNG,RNG,CSMI,Gibsons|Fortis RNG|RNG|CSMI,MISSING_YEAR
2021,Gibsons,Fortis RNG,RNG,CSMI,Gibsons|Fortis RNG|RNG|CSMI,MISSING_YEAR
2007,Gibsons,Fortis RNG,RNG,CSMI,Gibsons|Fortis RNG|RNG|CSMI,MISSING_YEAR
2010,Gibsons,Fortis RNG,RNG,CSMI,Gibsons|Fortis RNG|RNG|CSMI,MISSING_YEAR
2012,Gibsons,Fortis RNG,RNG,CSMI,Gibsons|Fortis RNG|RNG|CSMI,MISSING_YEAR
2013,Gibsons,Fortis RNG,RNG,CSMI,Gibsons|Fortis RNG|RNG|CSMI,MISSING_YEAR
2014,Gibsons,Fortis RNG,RNG,CSMI,Gibsons|Fortis RNG|RNG|CSMI,MISSING_YEAR
2015,Gibsons,Fortis RNG,RNG,CSMI,Gibsons|Fortis RNG|RNG|CSMI,MISSING_YEAR
2016,Sechelt,Fortis RNG,RNG,CSMI,Sechelt|Fortis RNG|RNG|CSMI,MISSING_YEAR
2017,Sechelt,Fortis RNG,RNG,CSMI,Sechelt|Fortis RNG|RNG|CSMI,MISSING_YEAR
2018,Sechelt,Fortis RNG,RNG,CSMI,Sechelt|Fortis RNG|RNG|CSMI,MISSING_YEAR
2019,Sechelt,Fortis RNG,RNG,CSMI,Sechelt|Fortis RNG|RNG|CSMI,MISSING_YEAR
2020,Sechelt,Fortis RNG,RNG,CSMI,Sechelt|Fortis RNG|RNG|CSMI,MISSING_YEAR
2021,Sechelt,Fortis RNG,RNG,CSMI,Sechelt|Fortis RNG|RNG|CSMI,MISSING_YEAR
2007,Sechelt,Fortis RNG,RNG,CSMI,Sechelt|Fortis RNG|RNG|CSMI,MISSING_YEAR
2010,Sechelt,Fortis RNG,RNG,CSMI,Sechelt|Fortis RNG|RNG|CSMI,MISSING_YEAR
2012,Sechelt,Fortis RNG,RNG,CSMI,Sechelt|Fortis RNG|RNG|CSMI,MISSING_YEAR
2013,Sechelt,Fortis RNG,RNG,CSMI,Sechelt|Fortis RNG|RNG|CSMI,MISSING_YEAR
2014,Sechelt,Fortis RNG,RNG,CSMI,Sechelt|Fortis RNG|RNG|CSMI,MISSING_YEAR
2015,Sechelt,Fortis RNG,RNG,CSMI,Sechelt|Fortis RNG|RNG|CSMI,MISSING_YEAR
2016,Sechelt IGD,Fortis RNG,RNG,CSMI,Sechelt IGD|Fortis RNG|RNG|CSMI,MISSING_YEAR
2017,Sechelt IGD,Fortis RNG,RNG,CSMI,Sechelt IGD|Fortis RNG|RNG|CSMI,MISSING_YEAR
2018,Sechelt IGD,Fortis RNG,RNG,CSMI,Sechelt IGD|Fortis RNG|RNG|CSMI,MISSING_YEAR
2019,Sechelt IGD,Fortis RNG,RNG,CSMI,Sechelt IGD|Fortis RNG|RNG|CSMI,MISSING_YEAR
2020,Sechelt IGD,Fortis RNG,RNG,CSMI,Sechelt IGD|Fortis RNG|RNG|CSMI,MISSING_YEAR
2021,Sechelt IGD,Fortis RNG,RNG,CSMI,Sechelt IGD|Fortis RNG|RNG|CSMI,MISSING_YEAR
2007,Sechelt IGD,Fortis RNG,RNG,CSMI,Sechelt IGD|Fortis RNG|RNG|CSMI,MISSING_YEAR
2010,Sechelt IGD,Fortis RNG,RNG,CSMI,Sechelt IGD|Fortis RNG|RNG|CSMI,MISSING_YEAR
2012,Sechelt IGD,Fortis RNG,RNG,CSMI,Sechelt IGD|Fortis RNG|RNG|CSMI,MISSING_YEAR
2013,Sechelt IGD,Fortis RNG,RNG,CSMI,Sechelt IGD|Fortis RNG|RNG|CSMI,MISSING_YEAR
2014,Sechelt IGD,Fortis RNG,RNG,CSMI,Sechelt IGD|Fortis RNG|RNG|CSMI,MISSING_YEAR
2015,Sechelt IGD,Fortis RNG,RNG,CSMI,Sechelt IGD|Fortis RNG|RNG|CSMI,MISSING_YEAR
2016,Squamish,Fortis RNG,RNG,CSMI,Squamish|Fortis RNG|RNG|CSMI,MISSING_YEAR
2017,Squamish,Fortis RNG,RNG,CSMI,Squamish|Fortis RNG|RNG|CSMI,MISSING_YEAR
2018,Squamish,Fortis RNG,RNG,CSMI,Squamish|Fortis RNG|RNG|CSMI,MISSING_YEAR
2019,Squamish,Fortis RNG,RNG,CSMI,Squamish|Fortis RNG|RNG|CSMI,MISSING_YEAR
2020,Squamish,Fortis RNG,RNG,CSMI,Squamish|Fortis RNG|RNG|CSMI,MISSING_YEAR
2021,Squamish,Fortis RNG,RNG,CSMI,Squamish|Fortis RNG|RNG|CSMI,MISSING_YEAR
2007,Squamish,Fortis RNG,RNG,CSMI,Squamish|Fortis RNG|RNG|CSMI,MISSING_YEAR
2010,Squamish,Fortis RNG,RNG,CSMI,Squamish|Fortis RNG|RNG|CSMI,MISSING_YEAR
2012,Squamish,Fortis RNG,RNG,CSMI,Squamish|Fortis RNG|RNG|CSMI,MISSING_YEAR
2013,Squamish,Fortis RNG,RNG,CSMI,Squamish|Fortis RNG|RNG|CSMI,MISSING_YEAR
2014,Squamish,Fortis RNG,RNG,CSMI,Squamish|Fortis RNG|RNG|CSMI,MISSING_YEAR
2015,Squamish,Fortis RNG,RNG,CSMI,Squamish|Fortis RNG|RNG|CSMI,MISSING_YEAR
2016,Pemberton,Fortis RNG,RNG,CSMI,Pemberton|Fortis RNG|RNG|CSMI,MISSING_YEAR
2017,Pemberton,Fortis RNG,RNG,CSMI,Pemberton|Fortis RNG|RNG|CSMI,MISSING_YEAR
2018,Pemberton,Fortis RNG,RNG,CSMI,Pemberton|Fortis RNG|RNG|CSMI,MISSING_YEAR
2019,Pemberton,Fortis RNG,RNG,CSMI,Pemberton|Fortis RNG|RNG|CSMI,MISSING_YEAR
2020,Pemberton,Fortis RNG,RNG,CSMI,Pemberton|Fortis RNG|RNG|CSMI,MISSING_YEAR
2021,Pemberton,Fortis RNG,RNG,CSMI,Pemberton|Fortis RNG|RNG|CSMI,MISSING_YEAR
2007,Pemberton,Fortis RNG,RNG,CSMI,Pemberton|Fortis RNG|RNG|CSMI,MISSING_YEAR
2010,Pemberton,Fortis RNG,RNG,CSMI,Pemberton|Fortis RNG|RNG|CSMI,MISSING_YEAR
2012,Pemberton,Fortis RNG,RNG,CSMI,Pemberton|Fortis RNG|RNG|CSMI,MISSING_YEAR
2013,Pemberton,Fortis RNG,RNG,CSMI,Pemberton|Fortis RNG|RNG|CSMI,MISSING_YEAR
2014,Pemberton,Fortis RNG,RNG,CSMI,Pemberton|Fortis RNG|RNG|CSMI,MISSING_YEAR
2015,Pemberton,Fortis RNG,RNG,CSMI,Pemberton|Fortis RNG|RNG|CSMI,MISSING_YEAR
2016,Whistler,Fortis RNG,RNG,CSMI,Whistler|Fortis RNG|RNG|CSMI,MISSING_YEAR
2017,Whistler,Fortis RNG,RNG,CSMI,Whistler|Fortis RNG|RNG|CSMI,MISSING_YEAR
2018,Whistler,Fortis RNG,RNG,CSMI,Whistler|Fortis RNG|RNG|CSMI,MISSING_YEAR
2019,Whistler,Fortis RNG,RNG,CSMI,Whistler|Fortis RNG|RNG|CSMI,MISSING_YEAR
2020,Whistler,Fortis RNG,RNG,CSMI,Whistler|Fortis RNG|RNG|CSMI,MISSING_YEAR
2021,Whistler,Fortis RNG,RNG,CSMI,Whistler|Fortis RNG|RNG|CSMI,MISSING_YEAR
2007,Whistler,Fortis RNG,RNG,CSMI,Whistler|Fortis RNG|RNG|CSMI,MISSING_YEAR
2010,Whistler,Fortis RNG,RNG,CSMI,Whistler|Fortis RNG|RNG|CSMI,MISSING_YEAR
2012,Whistler,Fortis RNG,RNG,CSMI,Whistler|Fortis RNG|RNG|CSMI,MISSING_YEAR
2013,Whistler,Fortis RNG,RNG,CSMI,Whistler|Fortis RNG|RNG|CSMI,MISSING_YEAR
2014,Whistler,Fortis RNG,RNG,CSMI,Whistler|Fortis RNG|RNG|CSMI,MISSING_YEAR
2015,Whistler,Fortis RNG,RNG,CSMI,Whistler|Fortis RNG|RNG|CSMI,MISSING_YEAR
2016,Lillooet,Fortis RNG,RNG,CSMI,Lillooet|Fortis RNG|RNG|CSMI,MISSING_YEAR
2017,Lillooet,Fortis RNG,RNG,CSMI,Lillooet|Fortis RNG|RNG|CSMI,MISSING_YEAR
2018,Lillooet,Fortis RNG,RNG,CSMI,Lillooet|Fortis RNG|RNG|CSMI,MISSING_YEAR
2019,Lillooet,Fortis RNG,RNG,CSMI,Lillooet|Fortis RNG|RNG|CSMI,MISSING_YEAR
2020,Lillooet,Fortis RNG,RNG,CSMI,Lillooet|Fortis RNG|RNG|CSMI,MISSING_YEAR
2021,Lillooet,Fortis RNG,RNG,CSMI,Lillooet|Fortis RNG|RNG|CSMI,MISSING_YEAR
2007,Lillooet,Fortis RNG,RNG,CSMI,Lillooet|Fortis RNG|RNG|CSMI,MISSING_YEAR
2010,Lillooet,Fortis RNG,RNG,CSMI,Lillooet|Fortis RNG|RNG|CSMI,MISSING_YEAR
2012,Lillooet,Fortis RNG,RNG,CSMI,Lillooet|Fortis RNG|RNG|CSMI,MISSING_YEAR
2013,Lillooet,Fortis RNG,RNG,CSMI,Lillooet|Fortis RNG|RNG|CSMI,MISSING_YEAR
2014,Lillooet,Fortis RNG,RNG,CSMI,Lillooet|Fortis RNG|RNG|CSMI,MISSING_YEAR
2015,Lillooet,Fortis RNG,RNG,CSMI,Lillooet|Fortis RNG|RNG|CSMI,MISSING_YEAR
2016,Merritt,Fortis RNG,RNG,CSMI,Merritt|Fortis RNG|RNG|CSMI,MISSING_YEAR
2017,Merritt,Fortis RNG,RNG,CSMI,Merritt|Fortis RNG|RNG|CSMI,MISSING_YEAR
2018,Merritt,Fortis RNG,RNG,CSMI,Merritt|Fortis RNG|RNG|CSMI,MISSING_YEAR
2019,Merritt,Fortis RNG,RNG,CSMI,Merritt|Fortis RNG|RNG|CSMI,MISSING_YEAR
2020,Merritt,Fortis RNG,RNG,CSMI,Merritt|Fortis RNG|RNG|CSMI,MISSING_YEAR
2021,Merritt,Fortis RNG,RNG,CSMI,Merritt|Fortis RNG|RNG|CSMI,MISSING_YEAR
2007,Merritt,Fortis RNG,RNG,CSMI,Merritt|Fortis RNG|RNG|CSMI,MISSING_YEAR
2010,Merritt,Fortis RNG,RNG,CSMI,Merritt|Fortis RNG|RNG|CSMI,MISSING_YEAR
2012,Merritt,Fortis RNG,RNG,CSMI,Merritt|Fortis RNG|RNG|CSMI,MISSING_YEAR
2013,Merritt,Fortis RNG,RNG,CSMI,Merritt|Fortis RNG|RNG|CSMI,MISSING_YEAR
2014,Merritt,Fortis RNG,RNG,CSMI,Merritt|Fortis RNG|RNG|CSMI,MISSING_YEAR
2015,Merritt,Fortis RNG,RNG,CSMI,Merritt|Fortis RNG|RNG|CSMI,MISSING_YEAR
2016,Lytton,Fortis RNG,RNG,CSMI,Lytton|Fortis RNG|RNG|CSMI,MISSING_YEAR
2017,Lytton,Fortis RNG,RNG,CSMI,Lytton|Fortis RNG|RNG|CSMI,MISSING_YEAR
2018,Lytton,Fortis RNG,RNG,CSMI,Lytton|Fortis RNG|RNG|CSMI,MISSING_YEAR
2019,Lytton,Fortis RNG,RNG,CSMI,Lytton|Fortis RNG|RNG|CSMI,MISSING_YEAR
2020,Lytton,Fortis RNG,RNG,CSMI,Lytton|Fortis RNG|RNG|CSMI,MISSING_YEAR
2021,Lytton,Fortis RNG,RNG,CSMI,Lytton|Fortis RNG|RNG|CSMI,MISSING_YEAR
2007,Lytton,Fortis RNG,RNG,CSMI,Lytton|Fortis RNG|RNG|CSMI,MISSING_YEAR
2010,Lytton,Fortis RNG,RNG,CSMI,Lytton|Fortis RNG|RNG|CSMI,MISSING_YEAR
2012,Lytton,Fortis RNG,RNG,CSMI,Lytton|Fortis RNG|RNG|CSMI,MISSING_YEAR
2013,Lytton,Fortis RNG,RNG,CSMI,Lytton|Fortis RNG|RNG|CSMI,MISSING_YEAR
2014,Lytton,Fortis RNG,RNG,CSMI,Lytton|Fortis RNG|RNG|CSMI,MISSING_YEAR
2015,Lytton,Fortis RNG,RNG,CSMI,Lytton|Fortis RNG|RNG|CSMI,MISSING_YEAR
2016,Ashcroft,Fortis RNG,RNG,CSMI,Ashcroft|Fortis RNG|RNG|CSMI,MISSING_YEAR
2017,Ashcroft,Fortis RNG,RNG,CSMI,Ashcroft|Fortis RNG|RNG|CSMI,MISSING_YEAR
2018,Ashcroft,Fortis RNG,RNG,CSMI,Ashcroft|Fortis RNG|RNG|CSMI,MISSING_YEAR
2019,Ashcroft,Fortis RNG,RNG,CSMI,Ashcroft|Fortis RNG|RNG|CSMI,MISSING_YEAR
2020,Ashcroft,Fortis RNG,RNG,CSMI,Ashcroft|Fortis RNG|RNG|CSMI,MISSING_YEAR
2021,Ashcroft,Fortis RNG,RNG,CSMI,Ashcroft|Fortis RNG|RNG|CSMI,MISSING_YEAR
2007,Ashcroft,Fortis RNG,RNG,CSMI,Ashcroft|Fortis RNG|RNG|CSMI,MISSING_YEAR
2010,Ashcroft,Fortis RNG,RNG,CSMI,Ashcroft|Fortis RNG|RNG|CSMI,MISSING_YEAR
2012,Ashcroft,Fortis RNG,RNG,CSMI,Ashcroft|Fortis RNG|RNG|CSMI,MISSING_YEAR
2013,Ashcroft,Fortis RNG,RNG,CSMI,Ashcroft|Fortis RNG|RNG|CSMI,MISSING_YEAR
2014,Ashcroft,Fortis RNG,RNG,CSMI,Ashcroft|Fortis RNG|RNG|CSMI,MISSING_YEAR
2015,Ashcroft,Fortis RNG,RNG,CSMI,Ashcroft|Fortis RNG|RNG|CSMI,MISSING_YEAR
2016,Cache Creek,Fortis RNG,RNG,CSMI,Cache Creek|Fortis RNG|RNG|CSMI,MISSING_YEAR
2017,Cache Creek,Fortis RNG,RNG,CSMI,Cache Creek|Fortis RNG|RNG|CSMI,MISSING_YEAR
2018,Cache Creek,Fortis RNG,RNG,CSMI,Cache Creek|Fortis RNG|RNG|CSMI,MISSING_YEAR
2019,Cache Creek,Fortis RNG,RNG,CSMI,Cache Creek|Fortis RNG|RNG|CSMI,MISSING_YEAR
2020,Cache Creek,Fortis RNG,RNG,CSMI,Cache Creek|Fortis RNG|RNG|CSMI,MISSING_YEAR
2021,Cache Creek,Fortis RNG,RNG,CSMI,Cache Creek|Fortis RNG|RNG|CSMI,MISSING_YEAR
2007,Cache Creek,Fortis RNG,RNG,CSMI,Cache Creek|Fortis RNG|RNG|CSMI,MISSING_YEAR
2010,Cache Creek,Fortis RNG,RNG,CSMI,Cache Creek|Fortis RNG|RNG|CSMI,MISSING_YEAR
2012,Cache Creek,Fortis RNG,RNG,CSMI,Cache Creek|Fortis RNG|RNG|CSMI,MISSING_YEAR
2013,Cache Creek,Fortis RNG,RNG,CSMI,Cache Creek|Fortis RNG|RNG|CSMI,MISSING_YEAR
2014,Cache Creek,Fortis RNG,RNG,CSMI,Cache Creek|Fortis RNG|RNG|CSMI,MISSING_YEAR
2015,Cache Creek,Fortis RNG,RNG,CSMI,Cache Creek|Fortis RNG|RNG|CSMI,MISSING_YEAR
2016,Clinton,Fortis RNG,RNG,CSMI,Clinton|Fortis RNG|RNG|CSMI,MISSING_YEAR
2017,Clinton,Fortis RNG,RNG,CSMI,Clinton|Fortis RNG|RNG|CSMI,MISSING_YEAR
2018,Clinton,Fortis RNG,RNG,CSMI,Clinton|Fortis RNG|RNG|CSMI,MISSING_YEAR
2019,Clinton,Fortis RNG,RNG,CSMI,Clinton|Fortis RNG|RNG|CSMI,MISSING_YEAR
2020,Clinton,Fortis RNG,RNG,CSMI,Clinton|Fortis RNG|RNG|CSMI,MISSING_YEAR
2021,Clinton,Fortis RNG,RNG,CSMI,Clinton|Fortis RNG|RNG|CSMI,MISSING_YEAR
2007,Clinton,Fortis RNG,RNG,CSMI,Clinton|Fortis RNG|RNG|CSMI,MISSING_YEAR
2010,Clinton,Fortis RNG,RNG,CSMI,Clinton|Fortis RNG|RNG|CSMI,MISSING_YEAR
2012,Clinton,Fortis RNG,RNG,CSMI,Clinton|Fortis RNG|RNG|CSMI,MISSING_YEAR
2013,Clinton,Fortis RNG,RNG,CSMI,Clinton|Fortis RNG|RNG|CSMI,MISSING_YEAR
2014,Clinton,Fortis RNG,RNG,CSMI,Clinton|Fortis RNG|RNG|CSMI,MISSING_YEAR
2015,Clinton,Fortis RNG,RNG,CSMI,Clinton|Fortis RNG|RNG|CSMI,MISSING_YEAR
2016,Logan Lake,Fortis RNG,RNG,CSMI,Logan Lake|Fortis RNG|RNG|CSMI,MISSING_YEAR
2017,Logan Lake,Fortis RNG,RNG,CSMI,Logan Lake|Fortis RNG|RNG|CSMI,MISSING_YEAR
2018,Logan Lake,Fortis RNG,RNG,CSMI,Logan Lake|Fortis RNG|RNG|CSMI,MISSING_YEAR
2019,Logan Lake,Fortis RNG,RNG,CSMI,Logan Lake|Fortis RNG|RNG|CSMI,MISSING_YEAR
2020,Logan Lake,Fortis RNG,RNG,CSMI,Logan Lake|Fortis RNG|RNG|CSMI,MISSING_YEAR
2021,Logan Lake,Fortis RNG,RNG,CSMI,Logan Lake|Fortis RNG|RNG|CSMI,MISSING_YEAR
2007,Logan Lake,Fortis RNG,RNG,CSMI,Logan Lake|Fortis RNG|RNG|CSMI,MISSING_YEAR
2010,Logan Lake,Fortis RNG,RNG,CSMI,Logan Lake|Fortis RNG|RNG|CSMI,MISSING_YEAR
2012,Logan Lake,Fortis RNG,RNG,CSMI,Logan Lake|Fortis RNG|RNG|CSMI,MISSING_YEAR
2013,Logan Lake,Fortis RNG,RNG,CSMI,Logan Lake|Fortis RNG|RNG|CSMI,MISSING_YEAR
2014,Logan Lake,Fortis RNG,RNG,CSMI,Logan Lake|Fortis RNG|RNG|CSMI,MISSING_YEAR
2015,Logan Lake,Fortis RNG,RNG,CSMI,Logan Lake|Fortis RNG|RNG|CSMI,MISSING_YEAR
2016,Kamloops,Fortis RNG,RNG,CSMI,Kamloops|Fortis RNG|RNG|CSMI,MISSING_YEAR
2017,Kamloops,Fortis RNG,RNG,CSMI,Kamloops|Fortis RNG|RNG|CSMI,MISSING_YEAR
2018,Kamloops,Fortis RNG,RNG,CSMI,Kamloops|Fortis RNG|RNG|CSMI,MISSING_YEAR
2019,Kamloops,Fortis RNG,RNG,CSMI,Kamloops|Fortis RNG|RNG|CSMI,MISSING_YEAR
2020,Kamloops,Fortis RNG,RNG,CSMI,Kamloops|Fortis RNG|RNG|CSMI,MISSING_YEAR
2021,Kamloops,Fortis RNG,RNG,CSMI,Kamloops|Fortis RNG|RNG|CSMI,MISSING_YEAR
2007,Kamloops,Fortis RNG,RNG,CSMI,Kamloops|Fortis RNG|RNG|CSMI,MISSING_YEAR
2010,Kamloops,Fortis RNG,RNG,CSMI,Kamloops|Fortis RNG|RNG|CSMI,MISSING_YEAR
2012,Kamloops,Fortis RNG,RNG,CSMI,Kamloops|Fortis RNG|RNG|CSMI,MISSING_YEAR
2013,Kamloops,Fortis RNG,RNG,CSMI,Kamloops|Fortis RNG|RNG|CSMI,MISSING_YEAR
2014,Kamloops,Fortis RNG,RNG,CSMI,Kamloops|Fortis RNG|RNG|CSMI,MISSING_YEAR
2015,Kamloops,Fortis RNG,RNG,CSMI,Kamloops|Fortis RNG|RNG|CSMI,MISSING_YEAR
2016,Chase,Fortis RNG,RNG,CSMI,Chase|Fortis RNG|RNG|CSMI,MISSING_YEAR
2017,Chase,Fortis RNG,RNG,CSMI,Chase|Fortis RNG|RNG|CSMI,MISSING_YEAR
2018,Chase,Fortis RNG,RNG,CSMI,Chase|Fortis RNG|RNG|CSMI,MISSING_YEAR
2019,Chase,Fortis RNG,RNG,CSMI,Chase|Fortis RNG|RNG|CSMI,MISSING_YEAR
2020,Chase,Fortis RNG,RNG,CSMI,Chase|Fortis RNG|RNG|CSMI,MISSING_YEAR
2021,Chase,Fortis RNG,RNG,CSMI,Chase|Fortis RNG|RNG|CSMI,MISSING_YEAR
2007,Chase,Fortis RNG,RNG,CSMI,Chase|Fortis RNG|RNG|CSMI,MISSING_YEAR
2010,Chase,Fortis RNG,RNG,CSMI,Chase|Fortis RNG|RNG|CSMI,MISSING_YEAR
2012,Chase,Fortis RNG,RNG,CSMI,Chase|Fortis RNG|RNG|CSMI,MISSING_YEAR
2013,Chase,Fortis RNG,RNG,CSMI,Chase|Fortis RNG|RNG|CSMI,MISSING_YEAR
2014,Chase,Fortis RNG,RNG,CSMI,Chase|Fortis RNG|RNG|CSMI,MISSING_YEAR
2015,Chase,Fortis RNG,RNG,CSMI,Chase|Fortis RNG|RNG|CSMI,MISSING_YEAR
2016,Kelowna,Fortis RNG,RNG,CSMI,Kelowna|Fortis RNG|RNG|CSMI,MISSING_YEAR
2017,Kelowna,Fortis RNG,RNG,CSMI,Kelowna|Fortis RNG|RNG|CSMI,MISSING_YEAR
2018,Kelowna,Fortis RNG,RNG,CSMI,Kelowna|Fortis RNG|RNG|CSMI,MISSING_YEAR
2019,Kelowna,Fortis RNG,RNG,CSMI,Kelowna|Fortis RNG|RNG|CSMI,MISSING_YEAR
2020,Kelowna,Fortis RNG,RNG,CSMI,Kelowna|Fortis RNG|RNG|CSMI,MISSING_YEAR
2021,Kelowna,Fortis RNG,RNG,CSMI,Kelowna|Fortis RNG|RNG|CSMI,MISSING_YEAR
2007,Kelowna,Fortis RNG,RNG,CSMI,Kelowna|Fortis RNG|RNG|CSMI,MISSING_YEAR
2010,Kelowna,Fortis RNG,RNG,CSMI,Kelowna|Fortis RNG|RNG|CSMI,MISSING_YEAR
2012,Kelowna,Fortis RNG,RNG,CSMI,Kelowna|Fortis RNG|RNG|CSMI,MISSING_YEAR
2013,Kelowna,Fortis RNG,RNG,CSMI,Kelowna|Fortis RNG|RNG|CSMI,MISSING_YEAR
2014,Kelowna,Fortis RNG,RNG,CSMI,Kelowna|Fortis RNG|RNG|CSMI,MISSING_YEAR
2015,Kelowna,Fortis RNG,RNG,CSMI,Kelowna|Fortis RNG|RNG|CSMI,MISSING_YEAR
2016,Lake Country,Fortis RNG,RNG,CSMI,Lake Country|Fortis RNG|RNG|CSMI,MISSING_YEAR
2017,Lake Country,Fortis RNG,RNG,CSMI,Lake Country|Fortis RNG|RNG|CSMI,MISSING_YEAR
2018,Lake Country,Fortis RNG,RNG,CSMI,Lake Country|Fortis RNG|RNG|CSMI,MISSING_YEAR
2019,Lake Country,Fortis RNG,RNG,CSMI,Lake Country|Fortis RNG|RNG|CSMI,MISSING_YEAR
2020,Lake Country,Fortis RNG,RNG,CSMI,Lake Country|Fortis RNG|RNG|CSMI,MISSING_YEAR
2021,Lake Country,Fortis RNG,RNG,CSMI,Lake Country|Fortis RNG|RNG|CSMI,MISSING_YEAR
2007,Lake Country,Fortis RNG,RNG,CSMI,Lake Country|Fortis RNG|RNG|CSMI,MISSING_YEAR
2010,Lake Country,Fortis RNG,RNG,CSMI,Lake Country|Fortis RNG|RNG|CSMI,MISSING_YEAR
2012,Lake Country,Fortis RNG,RNG,CSMI,Lake Country|Fortis RNG|RNG|CSMI,MISSING_YEAR
2013,Lake Country,Fortis RNG,RNG,CSMI,Lake Country|Fortis RNG|RNG|CSMI,MISSING_YEAR
2014,Lake Country,Fortis RNG,RNG,CSMI,Lake Country|Fortis RNG|RNG|CSMI,MISSING_YEAR
2015,Lake Country,Fortis RNG,RNG,CSMI,Lake Country|Fortis RNG|RNG|CSMI,MISSING_YEAR
2016,Peachland,Fortis RNG,RNG,CSMI,Peachland|Fortis RNG|RNG|CSMI,MISSING_YEAR
2017,Peachland,Fortis RNG,RNG,CSMI,Peachland|Fortis RNG|RNG|CSMI,MISSING_YEAR
2018,Peachland,Fortis RNG,RNG,CSMI,Peachland|Fortis RNG|RNG|CSMI,MISSING_YEAR
2019,Peachland,Fortis RNG,RNG,CSMI,Peachland|Fortis RNG|RNG|CSMI,MISSING_YEAR
2020,Peachland,Fortis RNG,RNG,CSMI,Peachland|Fortis RNG|RNG|CSMI,MISSING_YEAR
2021,Peachland,Fortis RNG,RNG,CSMI,Peachland|Fortis RNG|RNG|CSMI,MISSING_YEAR
2007,Peachland,Fortis RNG,RNG,CSMI,Peachland|Fortis RNG|RNG|CSMI,MISSING_YEAR
2010,Peachland,Fortis RNG,RNG,CSMI,Peachland|Fortis RNG|RNG|CSMI,MISSING_YEAR
2012,Peachland,Fortis RNG,RNG,CSMI,Peachland|Fortis RNG|RNG|CSMI,MISSING_YEAR
2013,Peachland,Fortis RNG,RNG,CSMI,Peachland|Fortis RNG|RNG|CSMI,MISSING_YEAR
2014,Peachland,Fortis RNG,RNG,CSMI,Peachland|Fortis RNG|RNG|CSMI,MISSING_YEAR
2015,Peachland,Fortis RNG,RNG,CSMI,Peachland|Fortis RNG|RNG|CSMI,MISSING_YEAR
2016,Lumby,Fortis RNG,RNG,CSMI,Lumby|Fortis RNG|RNG|CSMI,MISSING_YEAR
2017,Lumby,Fortis RNG,RNG,CSMI,Lumby|Fortis RNG|RNG|CSMI,MISSING_YEAR
2018,Lumby,Fortis RNG,RNG,CSMI,Lumby|Fortis RNG|RNG|CSMI,MISSING_YEAR
2019,Lumby,Fortis RNG,RNG,CSMI,Lumby|Fortis RNG|RNG|CSMI,MISSING_YEAR
2020,Lumby,Fortis RNG,RNG,CSMI,Lumby|Fortis RNG|RNG|CSMI,MISSING_YEAR
2021,Lumby,Fortis RNG,RNG,CSMI,Lumby|Fortis RNG|RNG|CSMI,MISSING_YEAR
2007,Lumby,Fortis RNG,RNG,CSMI,Lumby|Fortis RNG|RNG|CSMI,MISSING_YEAR
2010,Lumby,Fortis RNG,RNG,CSMI,Lumby|Fortis RNG|RNG|CSMI,MISSING_YEAR
2012,Lumby,Fortis RNG,RNG,CSMI,Lumby|Fortis RNG|RNG|CSMI,MISSING_YEAR
2013,Lumby,Fortis RNG,RNG,CSMI,Lumby|Fortis RNG|RNG|CSMI,MISSING_YEAR
2014,Lumby,Fortis RNG,RNG,CSMI,Lumby|Fortis RNG|RNG|CSMI,MISSING_YEAR
2015,Lumby,Fortis RNG,RNG,CSMI,Lumby|Fortis RNG|RNG|CSMI,MISSING_YEAR
2016,Coldstream,Fortis RNG,RNG,CSMI,Coldstream|Fortis RNG|RNG|CSMI,MISSING_YEAR
2017,Coldstream,Fortis RNG,RNG,CSMI,Coldstream|Fortis RNG|RNG|CSMI,MISSING_YEAR
2018,Coldstream,Fortis RNG,RNG,CSMI,Coldstream|Fortis RNG|RNG|CSMI,MISSING_YEAR
2019,Coldstream,Fortis RNG,RNG,CSMI,Coldstream|Fortis RNG|RNG|CSMI,MISSING_YEAR
2020,Coldstream,Fortis RNG,RNG,CSMI,Coldstream|Fortis RNG|RNG|CSMI,MISSING_YEAR
2021,Coldstream,Fortis RNG,RNG,CSMI,Coldstream|Fortis RNG|RNG|CSMI,MISSING_YEAR
2007,Coldstream,Fortis RNG,RNG,CSMI,Coldstream|Fortis RNG|RNG|CSMI,MISSING_YEAR
2010,Coldstream,Fortis RNG,RNG,CSMI,Coldstream|Fortis RNG|RNG|CSMI,MISSING_YEAR
2012,Coldstream,Fortis RNG,RNG,CSMI,Coldstream|Fortis RNG|RNG|CSMI,MISSING_YEAR
2013,Coldstream,Fortis RNG,RNG,CSMI,Coldstream|Fortis RNG|RNG|CSMI,MISSING_YEAR
2014,Coldstream,Fortis RNG,RNG,CSMI,Coldstream|Fortis RNG|RNG|CSMI,MISSING_YEAR
2015,Coldstream,Fortis RNG,RNG,CSMI,Coldstream|Fortis RNG|RNG|CSMI,MISSING_YEAR
2016,Vernon,Fortis RNG,RNG,CSMI,Vernon|Fortis RNG|RNG|CSMI,MISSING_YEAR
2017,Vernon,Fortis RNG,RNG,CSMI,Vernon|Fortis RNG|RNG|CSMI,MISSING_YEAR
2018,Vernon,Fortis RNG,RNG,CSMI,Vernon|Fortis RNG|RNG|CSMI,MISSING_YEAR
2019,Vernon,Fortis RNG,RNG,CSMI,Vernon|Fortis RNG|RNG|CSMI,MISSING_YEAR
2020,Vernon,Fortis RNG,RNG,CSMI,Vernon|Fortis RNG|RNG|CSMI,MISSING_YEAR
2021,Vernon,Fortis RNG,RNG,CSMI,Vernon|Fortis RNG|RNG|CSMI,MISSING_YEAR
2007,Vernon,Fortis RNG,RNG,CSMI,Vernon|Fortis RNG|RNG|CSMI,MISSING_YEAR
2010,Vernon,Fortis RNG,RNG,CSMI,Vernon|Fortis RNG|RNG|CSMI,MISSING_YEAR
2012,Vernon,Fortis RNG,RNG,CSMI,Vernon|Fortis RNG|RNG|CSMI,MISSING_YEAR
2013,Vernon,Fortis RNG,RNG,CSMI,Vernon|Fortis RNG|RNG|CSMI,MISSING_YEAR
2014,Vernon,Fortis RNG,RNG,CSMI,Vernon|Fortis RNG|RNG|CSMI,MISSING_YEAR
2015,Vernon,Fortis RNG,RNG,CSMI,Vernon|Fortis RNG|RNG|CSMI,MISSING_YEAR
2016,Spallumcheen,Fortis RNG,RNG,CSMI,Spallumcheen|Fortis RNG|RNG|CSMI,MISSING_YEAR
2017,Spallumcheen,Fortis RNG,RNG,CSMI,Spallumcheen|Fortis RNG|RNG|CSMI,MISSING_YEAR
2018,Spallumcheen,Fortis RNG,RNG,CSMI,Spallumcheen|Fortis RNG|RNG|CSMI,MISSING_YEAR
2019,Spallumcheen,Fortis RNG,RNG,CSMI,Spallumcheen|Fortis RNG|RNG|CSMI,MISSING_YEAR
2020,Spallumcheen,Fortis RNG,RNG,CSMI,Spallumcheen|Fortis RNG|RNG|CSMI,MISSING_YEAR
2021,Spallumcheen,Fortis RNG,RNG,CSMI,Spallumcheen|Fortis RNG|RNG|CSMI,MISSING_YEAR
2007,Spallumcheen,Fortis RNG,RNG,CSMI,Spallumcheen|Fortis RNG|RNG|CSMI,MISSING_YEAR
2010,Spallumcheen,Fortis RNG,RNG,CSMI,Spallumcheen|Fortis RNG|RNG|CSMI,MISSING_YEAR
2012,Spallumcheen,Fortis RNG,RNG,CSMI,Spallumcheen|Fortis RNG|RNG|CSMI,MISSING_YEAR
2013,Spallumcheen,Fortis RNG,RNG,CSMI,Spallumcheen|Fortis RNG|RNG|CSMI,MISSING_YEAR
2014,Spallumcheen,Fortis RNG,RNG,CSMI,Spallumcheen|Fortis RNG|RNG|CSMI,MISSING_YEAR
2015,Spallumcheen,Fortis RNG,RNG,CSMI,Spallumcheen|Fortis RNG|RNG|CSMI,MISSING_YEAR
2016,Armstrong,Fortis RNG,RNG,CSMI,Armstrong|Fortis RNG|RNG|CSMI,MISSING_YEAR
2017,Armstrong,Fortis RNG,RNG,CSMI,Armstrong|Fortis RNG|RNG|CSMI,MISSING_YEAR
2018,Armstrong,Fortis RNG,RNG,CSMI,Armstrong|Fortis RNG|RNG|CSMI,MISSING_YEAR
2019,Armstrong,Fortis RNG,RNG,CSMI,Armstrong|Fortis RNG|RNG|CSMI,MISSING_YEAR
2020,Armstrong,Fortis RNG,RNG,CSMI,Armstrong|Fortis RNG|RNG|CSMI,MISSING_YEAR
2021,Armstrong,Fortis RNG,RNG,CSMI,Armstrong|Fortis RNG|RNG|CSMI,MISSING_YEAR
2007,Armstrong,Fortis RNG,RNG,CSMI,Armstrong|Fortis RNG|RNG|CSMI,MISSING_YEAR
2010,Armstrong,Fortis RNG,RNG,CSMI,Armstrong|Fortis RNG|RNG|CSMI,MISSING_YEAR
2012,Armstrong,Fortis RNG,RNG,CSMI,Armstrong|Fortis RNG|RNG|CSMI,MISSING_YEAR
2013,Armstrong,Fortis RNG,RNG,CSMI,Armstrong|Fortis RNG|RNG|CSMI,MISSING_YEAR
2014,Armstrong,Fortis RNG,RNG,CSMI,Armstrong|Fortis RNG|RNG|CSMI,MISSING_YEAR
2015,Armstrong,Fortis RNG,RNG,CSMI,Armstrong|Fortis RNG|RNG|CSMI,MISSING_YEAR
2016,Enderby,Fortis RNG,RNG,CSMI,Enderby|Fortis RNG|RNG|CSMI,MISSING_YEAR
2017,Enderby,Fortis RNG,RNG,CSMI,Enderby|Fortis RNG|RNG|CSMI,MISSING_YEAR
2018,Enderby,Fortis RNG,RNG,CSMI,Enderby|Fortis RNG|RNG|CSMI,MISSING_YEAR
2019,Enderby,Fortis RNG,RNG,CSMI,Enderby|Fortis RNG|RNG|CSMI,MISSING_YEAR
2020,Enderby,Fortis RNG,RNG,CSMI,Enderby|Fortis RNG|RNG|CSMI,MISSING_YEAR
2021,Enderby,Fortis RNG,RNG,CSMI,Enderby|Fortis RNG|RNG|CSMI,MISSING_YEAR
2007,Enderby,Fortis RNG,RNG,CSMI,Enderby|Fortis RNG|RNG|CSMI,MISSING_YEAR
2010,Enderby,Fortis RNG,RNG,CSMI,Enderby|Fortis RNG|RNG|CSMI,MISSING_YEAR
2012,Enderby,Fortis RNG,RNG,CSMI,Enderby|Fortis RNG|RNG|CSMI,MISSING_YEAR
2013,Enderby,Fortis RNG,RNG,CSMI,Enderby|Fortis RNG|RNG|CSMI,MISSING_YEAR
2014,Enderby,Fortis RNG,RNG,CSMI,Enderby|Fortis RNG|RNG|CSMI,MISSING_YEAR
2015,Enderby,Fortis RNG,RNG,CSMI,Enderby|Fortis RNG|RNG|CSMI,MISSING_YEAR
2016,Golden,Fortis RNG,RNG,CSMI,Golden|Fortis RNG|RNG|CSMI,MISSING_YEAR
2017,Golden,Fortis RNG,RNG,CSMI,Golden|Fortis RNG|RNG|CSMI,MISSING_YEAR
2018,Golden,Fortis RNG,RNG,CSMI,Golden|Fortis RNG|RNG|CSMI,MISSING_YEAR
2019,Golden,Fortis RNG,RNG,CSMI,Golden|Fortis RNG|RNG|CSMI,MISSING_YEAR
2020,Golden,Fortis RNG,RNG,CSMI,Golden|Fortis RNG|RNG|CSMI,MISSING_YEAR
2021,Golden,Fortis RNG,RNG,CSMI,Golden|Fortis RNG|RNG|CSMI,MISSING_YEAR
2007,Golden,Fortis RNG,RNG,CSMI,Golden|Fortis RNG|RNG|CSMI,MISSING_YEAR
2010,Golden,Fortis RNG,RNG,CSMI,Golden|Fortis RNG|RNG|CSMI,MISSING_YEAR
2012,Golden,Fortis RNG,RNG,CSMI,Golden|Fortis RNG|RNG|CSMI,MISSING_YEAR
2013,Golden,Fortis RNG,RNG,CSMI,Golden|Fortis RNG|RNG|CSMI,MISSING_YEAR
2014,Golden,Fortis RNG,RNG,CSMI,Golden|Fortis RNG|RNG|CSMI,MISSING_YEAR
2015,Golden,Fortis RNG,RNG,CSMI,Golden|Fortis RNG|RNG|CSMI,MISSING_YEAR
2016,Revelstoke,Fortis RNG,RNG,CSMI,Revelstoke|Fortis RNG|RNG|CSMI,MISSING_YEAR
2017,Revelstoke,Fortis RNG,RNG,CSMI,Revelstoke|Fortis RNG|RNG|CSMI,MISSING_YEAR
2018,Revelstoke,Fortis RNG,RNG,CSMI,Revelstoke|Fortis RNG|RNG|CSMI,MISSING_YEAR
2019,Revelstoke,Fortis RNG,RNG,CSMI,Revelstoke|Fortis RNG|RNG|CSMI,MISSING_YEAR
2020,Revelstoke,Fortis RNG,RNG,CSMI,Revelstoke|Fortis RNG|RNG|CSMI,MISSING_YEAR
2021,Revelstoke,Fortis RNG,RNG,CSMI,Revelstoke|Fortis RNG|RNG|CSMI,MISSING_YEAR
2007,Revelstoke,Fortis RNG,RNG,CSMI,Revelstoke|Fortis RNG|RNG|CSMI,MISSING_YEAR
2010,Revelstoke,Fortis RNG,RNG,CSMI,Revelstoke|Fortis RNG|RNG|CSMI,MISSING_YEAR
2012,Revelstoke,Fortis RNG,RNG,CSMI,Revelstoke|Fortis RNG|RNG|CSMI,MISSING_YEAR
2013,Revelstoke,Fortis RNG,RNG,CSMI,Revelstoke|Fortis RNG|RNG|CSMI,MISSING_YEAR
2014,Revelstoke,Fortis RNG,RNG,CSMI,Revelstoke|Fortis RNG|RNG|CSMI,MISSING_YEAR
2015,Revelstoke,Fortis RNG,RNG,CSMI,Revelstoke|Fortis RNG|RNG|CSMI,MISSING_YEAR
2016,Salmon Arm,Fortis RNG,RNG,CSMI,Salmon Arm|Fortis RNG|RNG|CSMI,MISSING_YEAR
2017,Salmon Arm,Fortis RNG,RNG,CSMI,Salmon Arm|Fortis RNG|RNG|CSMI,MISSING_YEAR
2018,Salmon Arm,Fortis RNG,RNG,CSMI,Salmon Arm|Fortis RNG|RNG|CSMI,MISSING_YEAR
2019,Salmon Arm,Fortis RNG,RNG,CSMI,Salmon Arm|Fortis RNG|RNG|CSMI,MISSING_YEAR
2020,Salmon Arm,Fortis RNG,RNG,CSMI,Salmon Arm|Fortis RNG|RNG|CSMI,MISSING_YEAR
2021,Salmon Arm,Fortis RNG,RNG,CSMI,Salmon Arm|Fortis RNG|RNG|CSMI,MISSING_YEAR
2007,Salmon Arm,Fortis RNG,RNG,CSMI,Salmon Arm|Fortis RNG|RNG|CSMI,MISSING_YEAR
2010,Salmon Arm,Fortis RNG,RNG,CSMI,Salmon Arm|Fortis RNG|RNG|CSMI,MISSING_YEAR
2012,Salmon Arm,Fortis RNG,RNG,CSMI,Salmon Arm|Fortis RNG|RNG|CSMI,MISSING_YEAR
2013,Salmon Arm,Fortis RNG,RNG,CSMI,Salmon Arm|Fortis RNG|RNG|CSMI,MISSING_YEAR
2014,Salmon Arm,Fortis RNG,RNG,CSMI,Salmon Arm|Fortis RNG|RNG|CSMI,MISSING_YEAR
2015,Salmon Arm,Fortis RNG,RNG,CSMI,Salmon Arm|Fortis RNG|RNG|CSMI,MISSING_YEAR
2016,Sicamous,Fortis RNG,RNG,CSMI,Sicamous|Fortis RNG|RNG|CSMI,MISSING_YEAR
2017,Sicamous,Fortis RNG,RNG,CSMI,Sicamous|Fortis RNG|RNG|CSMI,MISSING_YEAR
2018,Sicamous,Fortis RNG,RNG,CSMI,Sicamous|Fortis RNG|RNG|CSMI,MISSING_YEAR
2019,Sicamous,Fortis RNG,RNG,CSMI,Sicamous|Fortis RNG|RNG|CSMI,MISSING_YEAR
2020,Sicamous,Fortis RNG,RNG,CSMI,Sicamous|Fortis RNG|RNG|CSMI,MISSING_YEAR
2021,Sicamous,Fortis RNG,RNG,CSMI,Sicamous|Fortis RNG|RNG|CSMI,MISSING_YEAR
2007,Sicamous,Fortis RNG,RNG,CSMI,Sicamous|Fortis RNG|RNG|CSMI,MISSING_YEAR
2010,Sicamous,Fortis RNG,RNG,CSMI,Sicamous|Fortis RNG|RNG|CSMI,MISSING_YEAR
2012,Sicamous,Fortis RNG,RNG,CSMI,Sicamous|Fortis RNG|RNG|CSMI,MISSING_YEAR
2013,Sicamous,Fortis RNG,RNG,CSMI,Sicamous|Fortis RNG|RNG|CSMI,MISSING_YEAR
2014,Sicamous,Fortis RNG,RNG,CSMI,Sicamous|Fortis RNG|RNG|CSMI,MISSING_YEAR
2015,Sicamous,Fortis RNG,RNG,CSMI,Sicamous|Fortis RNG|RNG|CSMI,MISSING_YEAR
2016,One Hundred Mile House,Fortis RNG,RNG,CSMI,One Hundred Mile House|Fortis RNG|RNG|CSMI,MISSING_YEAR
2017,One Hundred Mile House,Fortis RNG,RNG,CSMI,One Hundred Mile House|Fortis RNG|RNG|CSMI,MISSING_YEAR
2018,One Hundred Mile House,Fortis RNG,RNG,CSMI,One Hundred Mile House|Fortis RNG|RNG|CSMI,MISSING_YEAR
2019,One Hundred Mile House,Fortis RNG,RNG,CSMI,One Hundred Mile House|Fortis RNG|RNG|CSMI,MISSING_YEAR
2020,One Hundred Mile House,Fortis RNG,RNG,CSMI,One Hundred Mile House|Fortis RNG|RNG|CSMI,MISSING_YEAR
2021,One Hundred Mile House,Fortis RNG,RNG,CSMI,One Hundred Mile House|Fortis RNG|RNG|CSMI,MISSING_YEAR
2007,One Hundred Mile House,Fortis RNG,RNG,CSMI,One Hundred Mile House|Fortis RNG|RNG|CSMI,MISSING_YEAR
2010,One Hundred Mile House,Fortis RNG,RNG,CSMI,One Hundred Mile House|Fortis RNG|RNG|CSMI,MISSING_YEAR
2012,One Hundred Mile House,Fortis RNG,RNG,CSMI,One Hundred Mile House|Fortis RNG|RNG|CSMI,MISSING_YEAR
2013,One Hundred Mile House,Fortis RNG,RNG,CSMI,One Hundred Mile House|Fortis RNG|RNG|CSMI,MISSING_YEAR
2014,One Hundred Mile House,Fortis RNG,RNG,CSMI,One Hundred Mile House|Fortis RNG|RNG|CSMI,MISSING_YEAR
2015,One Hundred Mile House,Fortis RNG,RNG,CSMI,One Hundred Mile House|Fortis RNG|RNG|CSMI,MISSING_YEAR
2016,Williams Lake,Fortis RNG,RNG,CSMI,Williams Lake|Fortis RNG|RNG|CSMI,MISSING_YEAR
2017,Williams Lake,Fortis RNG,RNG,CSMI,Williams Lake|Fortis RNG|RNG|CSMI,MISSING_YEAR
2018,Williams Lake,Fortis RNG,RNG,CSMI,Williams Lake|Fortis RNG|RNG|CSMI,MISSING_YEAR
2019,Williams Lake,Fortis RNG,RNG,CSMI,Williams Lake|Fortis RNG|RNG|CSMI,MISSING_YEAR
2020,Williams Lake,Fortis RNG,RNG,CSMI,Williams Lake|Fortis RNG|RNG|CSMI,MISSING_YEAR
2021,Williams Lake,Fortis RNG,RNG,CSMI,Williams Lake|Fortis RNG|RNG|CSMI,MISSING_YEAR
2007,Williams Lake,Fortis RNG,RNG,CSMI,Williams Lake|Fortis RNG|RNG|CSMI,MISSING_YEAR
2010,Williams Lake,Fortis RNG,RNG,CSMI,Williams Lake|Fortis RNG|RNG|CSMI,MISSING_YEAR
2012,Williams Lake,Fortis RNG,RNG,CSMI,Williams Lake|Fortis RNG|RNG|CSMI,MISSING_YEAR
2013,Williams Lake,Fortis RNG,RNG,CSMI,Williams Lake|Fortis RNG|RNG|CSMI,MISSING_YEAR
2014,Williams Lake,Fortis RNG,RNG,CSMI,Williams Lake|Fortis RNG|RNG|CSMI,MISSING_YEAR
2015,Williams Lake,Fortis RNG,RNG,CSMI,Williams Lake|Fortis RNG|RNG|CSMI,MISSING_YEAR
2016,Quesnel,Fortis RNG,RNG,CSMI,Quesnel|Fortis RNG|RNG|CSMI,MISSING_YEAR
2017,Quesnel,Fortis RNG,RNG,CSMI,Quesnel|Fortis RNG|RNG|CSMI,MISSING_YEAR
2018,Quesnel,Fortis RNG,RNG,CSMI,Quesnel|Fortis RNG|RNG|CSMI,MISSING_YEAR
2019,Quesnel,Fortis RNG,RNG,CSMI,Quesnel|Fortis RNG|RNG|CSMI,MISSING_YEAR
2020,Quesnel,Fortis RNG,RNG,CSMI,Quesnel|Fortis RNG|RNG|CSMI,MISSING_YEAR
2021,Quesnel,Fortis RNG,RNG,CSMI,Quesnel|Fortis RNG|RNG|CSMI,MISSING_YEAR
2007,Quesnel,Fortis RNG,RNG,CSMI,Quesnel|Fortis RNG|RNG|CSMI,MISSING_YEAR
2010,Quesnel,Fortis RNG,RNG,CSMI,Quesnel|Fortis RNG|RNG|CSMI,MISSING_YEAR
2012,Quesnel,Fortis RNG,RNG,CSMI,Quesnel|Fortis RNG|RNG|CSMI,MISSING_YEAR
2013,Quesnel,Fortis RNG,RNG,CSMI,Quesnel|Fortis RNG|RNG|CSMI,MISSING_YEAR
2014,Quesnel,Fortis RNG,RNG,CSMI,Quesnel|Fortis RNG|RNG|CSMI,MISSING_YEAR
2015,Quesnel,Fortis RNG,RNG,CSMI,Quesnel|Fortis RNG|RNG|CSMI,MISSING_YEAR
2016,Wells,Fortis RNG,RNG,CSMI,Wells|Fortis RNG|RNG|CSMI,MISSING_YEAR
2017,Wells,Fortis RNG,RNG,CSMI,Wells|Fortis RNG|RNG|CSMI,MISSING_YEAR
2018,Wells,Fortis RNG,RNG,CSMI,Wells|Fortis RNG|RNG|CSMI,MISSING_YEAR
2019,Wells,Fortis RNG,RNG,CSMI,Wells|Fortis RNG|RNG|CSMI,MISSING_YEAR
2020,Wells,Fortis RNG,RNG,CSMI,Wells|Fortis RNG|RNG|CSMI,MISSING_YEAR
2021,Wells,Fortis RNG,RNG,CSMI,Wells|Fortis RNG|RNG|CSMI,MISSING_YEAR
2007,Wells,Fortis RNG,RNG,CSMI,Wells|Fortis RNG|RNG|CSMI,MISSING_YEAR
2010,Wells,Fortis RNG,RNG,CSMI,Wells|Fortis RNG|RNG|CSMI,MISSING_YEAR
2012,Wells,Fortis RNG,RNG,CSMI,Wells|Fortis RNG|RNG|CSMI,MISSING_YEAR
2013,Wells,Fortis RNG,RNG,CSMI,Wells|Fortis RNG|RNG|CSMI,MISSING_YEAR
2014,Wells,Fortis RNG,RNG,CSMI,Wells|Fortis RNG|RNG|CSMI,MISSING_YEAR
2015,Wells,Fortis RNG,RNG,CSMI,Wells|Fortis RNG|RNG|CSMI,MISSING_YEAR
2016,Alert Bay,Fortis RNG,RNG,CSMI,Alert Bay|Fortis RNG|RNG|CSMI,MISSING_YEAR
2017,Alert Bay,Fortis RNG,RNG,CSMI,Alert Bay|Fortis RNG|RNG|CSMI,MISSING_YEAR
2018,Alert Bay,Fortis RNG,RNG,CSMI,Alert Bay|Fortis RNG|RNG|CSMI,MISSING_YEAR
2019,Alert Bay,Fortis RNG,RNG,CSMI,Alert Bay|Fortis RNG|RNG|CSMI,MISSING_YEAR
2020,Alert Bay,Fortis RNG,RNG,CSMI,Alert Bay|Fortis RNG|RNG|CSMI,MISSING_YEAR
2021,Alert Bay,Fortis RNG,RNG,CSMI,Alert Bay|Fortis RNG|RNG|CSMI,MISSING_YEAR
2007,Alert Bay,Fortis RNG,RNG,CSMI,Alert Bay|Fortis RNG|RNG|CSMI,MISSING_YEAR
2010,Alert Bay,Fortis RNG,RNG,CSMI,Alert Bay|Fortis RNG|RNG|CSMI,MISSING_YEAR
2012,Alert Bay,Fortis RNG,RNG,CSMI,Alert Bay|Fortis RNG|RNG|CSMI,MISSING_YEAR
2013,Alert Bay,Fortis RNG,RNG,CSMI,Alert Bay|Fortis RNG|RNG|CSMI,MISSING_YEAR
2014,Alert Bay,Fortis RNG,RNG,CSMI,Alert Bay|Fortis RNG|RNG|CSMI,MISSING_YEAR
2015,Alert Bay,Fortis RNG,RNG,CSMI,Alert Bay|Fortis RNG|RNG|CSMI,MISSING_YEAR
2016,Port McNeill,Fortis RNG,RNG,CSMI,Port McNeill|Fortis RNG|RNG|CSMI,MISSING_YEAR
2017,Port McNeill,Fortis RNG,RNG,CSMI,Port McNeill|Fortis RNG|RNG|CSMI,MISSING_YEAR
2018,Port McNeill,Fortis RNG,RNG,CSMI,Port McNeill|Fortis RNG|RNG|CSMI,MISSING_YEAR
2019,Port McNeill,Fortis RNG,RNG,CSMI,Port McNeill|Fortis RNG|RNG|CSMI,MISSING_YEAR
2020,Port McNeill,Fortis RNG,RNG,CSMI,Port McNeill|Fortis RNG|RNG|CSMI,MISSING_YEAR
2021,Port McNeill,Fortis RNG,RNG,CSMI,Port McNeill|Fortis RNG|RNG|CSMI,MISSING_YEAR
2007,Port McNeill,Fortis RNG,RNG,CSMI,Port McNeill|Fortis RNG|RNG|CSMI,MISSING_YEAR
2010,Port McNeill,Fortis RNG,RNG,CSMI,Port McNeill|Fortis RNG|RNG|CSMI,MISSING_YEAR
2012,Port McNeill,Fortis RNG,RNG,CSMI,Port McNeill|Fortis RNG|RNG|CSMI,MISSING_YEAR
2013,Port McNeill,Fortis RNG,RNG,CSMI,Port McNeill|Fortis RNG|RNG|CSMI,MISSING_YEAR
2014,Port McNeill,Fortis RNG,RNG,CSMI,Port McNeill|Fortis RNG|RNG|CSMI,MISSING_YEAR
2015,Port McNeill,Fortis RNG,RNG,CSMI,Port McNeill|Fortis RNG|RNG|CSMI,MISSING_YEAR
2016,Port Alice,Fortis RNG,RNG,CSMI,Port Alice|Fortis RNG|RNG|CSMI,MISSING_YEAR
2017,Port Alice,Fortis RNG,RNG,CSMI,Port Alice|Fortis RNG|RNG|CSMI,MISSING_YEAR
2018,Port Alice,Fortis RNG,RNG,CSMI,Port Alice|Fortis RNG|RNG|CSMI,MISSING_YEAR
2019,Port Alice,Fortis RNG,RNG,CSMI,Port Alice|Fortis RNG|RNG|CSMI,MISSING_YEAR
2020,Port Alice,Fortis RNG,RNG,CSMI,Port Alice|Fortis RNG|RNG|CSMI,MISSING_YEAR
2021,Port Alice,Fortis RNG,RNG,CSMI,Port Alice|Fortis RNG|RNG|CSMI,MISSING_YEAR
2007,Port Alice,Fortis RNG,RNG,CSMI,Port Alice|Fortis RNG|RNG|CSMI,MISSING_YEAR
2010,Port Alice,Fortis RNG,RNG,CSMI,Port Alice|Fortis RNG|RNG|CSMI,MISSING_YEAR
2012,Port Alice,Fortis RNG,RNG,CSMI,Port Alice|Fortis RNG|RNG|CSMI,MISSING_YEAR
2013,Port Alice,Fortis RNG,RNG,CSMI,Port Alice|Fortis RNG|RNG|CSMI,MISSING_YEAR
2014,Port Alice,Fortis RNG,RNG,CSMI,Port Alice|Fortis RNG|RNG|CSMI,MISSING_YEAR
2015,Port Alice,Fortis RNG,RNG,CSMI,Port Alice|Fortis RNG|RNG|CSMI,MISSING_YEAR
2016,Port Hardy,Fortis RNG,RNG,CSMI,Port Hardy|Fortis RNG|RNG|CSMI,MISSING_YEAR
2017,Port Hardy,Fortis RNG,RNG,CSMI,Port Hardy|Fortis RNG|RNG|CSMI,MISSING_YEAR
2018,Port Hardy,Fortis RNG,RNG,CSMI,Port Hardy|Fortis RNG|RNG|CSMI,MISSING_YEAR
2019,Port Hardy,Fortis RNG,RNG,CSMI,Port Hardy|Fortis RNG|RNG|CSMI,MISSING_YEAR
2020,Port Hardy,Fortis RNG,RNG,CSMI,Port Hardy|Fortis RNG|RNG|CSMI,MISSING_YEAR
2021,Port Hardy,Fortis RNG,RNG,CSMI,Port Hardy|Fortis RNG|RNG|CSMI,MISSING_YEAR
2007,Port Hardy,Fortis RNG,RNG,CSMI,Port Hardy|Fortis RNG|RNG|CSMI,MISSING_YEAR
2010,Port Hardy,Fortis RNG,RNG,CSMI,Port Hardy|Fortis RNG|RNG|CSMI,MISSING_YEAR
2012,Port Hardy,Fortis RNG,RNG,CSMI,Port Hardy|Fortis RNG|RNG|CSMI,MISSING_YEAR
2013,Port Hardy,Fortis RNG,RNG,CSMI,Port Hardy|Fortis RNG|RNG|CSMI,MISSING_YEAR
2014,Port Hardy,Fortis RNG,RNG,CSMI,Port Hardy|Fortis RNG|RNG|CSMI,MISSING_YEAR
2015,Port Hardy,Fortis RNG,RNG,CSMI,Port Hardy|Fortis RNG|RNG|CSMI,MISSING_YEAR
2016,Port Edward,Fortis RNG,RNG,CSMI,Port Edward|Fortis RNG|RNG|CSMI,MISSING_YEAR
2017,Port Edward,Fortis RNG,RNG,CSMI,Port Edward|Fortis RNG|RNG|CSMI,MISSING_YEAR
2018,Port Edward,Fortis RNG,RNG,CSMI,Port Edward|Fortis RNG|RNG|CSMI,MISSING_YEAR
2019,Port Edward,Fortis RNG,RNG,CSMI,Port Edward|Fortis RNG|RNG|CSMI,MISSING_YEAR
2020,Port Edward,Fortis RNG,RNG,CSMI,Port Edward|Fortis RNG|RNG|CSMI,MISSING_YEAR
2021,Port Edward,Fortis RNG,RNG,CSMI,Port Edward|Fortis RNG|RNG|CSMI,MISSING_YEAR
2007,Port Edward,Fortis RNG,RNG,CSMI,Port Edward|Fortis RNG|RNG|CSMI,MISSING_YEAR
2010,Port Edward,Fortis RNG,RNG,CSMI,Port Edward|Fortis RNG|RNG|CSMI,MISSING_YEAR
2012,Port Edward,Fortis RNG,RNG,CSMI,Port Edward|Fortis RNG|RNG|CSMI,MISSING_YEAR
2013,Port Edward,Fortis RNG,RNG,CSMI,Port Edward|Fortis RNG|RNG|CSMI,MISSING_YEAR
2014,Port Edward,Fortis RNG,RNG,CSMI,Port Edward|Fortis RNG|RNG|CSMI,MISSING_YEAR
2015,Port Edward,Fortis RNG,RNG,CSMI,Port Edward|Fortis RNG|RNG|CSMI,MISSING_YEAR
2016,Prince Rupert,Fortis RNG,RNG,CSMI,Prince Rupert|Fortis RNG|RNG|CSMI,MISSING_YEAR
2017,Prince Rupert,Fortis RNG,RNG,CSMI,Prince Rupert|Fortis RNG|RNG|CSMI,MISSING_YEAR
2018,Prince Rupert,Fortis RNG,RNG,CSMI,Prince Rupert|Fortis RNG|RNG|CSMI,MISSING_YEAR
2019,Prince Rupert,Fortis RNG,RNG,CSMI,Prince Rupert|Fortis RNG|RNG|CSMI,MISSING_YEAR
2020,Prince Rupert,Fortis RNG,RNG,CSMI,Prince Rupert|Fortis RNG|RNG|CSMI,MISSING_YEAR
2021,Prince Rupert,Fortis RNG,RNG,CSMI,Prince Rupert|Fortis RNG|RNG|CSMI,MISSING_YEAR
2007,Prince Rupert,Fortis RNG,RNG,CSMI,Prince Rupert|Fortis RNG|RNG|CSMI,MISSING_YEAR
2010,Prince Rupert,Fortis RNG,RNG,CSMI,Prince Rupert|Fortis RNG|RNG|CSMI,MISSING_YEAR
2012,Prince Rupert,Fortis RNG,RNG,CSMI,Prince Rupert|Fortis RNG|RNG|CSMI,MISSING_YEAR
2013,Prince Rupert,Fortis RNG,RNG,CSMI,Prince Rupert|Fortis RNG|RNG|CSMI,MISSING_YEAR
2014,Prince Rupert,Fortis RNG,RNG,CSMI,Prince Rupert|Fortis RNG|RNG|CSMI,MISSING_YEAR
2015,Prince Rupert,Fortis RNG,RNG,CSMI,Prince Rupert|Fortis RNG|RNG|CSMI,MISSING_YEAR
2016,Masset,Fortis RNG,RNG,CSMI,Masset|Fortis RNG|RNG|CSMI,MISSING_YEAR
2017,Masset,Fortis RNG,RNG,CSMI,Masset|Fortis RNG|RNG|CSMI,MISSING_YEAR
2018,Masset,Fortis RNG,RNG,CSMI,Masset|Fortis RNG|RNG|CSMI,MISSING_YEAR
2019,Masset,Fortis RNG,RNG,CSMI,Masset|Fortis RNG|RNG|CSMI,MISSING_YEAR
2020,Masset,Fortis RNG,RNG,CSMI,Masset|Fortis RNG|RNG|CSMI,MISSING_YEAR
2021,Masset,Fortis RNG,RNG,CSMI,Masset|Fortis RNG|RNG|CSMI,MISSING_YEAR
2007,Masset,Fortis RNG,RNG,CSMI,Masset|Fortis RNG|RNG|CSMI,MISSING_YEAR
2010,Masset,Fortis RNG,RNG,CSMI,Masset|Fortis RNG|RNG|CSMI,MISSING_YEAR
2012,Masset,Fortis RNG,RNG,CSMI,Masset|Fortis RNG|RNG|CSMI,MISSING_YEAR
2013,Masset,Fortis RNG,RNG,CSMI,Masset|Fortis RNG|RNG|CSMI,MISSING_YEAR
2014,Masset,Fortis RNG,RNG,CSMI,Masset|Fortis RNG|RNG|CSMI,MISSING_YEAR
2015,Masset,Fortis RNG,RNG,CSMI,Masset|Fortis RNG|RNG|CSMI,MISSING_YEAR
2016,Queen Charlotte,Fortis RNG,RNG,CSMI,Queen Charlotte|Fortis RNG|RNG|CSMI,MISSING_YEAR
2017,Queen Charlotte,Fortis RNG,RNG,CSMI,Queen Charlotte|Fortis RNG|RNG|CSMI,MISSING_YEAR
2018,Queen Charlotte,Fortis RNG,RNG,CSMI,Queen Charlotte|Fortis RNG|RNG|CSMI,MISSING_YEAR
2019,Queen Charlotte,Fortis RNG,RNG,CSMI,Queen Charlotte|Fortis RNG|RNG|CSMI,MISSING_YEAR
2020,Queen Charlotte,Fortis RNG,RNG,CSMI,Queen Charlotte|Fortis RNG|RNG|CSMI,MISSING_YEAR
2021,Queen Charlotte,Fortis RNG,RNG,CSMI,Queen Charlotte|Fortis RNG|RNG|CSMI,MISSING_YEAR
2007,Queen Charlotte,Fortis RNG,RNG,CSMI,Queen Charlotte|Fortis RNG|RNG|CSMI,MISSING_YEAR
2010,Queen Charlotte,Fortis RNG,RNG,CSMI,Queen Charlotte|Fortis RNG|RNG|CSMI,MISSING_YEAR
2012,Queen Charlotte,Fortis RNG,RNG,CSMI,Queen Charlotte|Fortis RNG|RNG|CSMI,MISSING_YEAR
2013,Queen Charlotte,Fortis RNG,RNG,CSMI,Queen Charlotte|Fortis RNG|RNG|CSMI,MISSING_YEAR
2014,Queen Charlotte,Fortis RNG,RNG,CSMI,Queen Charlotte|Fortis RNG|RNG|CSMI,MISSING_YEAR
2015,Queen Charlotte,Fortis RNG,RNG,CSMI,Queen Charlotte|Fortis RNG|RNG|CSMI,MISSING_YEAR
2016,Port Clements,Fortis RNG,RNG,CSMI,Port Clements|Fortis RNG|RNG|CSMI,MISSING_YEAR
2017,Port Clements,Fortis RNG,RNG,CSMI,Port Clements|Fortis RNG|RNG|CSMI,MISSING_YEAR
2018,Port Clements,Fortis RNG,RNG,CSMI,Port Clements|Fortis RNG|RNG|CSMI,MISSING_YEAR
2019,Port Clements,Fortis RNG,RNG,CSMI,Port Clements|Fortis RNG|RNG|CSMI,MISSING_YEAR
2020,Port Clements,Fortis RNG,RNG,CSMI,Port Clements|Fortis RNG|RNG|CSMI,MISSING_YEAR
2021,Port Clements,Fortis RNG,RNG,CSMI,Port Clements|Fortis RNG|RNG|CSMI,MISSING_YEAR
2007,Port Clements,Fortis RNG,RNG,CSMI,Port Clements|Fortis RNG|RNG|CSMI,MISSING_YEAR
2010,Port Clements,Fortis RNG,RNG,CSMI,Port Clements|Fortis RNG|RNG|CSMI,MISSING_YEAR
2012,Port Clements,Fortis RNG,RNG,CSMI,Port Clements|Fortis RNG|RNG|CSMI,MISSING_YEAR
2013,Port Clements,Fortis RNG,RNG,CSMI,Port Clements|Fortis RNG|RNG|CSMI,MISSING_YEAR
2014,Port Clements,Fortis RNG,RNG,CSMI,Port Clements|Fortis RNG|RNG|CSMI,MISSING_YEAR
2015,Port Clements,Fortis RNG,RNG,CSMI,Port Clements|Fortis RNG|RNG|CSMI,MISSING_YEAR
2016,Kitimat,Fortis RNG,RNG,CSMI,Kitimat|Fortis RNG|RNG|CSMI,MISSING_YEAR
2017,Kitimat,Fortis RNG,RNG,CSMI,Kitimat|Fortis RNG|RNG|CSMI,MISSING_YEAR
2018,Kitimat,Fortis RNG,RNG,CSMI,Kitimat|Fortis RNG|RNG|CSMI,MISSING_YEAR
2019,Kitimat,Fortis RNG,RNG,CSMI,Kitimat|Fortis RNG|RNG|CSMI,MISSING_YEAR
2020,Kitimat,Fortis RNG,RNG,CSMI,Kitimat|Fortis RNG|RNG|CSMI,MISSING_YEAR
2021,Kitimat,Fortis RNG,RNG,CSMI,Kitimat|Fortis RNG|RNG|CSMI,MISSING_YEAR
2007,Kitimat,Fortis RNG,RNG,CSMI,Kitimat|Fortis RNG|RNG|CSMI,MISSING_YEAR
2010,Kitimat,Fortis RNG,RNG,CSMI,Kitimat|Fortis RNG|RNG|CSMI,MISSING_YEAR
2012,Kitimat,Fortis RNG,RNG,CSMI,Kitimat|Fortis RNG|RNG|CSMI,MISSING_YEAR
2013,Kitimat,Fortis RNG,RNG,CSMI,Kitimat|Fortis RNG|RNG|CSMI,MISSING_YEAR
2014,Kitimat,Fortis RNG,RNG,CSMI,Kitimat|Fortis RNG|RNG|CSMI,MISSING_YEAR
2015,Kitimat,Fortis RNG,RNG,CSMI,Kitimat|Fortis RNG|RNG|CSMI,MISSING_YEAR
2016,Terrace,Fortis RNG,RNG,CSMI,Terrace|Fortis RNG|RNG|CSMI,MISSING_YEAR
2017,Terrace,Fortis RNG,RNG,CSMI,Terrace|Fortis RNG|RNG|CSMI,MISSING_YEAR
2018,Terrace,Fortis RNG,RNG,CSMI,Terrace|Fortis RNG|RNG|CSMI,MISSING_YEAR
2019,Terrace,Fortis RNG,RNG,CSMI,Terrace|Fortis RNG|RNG|CSMI,MISSING_YEAR
2020,Terrace,Fortis RNG,RNG,CSMI,Terrace|Fortis RNG|RNG|CSMI,MISSING_YEAR
2021,Terrace,Fortis RNG,RNG,CSMI,Terrace|Fortis RNG|RNG|CSMI,MISSING_YEAR
2007,Terrace,Fortis RNG,RNG,CSMI,Terrace|Fortis RNG|RNG|CSMI,MISSING_YEAR
2010,Terrace,Fortis RNG,RNG,CSMI,Terrace|Fortis RNG|RNG|CSMI,MISSING_YEAR
2012,Terrace,Fortis RNG,RNG,CSMI,Terrace|Fortis RNG|RNG|CSMI,MISSING_YEAR
2013,Terrace,Fortis RNG,RNG,CSMI,Terrace|Fortis RNG|RNG|CSMI,MISSING_YEAR
2014,Terrace,Fortis RNG,RNG,CSMI,Terrace|Fortis RNG|RNG|CSMI,MISSING_YEAR
2015,Terrace,Fortis RNG,RNG,CSMI,Terrace|Fortis RNG|RNG|CSMI,MISSING_YEAR
2016,Hazelton,Fortis RNG,RNG,CSMI,Hazelton|Fortis RNG|RNG|CSMI,MISSING_YEAR
2017,Hazelton,Fortis RNG,RNG,CSMI,Hazelton|Fortis RNG|RNG|CSMI,MISSING_YEAR
2018,Hazelton,Fortis RNG,RNG,CSMI,Hazelton|Fortis RNG|RNG|CSMI,MISSING_YEAR
2019,Hazelton,Fortis RNG,RNG,CSMI,Hazelton|Fortis RNG|RNG|CSMI,MISSING_YEAR
2020,Hazelton,Fortis RNG,RNG,CSMI,Hazelton|Fortis RNG|RNG|CSMI,MISSING_YEAR
2021,Hazelton,Fortis RNG,RNG,CSMI,Hazelton|Fortis RNG|RNG|CSMI,MISSING_YEAR
2007,Hazelton,Fortis RNG,RNG,CSMI,Hazelton|Fortis RNG|RNG|CSMI,MISSING_YEAR
2010,Hazelton,Fortis RNG,RNG,CSMI,Hazelton|Fortis RNG|RNG|CSMI,MISSING_YEAR
2012,Hazelton,Fortis RNG,RNG,CSMI,Hazelton|Fortis RNG|RNG|CSMI,MISSING_YEAR
2013,Hazelton,Fortis RNG,RNG,CSMI,Hazelton|Fortis RNG|RNG|CSMI,MISSING_YEAR
2014,Hazelton,Fortis RNG,RNG,CSMI,Hazelton|Fortis RNG|RNG|CSMI,MISSING_YEAR
2015,Hazelton,Fortis RNG,RNG,CSMI,Hazelton|Fortis RNG|RNG|CSMI,MISSING_YEAR
2016,New Hazelton,Fortis RNG,RNG,CSMI,New Hazelton|Fortis RNG|RNG|CSMI,MISSING_YEAR
2017,New Hazelton,Fortis RNG,RNG,CSMI,New Hazelton|Fortis RNG|RNG|CSMI,MISSING_YEAR
2018,New Hazelton,Fortis RNG,RNG,CSMI,New Hazelton|Fortis RNG|RNG|CSMI,MISSING_YEAR
2019,New Hazelton,Fortis RNG,RNG,CSMI,New Hazelton|Fortis RNG|RNG|CSMI,MISSING_YEAR
2020,New Hazelton,Fortis RNG,RNG,CSMI,New Hazelton|Fortis RNG|RNG|CSMI,MISSING_YEAR
2021,New Hazelton,Fortis RNG,RNG,CSMI,New Hazelton|Fortis RNG|RNG|CSMI,MISSING_YEAR
2007,New Hazelton,Fortis RNG,RNG,CSMI,New Hazelton|Fortis RNG|RNG|CSMI,MISSING_YEAR
2010,New Hazelton,Fortis RNG,RNG,CSMI,New Hazelton|Fortis RNG|RNG|CSMI,MISSING_YEAR
2012,New Hazelton,Fortis RNG,RNG,CSMI,New Hazelton|Fortis RNG|RNG|CSMI,MISSING_YEAR
2013,New Hazelton,Fortis RNG,RNG,CSMI,New Hazelton|Fortis RNG|RNG|CSMI,MISSING_YEAR
2014,New Hazelton,Fortis RNG,RNG,CSMI,New Hazelton|Fortis RNG|RNG|CSMI,MISSING_YEAR
2015,New Hazelton,Fortis RNG,RNG,CSMI,New Hazelton|Fortis RNG|RNG|CSMI,MISSING_YEAR
2016,Stewart,Fortis RNG,RNG,CSMI,Stewart|Fortis RNG|RNG|CSMI,MISSING_YEAR
2017,Stewart,Fortis RNG,RNG,CSMI,Stewart|Fortis RNG|RNG|CSMI,MISSING_YEAR
2018,Stewart,Fortis RNG,RNG,CSMI,Stewart|Fortis RNG|RNG|CSMI,MISSING_YEAR
2019,Stewart,Fortis RNG,RNG,CSMI,Stewart|Fortis RNG|RNG|CSMI,MISSING_YEAR
2020,Stewart,Fortis RNG,RNG,CSMI,Stewart|Fortis RNG|RNG|CSMI,MISSING_YEAR
2021,Stewart,Fortis RNG,RNG,CSMI,Stewart|Fortis RNG|RNG|CSMI,MISSING_YEAR
2007,Stewart,Fortis RNG,RNG,CSMI,Stewart|Fortis RNG|RNG|CSMI,MISSING_YEAR
2010,Stewart,Fortis RNG,RNG,CSMI,Stewart|Fortis RNG|RNG|CSMI,MISSING_YEAR
2012,Stewart,Fortis RNG,RNG,CSMI,Stewart|Fortis RNG|RNG|CSMI,MISSING_YEAR
2013,Stewart,Fortis RNG,RNG,CSMI,Stewart|Fortis RNG|RNG|CSMI,MISSING_YEAR
2014,Stewart,Fortis RNG,RNG,CSMI,Stewart|Fortis RNG|RNG|CSMI,MISSING_YEAR
2015,Stewart,Fortis RNG,RNG,CSMI,Stewart|Fortis RNG|RNG|CSMI,MISSING_YEAR
2016,Vanderhoof,Fortis RNG,RNG,CSMI,Vanderhoof|Fortis RNG|RNG|CSMI,MISSING_YEAR
2017,Vanderhoof,Fortis RNG,RNG,CSMI,Vanderhoof|Fortis RNG|RNG|CSMI,MISSING_YEAR
2018,Vanderhoof,Fortis RNG,RNG,CSMI,Vanderhoof|Fortis RNG|RNG|CSMI,MISSING_YEAR
2019,Vanderhoof,Fortis RNG,RNG,CSMI,Vanderhoof|Fortis RNG|RNG|CSMI,MISSING_YEAR
2020,Vanderhoof,Fortis RNG,RNG,CSMI,Vanderhoof|Fortis RNG|RNG|CSMI,MISSING_YEAR
2021,Vanderhoof,Fortis RNG,RNG,CSMI,Vanderhoof|Fortis RNG|RNG|CSMI,MISSING_YEAR
2007,Vanderhoof,Fortis RNG,RNG,CSMI,Vanderhoof|Fortis RNG|RNG|CSMI,MISSING_YEAR
2010,Vanderhoof,Fortis RNG,RNG,CSMI,Vanderhoof|Fortis RNG|RNG|CSMI,MISSING_YEAR
2012,Vanderhoof,Fortis RNG,RNG,CSMI,Vanderhoof|Fortis RNG|RNG|CSMI,MISSING_YEAR
2013,Vanderhoof,Fortis RNG,RNG,CSMI,Vanderhoof|Fortis RNG|RNG|CSMI,MISSING_YEAR
2014,Vanderhoof,Fortis RNG,RNG,CSMI,Vanderhoof|Fortis RNG|RNG|CSMI,MISSING_YEAR
2015,Vanderhoof,Fortis RNG,RNG,CSMI,Vanderhoof|Fortis RNG|RNG|CSMI,MISSING_YEAR
2016,Fraser Lake,Fortis RNG,RNG,CSMI,Fraser Lake|Fortis RNG|RNG|CSMI,MISSING_YEAR
2017,Fraser Lake,Fortis RNG,RNG,CSMI,Fraser Lake|Fortis RNG|RNG|CSMI,MISSING_YEAR
2018,Fraser Lake,Fortis RNG,RNG,CSMI,Fraser Lake|Fortis RNG|RNG|CSMI,MISSING_YEAR
2019,Fraser Lake,Fortis RNG,RNG,CSMI,Fraser Lake|Fortis RNG|RNG|CSMI,MISSING_YEAR
2020,Fraser Lake,Fortis RNG,RNG,CSMI,Fraser Lake|Fortis RNG|RNG|CSMI,MISSING_YEAR
2021,Fraser Lake,Fortis RNG,RNG,CSMI,Fraser Lake|Fortis RNG|RNG|CSMI,MISSING_YEAR
2007,Fraser Lake,Fortis RNG,RNG,CSMI,Fraser Lake|Fortis RNG|RNG|CSMI,MISSING_YEAR
2010,Fraser Lake,Fortis RNG,RNG,CSMI,Fraser Lake|Fortis RNG|RNG|CSMI,MISSING_YEAR
2012,Fraser Lake,Fortis RNG,RNG,CSMI,Fraser Lake|Fortis RNG|RNG|CSMI,MISSING_YEAR
2013,Fraser Lake,Fortis RNG,RNG,CSMI,Fraser Lake|Fortis RNG|RNG|CSMI,MISSING_YEAR
2014,Fraser Lake,Fortis RNG,RNG,CSMI,Fraser Lake|Fortis RNG|RNG|CSMI,MISSING_YEAR
2015,Fraser Lake,Fortis RNG,RNG,CSMI,Fraser Lake|Fortis RNG|RNG|CSMI,MISSING_YEAR
2016,Fort St. James,Fortis RNG,RNG,CSMI,Fort St. James|Fortis RNG|RNG|CSMI,MISSING_YEAR
2017,Fort St. James,Fortis RNG,RNG,CSMI,Fort St. James|Fortis RNG|RNG|CSMI,MISSING_YEAR
2018,Fort St. James,Fortis RNG,RNG,CSMI,Fort St. James|Fortis RNG|RNG|CSMI,MISSING_YEAR
2019,Fort St. James,Fortis RNG,RNG,CSMI,Fort St. James|Fortis RNG|RNG|CSMI,MISSING_YEAR
2020,Fort St. James,Fortis RNG,RNG,CSMI,Fort St. James|Fortis RNG|RNG|CSMI,MISSING_YEAR
2021,Fort St. James,Fortis RNG,RNG,CSMI,Fort St. James|Fortis RNG|RNG|CSMI,MISSING_YEAR
2007,Fort St. James,Fortis RNG,RNG,CSMI,Fort St. James|Fortis RNG|RNG|CSMI,MISSING_YEAR
2010,Fort St. James,Fortis RNG,RNG,CSMI,Fort St. James|Fortis RNG|RNG|CSMI,MISSING_YEAR
2012,Fort St. James,Fortis RNG,RNG,CSMI,Fort St. James|Fortis RNG|RNG|CSMI,MISSING_YEAR
2013,Fort St. James,Fortis RNG,RNG,CSMI,Fort St. James|Fortis RNG|RNG|CSMI,MISSING_YEAR
2014,Fort St. James,Fortis RNG,RNG,CSMI,Fort St. James|Fortis RNG|RNG|CSMI,MISSING_YEAR
2015,Fort St. James,Fortis RNG,RNG,CSMI,Fort St. James|Fortis RNG|RNG|CSMI,MISSING_YEAR
2016,Burns Lake,Fortis RNG,RNG,CSMI,Burns Lake|Fortis RNG|RNG|CSMI,MISSING_YEAR
2017,Burns Lake,Fortis RNG,RNG,CSMI,Burns Lake|Fortis RNG|RNG|CSMI,MISSING_YEAR
2018,Burns Lake,Fortis RNG,RNG,CSMI,Burns Lake|Fortis RNG|RNG|CSMI,MISSING_YEAR
2019,Burns Lake,Fortis RNG,RNG,CSMI,Burns Lake|Fortis RNG|RNG|CSMI,MISSING_YEAR
2020,Burns Lake,Fortis RNG,RNG,CSMI,Burns Lake|Fortis RNG|RNG|CSMI,MISSING_YEAR
2021,Burns Lake,Fortis RNG,RNG,CSMI,Burns Lake|Fortis RNG|RNG|CSMI,MISSING_YEAR
2007,Burns Lake,Fortis RNG,RNG,CSMI,Burns Lake|Fortis RNG|RNG|CSMI,MISSING_YEAR
2010,Burns Lake,Fortis RNG,RNG,CSMI,Burns Lake|Fortis RNG|RNG|CSMI,MISSING_YEAR
2012,Burns Lake,Fortis RNG,RNG,CSMI,Burns Lake|Fortis RNG|RNG|CSMI,MISSING_YEAR
2013,Burns Lake,Fortis RNG,RNG,CSMI,Burns Lake|Fortis RNG|RNG|CSMI,MISSING_YEAR
2014,Burns Lake,Fortis RNG,RNG,CSMI,Burns Lake|Fortis RNG|RNG|CSMI,MISSING_YEAR
2015,Burns Lake,Fortis RNG,RNG,CSMI,Burns Lake|Fortis RNG|RNG|CSMI,MISSING_YEAR
2016,Granisle,Fortis RNG,RNG,CSMI,Granisle|Fortis RNG|RNG|CSMI,MISSING_YEAR
2017,Granisle,Fortis RNG,RNG,CSMI,Granisle|Fortis RNG|RNG|CSMI,MISSING_YEAR
2018,Granisle,Fortis RNG,RNG,CSMI,Granisle|Fortis RNG|RNG|CSMI,MISSING_YEAR
2019,Granisle,Fortis RNG,RNG,CSMI,Granisle|Fortis RNG|RNG|CSMI,MISSING_YEAR
2020,Granisle,Fortis RNG,RNG,CSMI,Granisle|Fortis RNG|RNG|CSMI,MISSING_YEAR
2021,Granisle,Fortis RNG,RNG,CSMI,Granisle|Fortis RNG|RNG|CSMI,MISSING_YEAR
2007,Granisle,Fortis RNG,RNG,CSMI,Granisle|Fortis RNG|RNG|CSMI,MISSING_YEAR
2010,Granisle,Fortis RNG,RNG,CSMI,Granisle|Fortis RNG|RNG|CSMI,MISSING_YEAR
2012,Granisle,Fortis RNG,RNG,CSMI,Granisle|Fortis RNG|RNG|CSMI,MISSING_YEAR
2013,Granisle,Fortis RNG,RNG,CSMI,Granisle|Fortis RNG|RNG|CSMI,MISSING_YEAR
2014,Granisle,Fortis RNG,RNG,CSMI,Granisle|Fortis RNG|RNG|CSMI,MISSING_YEAR
2015,Granisle,Fortis RNG,RNG,CSMI,Granisle|Fortis RNG|RNG|CSMI,MISSING_YEAR
2016,Houston,Fortis RNG,RNG,CSMI,Houston|Fortis RNG|RNG|CSMI,MISSING_YEAR
2017,Houston,Fortis RNG,RNG,CSMI,Houston|Fortis RNG|RNG|CSMI,MISSING_YEAR
2018,Houston,Fortis RNG,RNG,CSMI,Houston|Fortis RNG|RNG|CSMI,MISSING_YEAR
2019,Houston,Fortis RNG,RNG,CSMI,Houston|Fortis RNG|RNG|CSMI,MISSING_YEAR
2020,Houston,Fortis RNG,RNG,CSMI,Houston|Fortis RNG|RNG|CSMI,MISSING_YEAR
2021,Houston,Fortis RNG,RNG,CSMI,Houston|Fortis RNG|RNG|CSMI,MISSING_YEAR
2007,Houston,Fortis RNG,RNG,CSMI,Houston|Fortis RNG|RNG|CSMI,MISSING_YEAR
2010,Houston,Fortis RNG,RNG,CSMI,Houston|Fortis RNG|RNG|CSMI,MISSING_YEAR
2012,Houston,Fortis RNG,RNG,CSMI,Houston|Fortis RNG|RNG|CSMI,MISSING_YEAR
2013,Houston,Fortis RNG,RNG,CSMI,Houston|Fortis RNG|RNG|CSMI,MISSING_YEAR
2014,Houston,Fortis RNG,RNG,CSMI,Houston|Fortis RNG|RNG|CSMI,MISSING_YEAR
2015,Houston,Fortis RNG,RNG,CSMI,Houston|Fortis RNG|RNG|CSMI,MISSING_YEAR
2016,Telkwa,Fortis RNG,RNG,CSMI,Telkwa|Fortis RNG|RNG|CSMI,MISSING_YEAR
2017,Telkwa,Fortis RNG,RNG,CSMI,Telkwa|Fortis RNG|RNG|CSMI,MISSING_YEAR
2018,Telkwa,Fortis RNG,RNG,CSMI,Telkwa|Fortis RNG|RNG|CSMI,MISSING_YEAR
2019,Telkwa,Fortis RNG,RNG,CSMI,Telkwa|Fortis RNG|RNG|CSMI,MISSING_YEAR
2020,Telkwa,Fortis RNG,RNG,CSMI,Telkwa|Fortis RNG|RNG|CSMI,MISSING_YEAR
2021,Telkwa,Fortis RNG,RNG,CSMI,Telkwa|Fortis RNG|RNG|CSMI,MISSING_YEAR
2007,Telkwa,Fortis RNG,RNG,CSMI,Telkwa|Fortis RNG|RNG|CSMI,MISSING_YEAR
2010,Telkwa,Fortis RNG,RNG,CSMI,Telkwa|Fortis RNG|RNG|CSMI,MISSING_YEAR
2012,Telkwa,Fortis RNG,RNG,CSMI,Telkwa|Fortis RNG|RNG|CSMI,MISSING_YEAR
2013,Telkwa,Fortis RNG,RNG,CSMI,Telkwa|Fortis RNG|RNG|CSMI,MISSING_YEAR
2014,Telkwa,Fortis RNG,RNG,CSMI,Telkwa|Fortis RNG|RNG|CSMI,MISSING_YEAR
2015,Telkwa,Fortis RNG,RNG,CSMI,Telkwa|Fortis RNG|RNG|CSMI,MISSING_YEAR
2016,Smithers,Fortis RNG,RNG,CSMI,Smithers|Fortis RNG|RNG|CSMI,MISSING_YEAR
2017,Smithers,Fortis RNG,RNG,CSMI,Smithers|Fortis RNG|RNG|CSMI,MISSING_YEAR
2018,Smithers,Fortis RNG,RNG,CSMI,Smithers|Fortis RNG|RNG|CSMI,MISSING_YEAR
2019,Smithers,Fortis RNG,RNG,CSMI,Smithers|Fortis RNG|RNG|CSMI,MISSING_YEAR
2020,Smithers,Fortis RNG,RNG,CSMI,Smithers|Fortis RNG|RNG|CSMI,MISSING_YEAR
2021,Smithers,Fortis RNG,RNG,CSMI,Smithers|Fortis RNG|RNG|CSMI,MISSING_YEAR
2007,Smithers,Fortis RNG,RNG,CSMI,Smithers|Fortis RNG|RNG|CSMI,MISSING_YEAR
2010,Smithers,Fortis RNG,RNG,CSMI,Smithers|Fortis RNG|RNG|CSMI,MISSING_YEAR
2012,Smithers,Fortis RNG,RNG,CSMI,Smithers|Fortis RNG|RNG|CSMI,MISSING_YEAR
2013,Smithers,Fortis RNG,RNG,CSMI,Smithers|Fortis RNG|RNG|CSMI,MISSING_YEAR
2014,Smithers,Fortis RNG,RNG,CSMI,Smithers|Fortis RNG|RNG|CSMI,MISSING_YEAR
2015,Smithers,Fortis RNG,RNG,CSMI,Smithers|Fortis RNG|RNG|CSMI,MISSING_YEAR
2016,Valemount,Fortis RNG,RNG,CSMI,Valemount|Fortis RNG|RNG|CSMI,MISSING_YEAR
2017,Valemount,Fortis RNG,RNG,CSMI,Valemount|Fortis RNG|RNG|CSMI,MISSING_YEAR
2018,Valemount,Fortis RNG,RNG,CSMI,Valemount|Fortis RNG|RNG|CSMI,MISSING_YEAR
2019,Valemount,Fortis RNG,RNG,CSMI,Valemount|Fortis RNG|RNG|CSMI,MISSING_YEAR
2020,Valemount,Fortis RNG,RNG,CSMI,Valemount|Fortis RNG|RNG|CSMI,MISSING_YEAR
2021,Valemount,Fortis RNG,RNG,CSMI,Valemount|Fortis RNG|RNG|CSMI,MISSING_YEAR
2007,Valemount,Fortis RNG,RNG,CSMI,Valemount|Fortis RNG|RNG|CSMI,MISSING_YEAR
2010,Valemount,Fortis RNG,RNG,CSMI,Valemount|Fortis RNG|RNG|CSMI,MISSING_YEAR
2012,Valemount,Fortis RNG,RNG,CSMI,Valemount|Fortis RNG|RNG|CSMI,MISSING_YEAR
2013,Valemount,Fortis RNG,RNG,CSMI,Valemount|Fortis RNG|RNG|CSMI,MISSING_YEAR
2014,Valemount,Fortis RNG,RNG,CSMI,Valemount|Fortis RNG|RNG|CSMI,MISSING_YEAR
2015,Valemount,Fortis RNG,RNG,CSMI,Valemount|Fortis RNG|RNG|CSMI,MISSING_YEAR
2016,McBride,Fortis RNG,RNG,CSMI,McBride|Fortis RNG|RNG|CSMI,MISSING_YEAR
2017,McBride,Fortis RNG,RNG,CSMI,McBride|Fortis RNG|RNG|CSMI,MISSING_YEAR
2018,McBride,Fortis RNG,RNG,CSMI,McBride|Fortis RNG|RNG|CSMI,MISSING_YEAR
2019,McBride,Fortis RNG,RNG,CSMI,McBride|Fortis RNG|RNG|CSMI,MISSING_YEAR
2020,McBride,Fortis RNG,RNG,CSMI,McBride|Fortis RNG|RNG|CSMI,MISSING_YEAR
2021,McBride,Fortis RNG,RNG,CSMI,McBride|Fortis RNG|RNG|CSMI,MISSING_YEAR
2007,McBride,Fortis RNG,RNG,CSMI,McBride|Fortis RNG|RNG|CSMI,MISSING_YEAR
2010,McBride,Fortis RNG,RNG,CSMI,McBride|Fortis RNG|RNG|CSMI,MISSING_YEAR
2012,McBride,Fortis RNG,RNG,CSMI,McBride|Fortis RNG|RNG|CSMI,MISSING_YEAR
2013,McBride,Fortis RNG,RNG,CSMI,McBride|Fortis RNG|RNG|CSMI,MISSING_YEAR
2014,McBride,Fortis RNG,RNG,CSMI,McBride|Fortis RNG|RNG|CSMI,MISSING_YEAR
2015,McBride,Fortis RNG,RNG,CSMI,McBride|Fortis RNG|RNG|CSMI,MISSING_YEAR
2016,Prince George,Fortis RNG,RNG,CSMI,Prince George|Fortis RNG|RNG|CSMI,MISSING_YEAR
2017,Prince George,Fortis RNG,RNG,CSMI,Prince George|Fortis RNG|RNG|CSMI,MISSING_YEAR
2018,Prince George,Fortis RNG,RNG,CSMI,Prince George|Fortis RNG|RNG|CSMI,MISSING_YEAR
2019,Prince George,Fortis RNG,RNG,CSMI,Prince George|Fortis RNG|RNG|CSMI,MISSING_YEAR
2020,Prince George,Fortis RNG,RNG,CSMI,Prince George|Fortis RNG|RNG|CSMI,MISSING_YEAR
2021,Prince George,Fortis RNG,RNG,CSMI,Prince George|Fortis RNG|RNG|CSMI,MISSING_YEAR
2007,Prince George,Fortis RNG,RNG,CSMI,Prince George|Fortis RNG|RNG|CSMI,MISSING_YEAR
2010,Prince George,Fortis RNG,RNG,CSMI,Prince George|Fortis RNG|RNG|CSMI,MISSING_YEAR
2012,Prince George,Fortis RNG,RNG,CSMI,Prince George|Fortis RNG|RNG|CSMI,MISSING_YEAR
2013,Prince George,Fortis RNG,RNG,CSMI,Prince George|Fortis RNG|RNG|CSMI,MISSING_YEAR
2014,Prince George,Fortis RNG,RNG,CSMI,Prince George|Fortis RNG|RNG|CSMI,MISSING_YEAR
2015,Prince George,Fortis RNG,RNG,CSMI,Prince George|Fortis RNG|RNG|CSMI,MISSING_YEAR
2016,Mackenzie,Fortis RNG,RNG,CSMI,Mackenzie|Fortis RNG|RNG|CSMI,MISSING_YEAR
2017,Mackenzie,Fortis RNG,RNG,CSMI,Mackenzie|Fortis RNG|RNG|CSMI,MISSING_YEAR
2018,Mackenzie,Fortis RNG,RNG,CSMI,Mackenzie|Fortis RNG|RNG|CSMI,MISSING_YEAR
2019,Mackenzie,Fortis RNG,RNG,CSMI,Mackenzie|Fortis RNG|RNG|CSMI,MISSING_YEAR
2020,Mackenzie,Fortis RNG,RNG,CSMI,Mackenzie|Fortis RNG|RNG|CSMI,MISSING_YEAR
2021,Mackenzie,Fortis RNG,RNG,CSMI,Mackenzie|Fortis RNG|RNG|CSMI,MISSING_YEAR
2007,Mackenzie,Fortis RNG,RNG,CSMI,Mackenzie|Fortis RNG|RNG|CSMI,MISSING_YEAR
2010,Mackenzie,Fortis RNG,RNG,CSMI,Mackenzie|Fortis RNG|RNG|CSMI,MISSING_YEAR
2012,Mackenzie,Fortis RNG,RNG,CSMI,Mackenzie|Fortis RNG|RNG|CSMI,MISSING_YEAR
2013,Mackenzie,Fortis RNG,RNG,CSMI,Mackenzie|Fortis RNG|RNG|CSMI,MISSING_YEAR
2014,Mackenzie,Fortis RNG,RNG,CSMI,Mackenzie|Fortis RNG|RNG|CSMI,MISSING_YEAR
2015,Mackenzie,Fortis RNG,RNG,CSMI,Mackenzie|Fortis RNG|RNG|CSMI,MISSING_YEAR
2016,Tumbler Ridge,Fortis RNG,RNG,CSMI,Tumbler Ridge|Fortis RNG|RNG|CSMI,MISSING_YEAR
2017,Tumbler Ridge,Fortis RNG,RNG,CSMI,Tumbler Ridge|Fortis RNG|RNG|CSMI,MISSING_YEAR
2018,Tumbler Ridge,Fortis RNG,RNG,CSMI,Tumbler Ridge|Fortis RNG|RNG|CSMI,MISSING_YEAR
2019,Tumbler Ridge,Fortis RNG,RNG,CSMI,Tumbler Ridge|Fortis RNG|RNG|CSMI,MISSING_YEAR
2020,Tumbler Ridge,Fortis RNG,RNG,CSMI,Tumbler Ridge|Fortis RNG|RNG|CSMI,MISSING_YEAR
2021,Tumbler Ridge,Fortis RNG,RNG,CSMI,Tumbler Ridge|Fortis RNG|RNG|CSMI,MISSING_YEAR
2007,Tumbler Ridge,Fortis RNG,RNG,CSMI,Tumbler Ridge|Fortis RNG|RNG|CSMI,MISSING_YEAR
2010,Tumbler Ridge,Fortis RNG,RNG,CSMI,Tumbler Ridge|Fortis RNG|RNG|CSMI,MISSING_YEAR
2012,Tumbler Ridge,Fortis RNG,RNG,CSMI,Tumbler Ridge|Fortis RNG|RNG|CSMI,MISSING_YEAR
2013,Tumbler Ridge,Fortis RNG,RNG,CSMI,Tumbler Ridge|Fortis RNG|RNG|CSMI,MISSING_YEAR
2014,Tumbler Ridge,Fortis RNG,RNG,CSMI,Tumbler Ridge|Fortis RNG|RNG|CSMI,MISSING_YEAR
2015,Tumbler Ridge,Fortis RNG,RNG,CSMI,Tumbler Ridge|Fortis RNG|RNG|CSMI,MISSING_YEAR
2016,Pouce Coupe,Fortis RNG,RNG,CSMI,Pouce Coupe|Fortis RNG|RNG|CSMI,MISSING_YEAR
2017,Pouce Coupe,Fortis RNG,RNG,CSMI,Pouce Coupe|Fortis RNG|RNG|CSMI,MISSING_YEAR
2018,Pouce Coupe,Fortis RNG,RNG,CSMI,Pouce Coupe|Fortis RNG|RNG|CSMI,MISSING_YEAR
2019,Pouce Coupe,Fortis RNG,RNG,CSMI,Pouce Coupe|Fortis RNG|RNG|CSMI,MISSING_YEAR
2020,Pouce Coupe,Fortis RNG,RNG,CSMI,Pouce Coupe|Fortis RNG|RNG|CSMI,MISSING_YEAR
2021,Pouce Coupe,Fortis RNG,RNG,CSMI,Pouce Coupe|Fortis RNG|RNG|CSMI,MISSING_YEAR
2007,Pouce Coupe,Fortis RNG,RNG,CSMI,Pouce Coupe|Fortis RNG|RNG|CSMI,MISSING_YEAR
2010,Pouce Coupe,Fortis RNG,RNG,CSMI,Pouce Coupe|Fortis RNG|RNG|CSMI,MISSING_YEAR
2012,Pouce Coupe,Fortis RNG,RNG,CSMI,Pouce Coupe|Fortis RNG|RNG|CSMI,MISSING_YEAR
2013,Pouce Coupe,Fortis RNG,RNG,CSMI,Pouce Coupe|Fortis RNG|RNG|CSMI,MISSING_YEAR
2014,Pouce Coupe,Fortis RNG,RNG,CSMI,Pouce Coupe|Fortis RNG|RNG|CSMI,MISSING_YEAR
2015,Pouce Coupe,Fortis RNG,RNG,CSMI,Pouce Coupe|Fortis RNG|RNG|CSMI,MISSING_YEAR
2016,Chetwynd,Fortis RNG,RNG,CSMI,Chetwynd|Fortis RNG|RNG|CSMI,MISSING_YEAR
2017,Chetwynd,Fortis RNG,RNG,CSMI,Chetwynd|Fortis RNG|RNG|CSMI,MISSING_YEAR
2018,Chetwynd,Fortis RNG,RNG,CSMI,Chetwynd|Fortis RNG|RNG|CSMI,MISSING_YEAR
2019,Chetwynd,Fortis RNG,RNG,CSMI,Chetwynd|Fortis RNG|RNG|CSMI,MISSING_YEAR
2020,Chetwynd,Fortis RNG,RNG,CSMI,Chetwynd|Fortis RNG|RNG|CSMI,MISSING_YEAR
2021,Chetwynd,Fortis RNG,RNG,CSMI,Chetwynd|Fortis RNG|RNG|CSMI,MISSING_YEAR
2007,Chetwynd,Fortis RNG,RNG,CSMI,Chetwynd|Fortis RNG|RNG|CSMI,MISSING_YEAR
2010,Chetwynd,Fortis RNG,RNG,CSMI,Chetwynd|Fortis RNG|RNG|CSMI,MISSING_YEAR
2012,Chetwynd,Fortis RNG,RNG,CSMI,Chetwynd|Fortis RNG|RNG|CSMI,MISSING_YEAR
2013,Chetwynd,Fortis RNG,RNG,CSMI,Chetwynd|Fortis RNG|RNG|CSMI,MISSING_YEAR
2014,Chetwynd,Fortis RNG,RNG,CSMI,Chetwynd|Fortis RNG|RNG|CSMI,MISSING_YEAR
2015,Chetwynd,Fortis RNG,RNG,CSMI,Chetwynd|Fortis RNG|RNG|CSMI,MISSING_YEAR
2016,Dawson Creek,Fortis RNG,RNG,CSMI,Dawson Creek|Fortis RNG|RNG|CSMI,MISSING_YEAR
2017,Dawson Creek,Fortis RNG,RNG,CSMI,Dawson Creek|Fortis RNG|RNG|CSMI,MISSING_YEAR
2018,Dawson Creek,Fortis RNG,RNG,CSMI,Dawson Creek|Fortis RNG|RNG|CSMI,MISSING_YEAR
2019,Dawson Creek,Fortis RNG,RNG,CSMI,Dawson Creek|Fortis RNG|RNG|CSMI,MISSING_YEAR
2020,Dawson Creek,Fortis RNG,RNG,CSMI,Dawson Creek|Fortis RNG|RNG|CSMI,MISSING_YEAR
2021,Dawson Creek,Fortis RNG,RNG,CSMI,Dawson Creek|Fortis RNG|RNG|CSMI,MISSING_YEAR
2007,Dawson Creek,Fortis RNG,RNG,CSMI,Dawson Creek|Fortis RNG|RNG|CSMI,MISSING_YEAR
2010,Dawson Creek,Fortis RNG,RNG,CSMI,Dawson Creek|Fortis RNG|RNG|CSMI,MISSING_YEAR
2012,Dawson Creek,Fortis RNG,RNG,CSMI,Dawson Creek|Fortis RNG|RNG|CSMI,MISSING_YEAR
2013,Dawson Creek,Fortis RNG,RNG,CSMI,Dawson Creek|Fortis RNG|RNG|CSMI,MISSING_YEAR
2014,Dawson Creek,Fortis RNG,RNG,CSMI,Dawson Creek|Fortis RNG|RNG|CSMI,MISSING_YEAR
2015,Dawson Creek,Fortis RNG,RNG,CSMI,Dawson Creek|Fortis RNG|RNG|CSMI,MISSING_YEAR
2016,Hudson's Hope,Fortis RNG,RNG,CSMI,Hudson's Hope|Fortis RNG|RNG|CSMI,MISSING_YEAR
2017,Hudson's Hope,Fortis RNG,RNG,CSMI,Hudson's Hope|Fortis RNG|RNG|CSMI,MISSING_YEAR
2018,Hudson's Hope,Fortis RNG,RNG,CSMI,Hudson's Hope|Fortis RNG|RNG|CSMI,MISSING_YEAR
2019,Hudson's Hope,Fortis RNG,RNG,CSMI,Hudson's Hope|Fortis RNG|RNG|CSMI,MISSING_YEAR
2020,Hudson's Hope,Fortis RNG,RNG,CSMI,Hudson's Hope|Fortis RNG|RNG|CSMI,MISSING_YEAR
2021,Hudson's Hope,Fortis RNG,RNG,CSMI,Hudson's Hope|Fortis RNG|RNG|CSMI,MISSING_YEAR
2007,Hudson's Hope,Fortis RNG,RNG,CSMI,Hudson's Hope|Fortis RNG|RNG|CSMI,MISSING_YEAR
2010,Hudson's Hope,Fortis RNG,RNG,CSMI,Hudson's Hope|Fortis RNG|RNG|CSMI,MISSING_YEAR
2012,Hudson's Hope,Fortis RNG,RNG,CSMI,Hudson's Hope|Fortis RNG|RNG|CSMI,MISSING_YEAR
2013,Hudson's Hope,Fortis RNG,RNG,CSMI,Hudson's Hope|Fortis RNG|RNG|CSMI,MISSING_YEAR
2014,Hudson's Hope,Fortis RNG,RNG,CSMI,Hudson's Hope|Fortis RNG|RNG|CSMI,MISSING_YEAR
2015,Hudson's Hope,Fortis RNG,RNG,CSMI,Hudson's Hope|Fortis RNG|RNG|CSMI,MISSING_YEAR
2016,Taylor,Fortis RNG,RNG,CSMI,Taylor|Fortis RNG|RNG|CSMI,MISSING_YEAR
2017,Taylor,Fortis RNG,RNG,CSMI,Taylor|Fortis RNG|RNG|CSMI,MISSING_YEAR
2018,Taylor,Fortis RNG,RNG,CSMI,Taylor|Fortis RNG|RNG|CSMI,MISSING_YEAR
2019,Taylor,Fortis RNG,RNG,CSMI,Taylor|Fortis RNG|RNG|CSMI,MISSING_YEAR
2020,Taylor,Fortis RNG,RNG,CSMI,Taylor|Fortis RNG|RNG|CSMI,MISSING_YEAR
2021,Taylor,Fortis RNG,RNG,CSMI,Taylor|Fortis RNG|RNG|CSMI,MISSING_YEAR
2007,Taylor,Fortis RNG,RNG,CSMI,Taylor|Fortis RNG|RNG|CSMI,MISSING_YEAR
2010,Taylor,Fortis RNG,RNG,CSMI,Taylor|Fortis RNG|RNG|CSMI,MISSING_YEAR
2012,Taylor,Fortis RNG,RNG,CSMI,Taylor|Fortis RNG|RNG|CSMI,MISSING_YEAR
2013,Taylor,Fortis RNG,RNG,CSMI,Taylor|Fortis RNG|RNG|CSMI,MISSING_YEAR
2014,Taylor,Fortis RNG,RNG,CSMI,Taylor|Fortis RNG|RNG|CSMI,MISSING_YEAR
2015,Taylor,Fortis RNG,RNG,CSMI,Taylor|Fortis RNG|RNG|CSMI,MISSING_YEAR
2016,Fort St. John,Fortis RNG,RNG,CSMI,Fort St. John|Fortis RNG|RNG|CSMI,MISSING_YEAR
2017,Fort St. John,Fortis RNG,RNG,CSMI,Fort St. John|Fortis RNG|RNG|CSMI,MISSING_YEAR
2018,Fort St. John,Fortis RNG,RNG,CSMI,Fort St. John|Fortis RNG|RNG|CSMI,MISSING_YEAR
2019,Fort St. John,Fortis RNG,RNG,CSMI,Fort St. John|Fortis RNG|RNG|CSMI,MISSING_YEAR
2020,Fort St. John,Fortis RNG,RNG,CSMI,Fort St. John|Fortis RNG|RNG|CSMI,MISSING_YEAR
2021,Fort St. John,Fortis RNG,RNG,CSMI,Fort St. John|Fortis RNG|RNG|CSMI,MISSING_YEAR
2007,Fort St. John,Fortis RNG,RNG,CSMI,Fort St. John|Fortis RNG|RNG|CSMI,MISSING_YEAR
2010,Fort St. John,Fortis RNG,RNG,CSMI,Fort St. John|Fortis RNG|RNG|CSMI,MISSING_YEAR
2012,Fort St. John,Fortis RNG,RNG,CSMI,Fort St. John|Fortis RNG|RNG|CSMI,MISSING_YEAR
2013,Fort St. John,Fortis RNG,RNG,CSMI,Fort St. John|Fortis RNG|RNG|CSMI,MISSING_YEAR
2014,Fort St. John,Fortis RNG,RNG,CSMI,Fort St. John|Fortis RNG|RNG|CSMI,MISSING_YEAR
2015,Fort St. John,Fortis RNG,RNG,CSMI,Fort St. John|Fortis RNG|RNG|CSMI,MISSING_YEAR
2016,Whistler,Fortis Gas,PPRO,Res,Whistler|Fortis Gas|PPRO|Res,MISSING_YEAR
2017,Whistler,Fortis Gas,PPRO,Res,Whistler|Fortis Gas|PPRO|Res,MISSING_YEAR
2018,Whistler,Fortis Gas,PPRO,Res,Whistler|Fortis Gas|PPRO|Res,MISSING_YEAR
2019,Whistler,Fortis Gas,PPRO,Res,Whistler|Fortis Gas|PPRO|Res,MISSING_YEAR
2020,Whistler,Fortis Gas,PPRO,Res,Whistler|Fortis Gas|PPRO|Res,MISSING_YEAR
2021,Whistler,Fortis Gas,PPRO,Res,Whistler|Fortis Gas|PPRO|Res,MISSING_YEAR
2022,Whistler,Fortis Gas,PPRO,Res,Whistler|Fortis Gas|PPRO|Res,MISSING_YEAR
2010,Whistler,Fortis Gas,PPRO,Res,Whistler|Fortis Gas|PPRO|Res,MISSING_YEAR
2012,Whistler,Fortis Gas,PPRO,Res,Whistler|Fortis Gas|PPRO|Res,MISSING_YEAR
2013,Whistler,Fortis Gas,PPRO,Res,Whistler|Fortis Gas|PPRO|Res,MISSING_YEAR
2014,Whistler,Fortis Gas,PPRO,Res,Whistler|Fortis Gas|PPRO|Res,MISSING_YEAR
2015,Whistler,Fortis Gas,PPRO,Res,Whistler|Fortis Gas|PPRO|Res,MISSING_YEAR
2017,Golden,Cal-gas,PPRO,Res,Golden|Cal-gas|PPRO|Res,MISSING_YEAR
2018,Golden,Cal-gas,PPRO,Res,Golden|Cal-gas|PPRO|Res,MISSING_YEAR
2019,Golden,Cal-gas,PPRO,Res,Golden|Cal-gas|PPRO|Res,MISSING_YEAR
2020,Golden,Cal-gas,PPRO,Res,Golden|Cal-gas|PPRO|Res,MISSING_YEAR
2021,Golden,Cal-gas,PPRO,Res,Golden|Cal-gas|PPRO|Res,MISSING_YEAR
2022,Golden,Cal-gas,PPRO,Res,Golden|Cal-gas|PPRO|Res,MISSING_YEAR
2013,Golden,Cal-gas,PPRO,Res,Golden|Cal-gas|PPRO|Res,MISSING_YEAR
2017,Golden,Cal-gas,PPRO,CSMI,Golden|Cal-gas|PPRO|CSMI,MISSING_YEAR
2018,Golden,Cal-gas,PPRO,CSMI,Golden|Cal-gas|PPRO|CSMI,MISSING_YEAR
2019,Golden,Cal-gas,PPRO,CSMI,Golden|Cal-gas|PPRO|CSMI,MISSING_YEAR
2020,Golden,Cal-gas,PPRO,CSMI,Golden|Cal-gas|PPRO|CSMI,MISSING_YEAR
2021,Golden,Cal-gas,PPRO,CSMI,Golden|Cal-gas|PPRO|CSMI,MISSING_YEAR
2022,Golden,Cal-gas,PPRO,CSMI,Golden|Cal-gas|PPRO|CSMI,MISSING_YEAR
2012,Golden,Cal-gas,PPRO,CSMI,Golden|Cal-gas|PPRO|CSMI,MISSING_YEAR
2013,Golden,Cal-gas,PPRO,CSMI,Golden|Cal-gas|PPRO|CSMI,MISSING_YEAR
2014,Golden,Cal-gas,PPRO,CSMI,Golden|Cal-gas|PPRO|CSMI,MISSING_YEAR
2016,Kelowna,Kelowna Electrical ,ELEC,Res,Kelowna|Kelowna Electrical |ELEC|Res,MISSING_YEAR
2017,Kelowna,Kelowna Electrical ,ELEC,Res,Kelowna|Kelowna Electrical |ELEC|Res,MISSING_YEAR
2018,Kelowna,Kelowna Electrical ,ELEC,Res,Kelowna|Kelowna Electrical |ELEC|Res,MISSING_YEAR
2019,Kelowna,Kelowna Electrical ,ELEC,Res,Kelowna|Kelowna Electrical |ELEC|Res,MISSING_YEAR
2020,Kelowna,Kelowna Electrical ,ELEC,Res,Kelowna|Kelowna Electrical |ELEC|Res,MISSING_YEAR
2021,Kelowna,Kelowna Electrical ,ELEC,Res,Kelowna|Kelowna Electrical |ELEC|Res,MISSING_YEAR
2022,Kelowna,Kelowna Electrical ,ELEC,Res,Kelowna|Kelowna Electrical |ELEC|Res,MISSING_YEAR
2013,Kelowna,Kelowna Electrical ,ELEC,Res,Kelowna|Kelowna Electrical |ELEC|Res,MISSING_YEAR
2014,Kelowna,Kelowna Electrical ,ELEC,Res,Kelowna|Kelowna Electrical |ELEC|Res,MISSING_YEAR
2015,Kelowna,Kelowna Electrical ,ELEC,Res,Kelowna|Kelowna Electrical |ELEC|Res,MISSING_YEAR
2016,Kelowna,Kelowna Electrical ,ELEC,CSMI,Kelowna|Kelowna Electrical |ELEC|CSMI,MISSING_YEAR
2017,Kelowna,Kelowna Electrical ,ELEC,CSMI,Kelowna|Kelowna Electrical |ELEC|CSMI,MISSING_YEAR
2018,Kelowna,Kelowna Electrical ,ELEC,CSMI,Kelowna|Kelowna Electrical |ELEC|CSMI,MISSING_YEAR
2019,Kelowna,Kelowna Electrical ,ELEC,CSMI,Kelowna|Kelowna Electrical |ELEC|CSMI,MISSING_YEAR
2020,Kelowna,Kelowna Electrical ,ELEC,CSMI,Kelowna|Kelowna Electrical |ELEC|CSMI,MISSING_YEAR
2021,Kelowna,Kelowna Electrical ,ELEC,CSMI,Kelowna|Kelowna Electrical |ELEC|CSMI,MISSING_YEAR
2022,Kelowna,Kelowna Electrical ,ELEC,CSMI,Kelowna|Kelowna Electrical |ELEC|CSMI,MISSING_YEAR
2013,Kelowna,Kelowna Electrical ,ELEC,CSMI,Kelowna|Kelowna Electrical |ELEC|CSMI,MISSING_YEAR
2014,Kelowna,Kelowna Electrical ,ELEC,CSMI,Kelowna|Kelowna Electrical |ELEC|CSMI,MISSING_YEAR
2015,Kelowna,Kelowna Electrical ,ELEC,CSMI,Kelowna|Kelowna Electrical |ELEC|CSMI,MISSING_YEAR
2013,New Westminster,New Westminster Electrical Utility,ELEC,Res,New Westminster|New Westminster Electrical Utility|ELEC|Res,MISSING_YEAR
2013,New Westminster,New Westminster Electrical Utility,ELEC,CSMI,New Westminster|New Westminster Electrical Utility|ELEC|CSMI,MISSING_YEAR
2013,Nelson,Nelson Electric,ELEC,Res,Nelson|Nelson Electric|ELEC|Res,MISSING_YEAR
2013,Nelson,Nelson Electric,ELEC,CSMI,Nelson|Nelson Electric|ELEC|CSMI,MISSING_YEAR
2013,Grand Forks,City of Grand Forks,ELEC,Res,Grand Forks|City of Grand Forks|ELEC|Res,MISSING_YEAR
2013,Grand Forks,City of Grand Forks,ELEC,CSMI,Grand Forks|City of Grand Forks|ELEC|CSMI,MISSING_YEAR
2013,Penticton,City of Penticton ,ELEC,Res,Penticton|City of Penticton |ELEC|Res,MISSING_YEAR
2013,Penticton,City of Penticton ,ELEC,CSMI,Penticton|City of Penticton |ELEC|CSMI,MISSING_YEAR
2013,Port Alice,Port Alice Gas,PPRO,Res,Port Alice|Port Alice Gas|PPRO|Res,MISSING_YEAR
2013,Port Alice,Port Alice Gas,PPRO,CSMI,Port Alice|Port Alice Gas|PPRO|CSMI,MISSING_YEAR
2016,Princeton,Princeton Electric,ELEC,Res,Princeton|Princeton Electric|ELEC|Res,MISSING_YEAR
2017,Princeton,Princeton Electric,ELEC,Res,Princeton|Princeton Electric|ELEC|Res,MISSING_YEAR
2018,Princeton,Princeton Electric,ELEC,Res,Princeton|Princeton Electric|ELEC|Res,MISSING_YEAR
2019,Princeton,Princeton Electric,ELEC,Res,Princeton|Princeton Electric|ELEC|Res,MISSING_YEAR
2020,Princeton,Princeton Electric,ELEC,Res,Princeton|Princeton Electric|ELEC|Res,MISSING_YEAR
2021,Princeton,Princeton Electric,ELEC,Res,Princeton|Princeton Electric|ELEC|Res,MISSING_YEAR
2022,Princeton,Princeton Electric,ELEC,Res,Princeton|Princeton Electric|ELEC|Res,MISSING_YEAR
2010,Princeton,Princeton Electric,ELEC,Res,Princeton|Princeton Electric|ELEC|Res,MISSING_YEAR
2012,Princeton,Princeton Electric,ELEC,Res,Princeton|Princeton Electric|ELEC|Res,MISSING_YEAR
2013,Princeton,Princeton Electric,ELEC,Res,Princeton|Princeton Electric|ELEC|Res,MISSING_YEAR
2014,Princeton,Princeton Electric,ELEC,Res,Princeton|Princeton Electric|ELEC|Res,MISSING_YEAR
2015,Princeton,Princeton Electric,ELEC,Res,Princeton|Princeton Electric|ELEC|Res,MISSING_YEAR
2016,Princeton,Princeton Electric,ELEC,CSMI,Princeton|Princeton Electric|ELEC|CSMI,MISSING_YEAR
2017,Princeton,Princeton Electric,ELEC,CSMI,Princeton|Princeton Electric|ELEC|CSMI,MISSING_YEAR
2018,Princeton,Princeton Electric,ELEC,CSMI,Princeton|Princeton Electric|ELEC|CSMI,MISSING_YEAR
2019,Princeton,Princeton Electric,ELEC,CSMI,Princeton|Princeton Electric|ELEC|CSMI,MISSING_YEAR
2020,Princeton,Princeton Electric,ELEC,CSMI,Princeton|Princeton Electric|ELEC|CSMI,MISSING_YEAR
2021,Princeton,Princeton Electric,ELEC,CSMI,Princeton|Princeton Electric|ELEC|CSMI,MISSING_YEAR
2022,Princeton,Princeton Electric,ELEC,CSMI,Princeton|Princeton Electric|ELEC|CSMI,MISSING_YEAR
2010,Princeton,Princeton Electric,ELEC,CSMI,Princeton|Princeton Electric|ELEC|CSMI,MISSING_YEAR
2012,Princeton,Princeton Electric,ELEC,CSMI,Princeton|Princeton Electric|ELEC|CSMI,MISSING_YEAR
2013,Princeton,Princeton Electric,ELEC,CSMI,Princeton|Princeton Electric|ELEC|CSMI,MISSING_YEAR
2014,Princeton,Princeton Electric,ELEC,CSMI,Princeton|Princeton Electric|ELEC|CSMI,MISSING_YEAR
2015,Princeton,Princeton Electric,ELEC,CSMI,Princeton|Princeton Electric|ELEC|CSMI,MISSING_YEAR
2013,Summerland,City of Summerland ,ELEC,Res,Summerland|City of Summerland |ELEC|Res,MISSING_YEAR
2013,Summerland,City of Summerland ,ELEC,CSMI,Summerland|City of Summerland |ELEC|CSMI,MISSING_YEAR
